Customer_ID,Age,Gender,Region,Account_Creation_Date,Subscription_Plan,Monthly_Charges,Payment_Method,Auto_Renewal,Contract_Length,Average_Watch_Hours_Per_Week,Favorite_Genre,Devices_Registered,Login_Frequency_Per_Week,Download_For_Offline_Count,Customer_Support_Calls,Streaming_Quality_Issues,Days_Since_Last_Login,Churn_Status,Churn_Reason
CUST_1001,24,Female,North America,2022-01-23,Standard,13.61,PayPal,Yes,Annual,18.6,Comedy,2,9,20,0,1,13,Active,Not Churned
CUST_1002,46,Female,Middle East & Africa,2023-09-24,Standard,13.8,PayPal,Yes,Annual,9.9,Comedy,5,11,9,0,2,10,Active,Not Churned
CUST_1003,29,Female,Europe,2022-09-03,Premium,20.09,Carrier Billing,Yes,Annual,9.0,Anime,4,5,10,2,0,24,Active,Not Churned
CUST_1004,51,Male,North America,2023-10-22,Standard,13.77,Credit Card,No,Monthly,3.2,Sci-Fi,1,7,0,1,1,10,Active,Not Churned
CUST_1005,21,Male,Middle East & Africa,2021-05-01,Basic,7.89,PayPal,No,Monthly,17.3,Comedy,4,14,11,1,1,4,Active,Not Churned
CUST_1006,31,Female,Latin America,2024-11-30,Premium,20.14,PayPal,Yes,Annual,6.9,Thriller,2,2,8,1,1,32,Active,Not Churned
CUST_1007,19,Female,North America,2025-09-21,Standard,13.87,Direct Debit,Yes,Annual,10.2,Family,3,9,4,2,2,24,Active,Not Churned
CUST_1008,18,Male,Europe,2024-04-26,Premium,20.07,Direct Debit,Yes,Annual,10.4,Sci-Fi,3,6,0,1,4,24,Active,Not Churned
CUST_1009,27,Female,Europe,2023-10-28,Basic,8.55,Credit Card,Yes,Monthly,22.0,Comedy,2,11,15,2,3,29,Churned,Switched to competitor
CUST_1010,41,Other,Europe,2022-03-08,Standard,13.93,Credit Card,Yes,Annual,8.5,Thriller,2,7,7,1,0,25,Churned,Lack of content
CUST_1011,27,Male,Asia Pacific,2025-02-16,Standard,14.4,Credit Card,Yes,Monthly,6.3,Drama,3,3,10,1,3,24,Active,Not Churned
CUST_1012,40,Male,North America,2021-09-05,Premium,20.19,Direct Debit,Yes,Annual,11.3,Anime,3,8,8,0,1,8,Active,Not Churned
CUST_1013,25,Other,Europe,2023-08-07,Standard,13.48,Direct Debit,Yes,Monthly,10.6,Drama,3,5,8,0,1,26,Active,Not Churned
CUST_1014,47,Female,Asia Pacific,2021-01-29,Premium,19.6,Credit Card,Yes,Annual,32.7,Drama,5,18,22,2,0,0,Active,Not Churned
CUST_1015,25,Male,Asia Pacific,2025-02-04,Standard,13.7,Direct Debit,Yes,Monthly,8.4,Sci-Fi,4,8,10,1,1,13,Active,Not Churned
CUST_1016,48,Female,North America,2024-08-22,Basic,7.69,Carrier Billing,No,Monthly,3.3,Action,3,4,2,3,1,28,Active,Not Churned
CUST_1017,34,Female,Latin America,2023-12-14,Standard,13.96,Credit Card,Yes,Annual,6.9,Sci-Fi,2,4,9,2,2,32,Churned,Lack of content
CUST_1018,23,Female,Asia Pacific,2023-10-15,Basic,8.21,Credit Card,No,Monthly,9.3,Thriller,4,7,6,0,0,22,Active,Not Churned
CUST_1019,25,Female,Middle East & Africa,2021-01-31,Premium,20.43,Credit Card,Yes,Monthly,12.3,Documentary,4,5,9,0,1,22,Active,Not Churned
CUST_1020,37,Male,Europe,2022-10-24,Standard,14.1,Direct Debit,Yes,Annual,3.0,Anime,1,1,6,2,1,15,Churned,Payment issues
CUST_1021,22,Male,Middle East & Africa,2023-01-23,Standard,13.83,Digital Wallet,No,Monthly,6.5,Action,4,4,8,0,1,30,Active,Not Churned
CUST_1022,36,Male,North America,2021-08-04,Standard,13.26,Credit Card,Yes,Monthly,21.9,Action,4,14,15,1,2,4,Active,Not Churned
CUST_1023,26,Male,Middle East & Africa,2022-10-19,Premium,20.01,Carrier Billing,Yes,Annual,6.2,Thriller,1,5,2,1,2,27,Churned,Low usage
CUST_1024,23,Male,Latin America,2021-12-19,Premium,20.0,PayPal,Yes,Annual,15.1,Thriller,5,10,5,2,1,15,Active,Not Churned
CUST_1025,25,Male,Europe,2023-09-15,Standard,14.05,Carrier Billing,Yes,Monthly,7.1,Action,2,5,5,1,0,37,Active,Not Churned
CUST_1026,18,Male,North America,2024-03-19,Basic,8.73,Carrier Billing,No,Monthly,8.0,Sci-Fi,5,4,9,0,1,38,Active,Not Churned
CUST_1027,35,Female,Latin America,2023-05-17,Standard,14.42,Direct Debit,No,Monthly,3.3,Family,4,6,5,2,1,19,Active,Not Churned
CUST_1028,35,Female,Europe,2021-10-03,Basic,8.26,Credit Card,Yes,Annual,6.8,Thriller,5,4,6,0,1,14,Active,Not Churned
CUST_1029,26,Female,Asia Pacific,2021-12-28,Basic,7.65,Credit Card,Yes,Monthly,9.2,Sci-Fi,4,7,7,0,2,11,Active,Not Churned
CUST_1030,26,Male,Europe,2023-09-28,Standard,13.81,Credit Card,Yes,Monthly,8.5,Comedy,4,6,8,1,1,23,Churned,Too expensive
CUST_1031,18,Male,North America,2022-01-21,Standard,13.96,Credit Card,No,Annual,7.8,Sci-Fi,4,6,3,1,0,16,Active,Not Churned
CUST_1032,27,Female,North America,2023-03-02,Premium,19.72,Direct Debit,Yes,Annual,13.1,Action,3,7,12,2,0,11,Active,Not Churned
CUST_1033,38,Female,Middle East & Africa,2024-08-16,Basic,8.17,Direct Debit,Yes,Annual,3.1,Anime,4,5,6,2,2,22,Active,Not Churned
CUST_1034,26,Female,Europe,2024-05-30,Standard,14.11,PayPal,Yes,Monthly,10.2,Comedy,5,9,7,2,2,22,Active,Not Churned
CUST_1035,36,Female,Europe,2022-07-31,Standard,13.61,Credit Card,Yes,Monthly,2.1,Action,1,4,4,1,0,22,Active,Not Churned
CUST_1036,39,Male,Asia Pacific,2025-02-17,Basic,8.41,Credit Card,Yes,Monthly,15.2,Action,2,9,5,0,1,12,Active,Not Churned
CUST_1037,21,Male,Latin America,2024-08-16,Basic,8.03,Digital Wallet,Yes,Monthly,7.2,Anime,3,4,7,1,2,24,Active,Not Churned
CUST_1038,55,Male,Europe,2025-07-18,Standard,13.38,Direct Debit,No,Monthly,13.3,Anime,3,13,9,2,1,9,Active,Not Churned
CUST_1039,42,Male,Latin America,2023-05-31,Basic,7.97,Digital Wallet,Yes,Monthly,0.7,Thriller,6,1,6,0,1,30,Active,Not Churned
CUST_1040,30,Male,North America,2025-09-25,Standard,14.09,PayPal,Yes,Annual,12.2,Action,2,9,8,1,2,20,Active,Not Churned
CUST_1041,18,Male,Latin America,2024-04-29,Standard,14.33,Credit Card,Yes,Annual,5.4,Action,1,5,8,1,3,15,Active,Not Churned
CUST_1042,23,Female,Middle East & Africa,2023-04-23,Premium,19.87,Carrier Billing,Yes,Annual,10.0,Thriller,2,6,6,0,0,19,Active,Not Churned
CUST_1043,53,Male,Middle East & Africa,2022-09-17,Standard,14.28,Digital Wallet,No,Annual,12.3,Action,3,8,2,0,0,12,Active,Not Churned
CUST_1044,38,Female,North America,2024-07-02,Basic,8.06,PayPal,Yes,Monthly,7.6,Action,5,4,6,1,1,17,Active,Not Churned
CUST_1045,28,Male,Asia Pacific,2024-05-08,Premium,19.53,Credit Card,Yes,Monthly,12.8,Family,6,9,10,2,0,13,Churned,Payment issues
CUST_1046,29,Female,Middle East & Africa,2024-03-20,Premium,19.49,Direct Debit,Yes,Monthly,8.4,Action,5,6,7,1,1,29,Churned,Too expensive
CUST_1047,47,Male,Latin America,2022-11-28,Standard,14.38,Direct Debit,Yes,Monthly,16.6,Sci-Fi,3,15,12,3,0,12,Active,Not Churned
CUST_1048,38,Male,Middle East & Africa,2023-08-10,Basic,8.41,Carrier Billing,Yes,Monthly,7.2,Thriller,5,7,4,0,2,21,Active,Not Churned
CUST_1049,29,Female,Asia Pacific,2024-03-30,Standard,14.1,Direct Debit,Yes,Monthly,8.0,Drama,2,6,5,1,1,15,Active,Not Churned
CUST_1050,18,Female,Latin America,2023-12-09,Basic,8.51,Digital Wallet,Yes,Monthly,7.4,Sci-Fi,2,6,3,1,2,13,Active,Not Churned
CUST_1051,31,Male,North America,2024-08-14,Basic,8.36,PayPal,Yes,Annual,7.9,Family,4,9,0,0,1,8,Active,Not Churned
CUST_1052,39,Female,North America,2024-10-30,Basic,8.23,Direct Debit,Yes,Monthly,3.2,Drama,2,1,3,2,1,31,Churned,Payment issues
CUST_1053,38,Female,Latin America,2025-10-19,Premium,19.67,Direct Debit,Yes,Monthly,6.1,Thriller,1,4,3,2,0,24,Churned,Low usage
CUST_1054,23,Female,Latin America,2025-04-14,Standard,14.6,PayPal,Yes,Monthly,14.3,Anime,5,5,13,4,0,20,Churned,Switched to competitor
CUST_1055,33,Female,North America,2021-10-16,Standard,14.18,Digital Wallet,Yes,Monthly,13.3,Documentary,4,9,3,2,3,27,Active,Not Churned
CUST_1056,39,Female,Latin America,2022-02-18,Premium,19.85,Credit Card,Yes,Annual,14.1,Comedy,5,10,11,0,2,18,Active,Not Churned
CUST_1057,48,Male,North America,2021-03-05,Standard,13.76,Direct Debit,Yes,Monthly,11.0,Documentary,2,5,14,3,0,5,Active,Not Churned
CUST_1058,30,Female,Asia Pacific,2021-05-26,Standard,14.08,PayPal,Yes,Annual,6.4,Anime,2,7,5,1,2,22,Active,Not Churned
CUST_1059,51,Female,Asia Pacific,2021-01-18,Basic,7.41,Credit Card,Yes,Monthly,5.3,Thriller,5,3,5,1,0,30,Active,Not Churned
CUST_1060,39,Female,Latin America,2022-01-30,Basic,8.23,Credit Card,Yes,Monthly,7.7,Drama,1,5,8,2,1,25,Active,Not Churned
CUST_1061,28,Female,Europe,2021-12-25,Standard,13.66,Credit Card,Yes,Monthly,15.6,Action,5,10,12,1,1,18,Active,Not Churned
CUST_1062,23,Female,North America,2024-12-23,Standard,14.12,Credit Card,Yes,Monthly,9.6,Comedy,1,9,6,0,3,17,Active,Not Churned
CUST_1063,18,Male,Latin America,2024-03-16,Standard,13.81,Direct Debit,Yes,Annual,4.7,Documentary,4,2,2,0,1,26,Active,Not Churned
CUST_1064,24,Female,Middle East & Africa,2023-10-26,Standard,13.9,PayPal,No,Monthly,3.4,Sci-Fi,4,4,6,2,1,25,Active,Not Churned
CUST_1065,49,Female,Asia Pacific,2021-12-30,Standard,13.73,Direct Debit,Yes,Monthly,13.5,Sci-Fi,5,10,4,1,1,16,Active,Not Churned
CUST_1066,29,Male,Middle East & Africa,2024-03-21,Standard,13.93,Digital Wallet,Yes,Monthly,18.3,Drama,2,12,15,0,3,9,Active,Not Churned
CUST_1067,18,Female,North America,2025-12-10,Standard,14.65,Credit Card,Yes,Monthly,2.9,Drama,5,4,2,3,1,34,Active,Not Churned
CUST_1068,25,Female,Asia Pacific,2024-10-12,Basic,8.47,Credit Card,Yes,Monthly,13.0,Drama,3,9,9,1,2,28,Active,Not Churned
CUST_1069,34,Female,Europe,2021-04-12,Basic,8.11,Credit Card,Yes,Annual,10.1,Sci-Fi,5,6,6,0,1,16,Active,Not Churned
CUST_1070,30,Female,Asia Pacific,2022-01-07,Standard,13.98,Direct Debit,No,Annual,5.3,Sci-Fi,3,7,9,2,0,11,Active,Not Churned
CUST_1071,37,Female,Europe,2021-03-11,Basic,8.29,Direct Debit,Yes,Monthly,9.0,Family,4,6,8,0,0,9,Active,Not Churned
CUST_1072,30,Female,North America,2024-05-30,Standard,14.39,Credit Card,No,Monthly,4.2,Comedy,4,3,3,0,0,26,Churned,Technical issues
CUST_1073,28,Male,Asia Pacific,2025-11-10,Premium,19.7,Carrier Billing,Yes,Monthly,8.9,Action,3,8,6,1,1,22,Active,Not Churned
CUST_1074,33,Female,Asia Pacific,2021-10-30,Basic,7.96,Credit Card,Yes,Monthly,8.0,Sci-Fi,5,4,6,2,0,27,Churned,Lack of content
CUST_1075,22,Female,Asia Pacific,2025-09-17,Basic,7.35,Direct Debit,Yes,Monthly,15.8,Sci-Fi,4,10,18,0,0,15,Active,Not Churned
CUST_1076,35,Female,Latin America,2023-10-07,Basic,8.38,Carrier Billing,Yes,Monthly,6.7,Anime,2,4,2,0,4,25,Churned,Too expensive
CUST_1077,24,Female,Middle East & Africa,2023-08-05,Basic,8.71,Digital Wallet,Yes,Monthly,5.0,Thriller,4,9,8,0,0,0,Active,Not Churned
CUST_1078,32,Male,Latin America,2021-08-21,Standard,14.02,Credit Card,Yes,Annual,10.4,Comedy,2,11,9,0,2,10,Active,Not Churned
CUST_1079,37,Female,Europe,2021-01-29,Standard,13.25,Credit Card,Yes,Monthly,11.7,Action,2,7,13,2,1,32,Active,Not Churned
CUST_1080,30,Male,Middle East & Africa,2022-03-20,Premium,20.2,PayPal,Yes,Monthly,6.9,Family,4,6,8,1,0,21,Active,Not Churned
CUST_1081,33,Female,Asia Pacific,2023-08-14,Standard,13.67,PayPal,Yes,Monthly,4.6,Comedy,3,4,5,1,2,29,Churned,Lack of content
CUST_1082,40,Female,Middle East & Africa,2023-12-27,Standard,13.76,Direct Debit,Yes,Monthly,4.8,Action,4,3,8,0,3,35,Active,Not Churned
CUST_1083,26,Other,Europe,2021-08-03,Premium,20.21,Direct Debit,No,Monthly,17.8,Drama,2,11,12,0,3,9,Active,Not Churned
CUST_1084,50,Female,North America,2025-10-03,Basic,8.08,Credit Card,Yes,Monthly,10.7,Sci-Fi,1,7,10,2,1,22,Active,Not Churned
CUST_1085,21,Male,Asia Pacific,2021-11-29,Basic,7.82,Credit Card,Yes,Monthly,6.4,Family,4,2,10,1,2,33,Active,Not Churned
CUST_1086,46,Female,North America,2022-11-26,Basic,7.76,Digital Wallet,No,Annual,14.3,Action,2,9,10,0,0,7,Active,Not Churned
CUST_1087,38,Female,Middle East & Africa,2023-01-19,Standard,14.03,PayPal,Yes,Monthly,5.5,Thriller,2,4,4,0,1,26,Active,Not Churned
CUST_1088,38,Female,Asia Pacific,2024-03-11,Standard,13.85,PayPal,Yes,Annual,8.2,Action,6,6,5,1,2,32,Churned,Too expensive
CUST_1089,44,Male,Europe,2025-04-28,Basic,7.6,Credit Card,Yes,Monthly,3.5,Anime,2,3,5,0,1,22,Churned,Lack of content
CUST_1090,34,Male,North America,2025-04-02,Standard,13.87,Credit Card,No,Monthly,14.7,Drama,2,8,7,0,1,5,Active,Not Churned
CUST_1091,36,Other,Europe,2025-05-24,Basic,8.11,PayPal,Yes,Monthly,4.6,Comedy,1,5,3,2,0,23,Active,Not Churned
CUST_1092,34,Female,Europe,2022-06-26,Standard,13.93,PayPal,No,Monthly,5.4,Thriller,4,5,2,1,0,16,Churned,Too expensive
CUST_1093,42,Male,North America,2023-07-15,Standard,13.5,Credit Card,Yes,Monthly,10.5,Anime,6,9,9,0,2,18,Active,Not Churned
CUST_1094,44,Male,North America,2025-05-01,Standard,14.34,Carrier Billing,Yes,Monthly,2.0,Thriller,3,3,1,0,1,19,Active,Not Churned
CUST_1095,34,Female,Asia Pacific,2024-04-24,Basic,7.03,Digital Wallet,Yes,Annual,3.0,Drama,1,3,0,2,0,26,Active,Not Churned
CUST_1096,30,Female,North America,2024-06-04,Standard,13.83,Credit Card,No,Monthly,12.6,Sci-Fi,2,9,6,0,0,22,Churned,Switched to competitor
CUST_1097,23,Male,Asia Pacific,2023-05-13,Standard,13.77,Direct Debit,Yes,Monthly,4.8,Drama,1,1,3,1,1,29,Churned,Lack of content
CUST_1098,36,Male,Asia Pacific,2022-02-17,Basic,8.04,Credit Card,Yes,Monthly,26.0,Thriller,4,18,15,1,0,0,Active,Not Churned
CUST_1099,29,Female,North America,2021-07-05,Basic,8.19,Credit Card,Yes,Monthly,8.7,Sci-Fi,2,6,8,1,4,29,Active,Not Churned
CUST_1100,18,Male,Middle East & Africa,2023-05-05,Premium,20.38,Credit Card,Yes,Monthly,4.1,Sci-Fi,4,7,4,0,1,18,Churned,Lack of content
CUST_1101,32,Female,Europe,2024-08-09,Premium,19.74,Credit Card,Yes,Annual,2.9,Drama,6,1,5,0,0,28,Active,Not Churned
CUST_1102,34,Female,Latin America,2025-01-07,Standard,14.2,PayPal,Yes,Monthly,18.8,Action,4,9,14,1,1,23,Active,Not Churned
CUST_1103,42,Female,North America,2025-07-06,Basic,8.06,Credit Card,No,Monthly,8.7,Sci-Fi,3,7,9,1,3,19,Active,Not Churned
CUST_1104,33,Male,North America,2023-05-10,Premium,19.39,Credit Card,Yes,Monthly,9.0,Drama,1,7,1,0,1,16,Active,Not Churned
CUST_1105,23,Female,North America,2025-08-02,Standard,14.66,Credit Card,Yes,Monthly,9.4,Action,5,7,4,0,1,11,Active,Not Churned
CUST_1106,44,Male,Europe,2024-07-11,Standard,13.49,Direct Debit,No,Annual,2.8,Documentary,4,3,5,0,0,25,Active,Not Churned
CUST_1107,18,Female,Europe,2025-01-05,Standard,14.14,Digital Wallet,Yes,Monthly,8.4,Documentary,2,5,7,1,0,22,Active,Not Churned
CUST_1108,18,Female,North America,2022-04-29,Basic,8.13,Credit Card,No,Monthly,4.3,Action,2,1,7,0,0,25,Churned,Lack of content
CUST_1109,31,Male,Europe,2021-11-05,Basic,8.09,Credit Card,Yes,Annual,7.4,Thriller,5,6,1,0,0,23,Active,Not Churned
CUST_1110,30,Female,North America,2022-04-06,Premium,19.82,Credit Card,Yes,Annual,7.8,Family,2,3,5,0,3,21,Churned,Low usage
CUST_1111,31,Male,Middle East & Africa,2021-11-14,Standard,14.28,Digital Wallet,Yes,Monthly,9.1,Thriller,1,4,6,3,3,31,Active,Not Churned
CUST_1112,25,Male,Europe,2024-12-15,Basic,7.44,Carrier Billing,Yes,Monthly,6.4,Drama,2,4,6,1,0,27,Active,Not Churned
CUST_1113,43,Male,Latin America,2024-04-22,Basic,7.97,PayPal,No,Monthly,5.5,Thriller,3,5,5,1,1,19,Churned,Switched to competitor
CUST_1114,31,Female,Middle East & Africa,2023-03-19,Standard,13.79,Credit Card,Yes,Monthly,4.7,Documentary,4,7,6,0,3,12,Active,Not Churned
CUST_1115,20,Female,Middle East & Africa,2022-01-17,Basic,7.75,PayPal,Yes,Monthly,2.2,Documentary,2,4,3,0,1,12,Active,Not Churned
CUST_1116,37,Male,Asia Pacific,2024-05-29,Premium,20.14,Credit Card,Yes,Monthly,3.8,Action,3,6,8,0,2,23,Active,Not Churned
CUST_1117,25,Female,Europe,2023-05-13,Standard,14.37,Credit Card,Yes,Monthly,3.7,Comedy,2,5,9,2,1,36,Active,Not Churned
CUST_1118,24,Male,Middle East & Africa,2025-12-08,Standard,13.87,PayPal,Yes,Monthly,12.0,Action,1,8,5,1,3,17,Churned,Technical issues
CUST_1119,32,Female,Middle East & Africa,2022-08-13,Standard,14.26,Direct Debit,Yes,Annual,4.5,Family,1,8,5,0,2,22,Active,Not Churned
CUST_1120,49,Male,Latin America,2025-12-17,Standard,14.01,Carrier Billing,Yes,Monthly,5.7,Drama,5,2,8,1,1,11,Active,Not Churned
CUST_1121,18,Female,Asia Pacific,2023-07-10,Standard,13.68,Credit Card,Yes,Monthly,5.7,Family,5,4,7,2,1,28,Churned,Too expensive
CUST_1122,18,Male,North America,2023-05-31,Standard,13.9,PayPal,Yes,Monthly,6.5,Thriller,2,4,4,0,0,14,Active,Not Churned
CUST_1123,24,Female,Asia Pacific,2024-10-30,Basic,7.89,Direct Debit,Yes,Annual,10.2,Drama,4,8,8,0,2,16,Active,Not Churned
CUST_1124,50,Male,North America,2023-10-27,Standard,13.75,Digital Wallet,Yes,Monthly,7.0,Comedy,3,3,1,1,3,30,Active,Not Churned
CUST_1125,22,Female,North America,2021-03-04,Basic,8.14,Digital Wallet,Yes,Monthly,12.6,Anime,1,9,9,1,1,4,Active,Not Churned
CUST_1126,43,Male,Europe,2022-07-21,Standard,14.07,Credit Card,Yes,Annual,3.8,Action,4,4,0,1,0,45,Active,Not Churned
CUST_1127,41,Female,Europe,2021-07-18,Basic,7.43,PayPal,Yes,Monthly,11.8,Sci-Fi,5,9,10,2,2,15,Active,Not Churned
CUST_1128,44,Female,Asia Pacific,2023-12-18,Basic,7.41,Digital Wallet,No,Annual,16.8,Comedy,4,11,8,0,1,16,Active,Not Churned
CUST_1129,24,Female,Europe,2024-02-29,Basic,8.14,PayPal,Yes,Annual,7.6,Action,1,8,7,1,0,26,Active,Not Churned
CUST_1130,34,Female,North America,2025-03-05,Standard,13.7,Credit Card,Yes,Monthly,4.3,Documentary,5,4,5,1,0,25,Active,Not Churned
CUST_1131,40,Male,Asia Pacific,2025-01-09,Basic,8.1,Direct Debit,Yes,Annual,10.3,Anime,6,8,8,1,1,9,Churned,Low usage
CUST_1132,37,Male,Europe,2021-10-22,Premium,20.26,PayPal,Yes,Annual,9.7,Thriller,2,5,5,4,1,27,Active,Not Churned
CUST_1133,61,Male,Asia Pacific,2023-05-11,Standard,13.55,Direct Debit,Yes,Monthly,10.0,Family,2,5,7,1,3,14,Active,Not Churned
CUST_1134,52,Male,Europe,2021-05-07,Basic,7.5,Digital Wallet,Yes,Monthly,12.8,Drama,4,11,13,0,2,11,Active,Not Churned
CUST_1135,45,Female,Europe,2023-08-02,Standard,14.58,PayPal,Yes,Monthly,6.7,Anime,3,3,4,3,0,38,Active,Not Churned
CUST_1136,40,Female,Latin America,2023-02-17,Basic,8.11,PayPal,Yes,Monthly,5.4,Comedy,4,5,5,3,1,15,Active,Not Churned
CUST_1137,41,Female,Latin America,2023-09-26,Premium,19.84,PayPal,No,Monthly,30.9,Anime,3,18,17,1,1,0,Active,Not Churned
CUST_1138,44,Male,Latin America,2023-07-06,Standard,13.66,PayPal,Yes,Monthly,11.1,Drama,3,9,11,3,0,29,Active,Not Churned
CUST_1139,51,Female,Asia Pacific,2025-11-11,Premium,19.81,PayPal,No,Monthly,16.1,Drama,3,7,11,2,1,19,Active,Not Churned
CUST_1140,25,Female,Middle East & Africa,2021-02-21,Basic,7.57,Direct Debit,Yes,Monthly,12.4,Thriller,4,9,7,1,1,10,Active,Not Churned
CUST_1141,45,Female,Asia Pacific,2024-06-05,Standard,14.3,Credit Card,No,Annual,14.9,Drama,4,9,10,3,2,23,Active,Not Churned
CUST_1142,36,Female,North America,2022-10-21,Standard,13.72,Carrier Billing,Yes,Monthly,10.2,Comedy,4,6,7,4,1,21,Active,Not Churned
CUST_1143,44,Male,Asia Pacific,2024-12-22,Premium,20.37,Carrier Billing,Yes,Annual,15.2,Thriller,4,9,15,1,0,0,Active,Not Churned
CUST_1144,34,Male,Asia Pacific,2021-09-20,Standard,13.85,Credit Card,Yes,Monthly,5.7,Drama,3,6,5,1,2,13,Active,Not Churned
CUST_1145,29,Male,Middle East & Africa,2025-12-15,Standard,13.62,Credit Card,No,Monthly,2.8,Sci-Fi,2,4,0,1,0,37,Active,Not Churned
CUST_1146,29,Female,Asia Pacific,2025-11-16,Basic,7.84,Direct Debit,Yes,Monthly,4.1,Drama,5,3,6,2,5,37,Churned,Technical issues
CUST_1147,35,Male,North America,2025-06-30,Basic,7.07,Digital Wallet,Yes,Monthly,7.0,Drama,1,3,11,2,2,39,Churned,Too expensive
CUST_1148,39,Male,Europe,2024-01-31,Standard,13.95,Credit Card,Yes,Monthly,7.1,Drama,3,3,9,2,1,20,Active,Not Churned
CUST_1149,29,Male,Europe,2024-05-17,Standard,13.93,Carrier Billing,Yes,Monthly,8.4,Drama,5,7,3,3,0,19,Active,Not Churned
CUST_1150,19,Male,Asia Pacific,2024-03-13,Basic,8.28,Digital Wallet,Yes,Monthly,4.8,Action,6,2,4,1,2,29,Active,Not Churned
CUST_1151,40,Female,Europe,2024-01-27,Premium,19.33,Carrier Billing,Yes,Annual,3.5,Anime,5,3,4,1,0,21,Active,Not Churned
CUST_1152,33,Male,Europe,2021-01-20,Premium,20.4,PayPal,No,Monthly,7.9,Comedy,2,10,6,0,1,15,Active,Not Churned
CUST_1153,18,Male,Middle East & Africa,2022-02-24,Basic,8.28,Digital Wallet,Yes,Monthly,2.8,Action,3,4,5,0,1,16,Active,Not Churned
CUST_1154,18,Female,Asia Pacific,2021-04-18,Standard,14.43,Credit Card,Yes,Annual,8.2,Action,2,7,5,2,2,31,Active,Not Churned
CUST_1155,37,Female,Latin America,2022-01-18,Basic,7.97,Carrier Billing,No,Monthly,9.7,Thriller,6,4,5,0,1,27,Active,Not Churned
CUST_1156,40,Female,Middle East & Africa,2022-09-13,Standard,14.34,Direct Debit,Yes,Annual,6.5,Thriller,1,3,8,2,0,24,Churned,Lack of content
CUST_1157,45,Male,Latin America,2025-03-27,Basic,7.48,PayPal,Yes,Monthly,3.4,Family,2,5,0,2,2,27,Churned,Low usage
CUST_1158,29,Male,Europe,2021-09-12,Standard,14.24,Carrier Billing,Yes,Monthly,8.7,Action,4,5,4,1,0,19,Active,Not Churned
CUST_1159,27,Female,North America,2022-07-27,Standard,13.72,Direct Debit,Yes,Monthly,30.5,Sci-Fi,1,19,15,0,3,0,Active,Not Churned
CUST_1160,39,Female,Latin America,2021-06-16,Standard,13.41,Carrier Billing,Yes,Annual,11.1,Action,4,7,10,1,1,12,Active,Not Churned
CUST_1161,25,Male,Asia Pacific,2022-07-25,Basic,7.6,Credit Card,Yes,Monthly,10.9,Anime,5,13,8,1,0,6,Active,Not Churned
CUST_1162,26,Female,Europe,2022-07-15,Premium,19.99,PayPal,Yes,Monthly,7.5,Anime,5,4,9,0,2,23,Churned,Lack of content
CUST_1163,36,Other,Latin America,2024-02-20,Basic,7.7,Credit Card,Yes,Monthly,4.4,Sci-Fi,5,4,2,0,1,28,Active,Not Churned
CUST_1164,36,Male,Asia Pacific,2025-09-26,Basic,8.12,Direct Debit,Yes,Monthly,14.2,Drama,6,7,6,1,3,27,Active,Not Churned
CUST_1165,39,Female,Latin America,2025-10-09,Standard,13.36,Direct Debit,No,Monthly,1.7,Sci-Fi,4,4,2,1,3,24,Churned,Too expensive
CUST_1166,35,Female,Asia Pacific,2025-09-01,Standard,13.25,Direct Debit,No,Monthly,5.4,Sci-Fi,4,5,4,1,3,20,Active,Not Churned
CUST_1167,24,Female,Asia Pacific,2021-08-24,Premium,20.47,Carrier Billing,Yes,Monthly,21.0,Family,1,10,14,1,3,23,Active,Not Churned
CUST_1168,30,Female,Europe,2023-11-13,Premium,20.31,Credit Card,Yes,Annual,9.2,Drama,3,6,2,2,2,25,Active,Not Churned
CUST_1169,35,Other,Europe,2022-12-16,Basic,7.62,PayPal,No,Annual,2.4,Sci-Fi,2,5,5,0,1,17,Active,Not Churned
CUST_1170,46,Male,Latin America,2023-06-03,Premium,19.99,PayPal,No,Monthly,11.9,Thriller,3,10,6,0,0,3,Active,Not Churned
CUST_1171,41,Female,Europe,2023-06-06,Basic,8.35,Direct Debit,No,Annual,5.9,Comedy,7,2,3,2,1,24,Churned,Switched to competitor
CUST_1172,35,Female,Europe,2022-11-04,Standard,14.14,PayPal,Yes,Annual,2.7,Comedy,1,2,7,0,0,28,Active,Not Churned
CUST_1173,40,Female,Europe,2024-02-07,Basic,8.04,Credit Card,Yes,Annual,8.8,Drama,6,9,0,2,3,33,Active,Not Churned
CUST_1174,47,Female,Latin America,2025-12-08,Premium,20.37,Credit Card,No,Monthly,10.0,Anime,4,6,8,0,1,19,Active,Not Churned
CUST_1175,21,Female,Latin America,2023-01-24,Basic,7.73,Credit Card,Yes,Annual,7.8,Comedy,3,6,7,3,0,16,Active,Not Churned
CUST_1176,34,Male,North America,2022-02-08,Basic,8.0,PayPal,Yes,Annual,10.3,Thriller,5,9,5,0,0,28,Active,Not Churned
CUST_1177,18,Female,Asia Pacific,2022-03-05,Standard,13.98,Direct Debit,Yes,Monthly,4.0,Anime,5,1,3,0,1,26,Churned,Switched to competitor
CUST_1178,34,Male,North America,2022-08-27,Premium,19.89,PayPal,Yes,Monthly,11.4,Anime,3,6,12,1,0,14,Active,Not Churned
CUST_1179,29,Male,North America,2024-05-15,Premium,19.85,Credit Card,No,Monthly,10.4,Documentary,3,6,14,0,2,19,Churned,Too expensive
CUST_1180,47,Male,North America,2024-03-17,Standard,14.02,Credit Card,Yes,Monthly,14.8,Action,5,11,13,0,2,10,Churned,Lack of content
CUST_1181,45,Female,North America,2022-03-05,Premium,20.0,Direct Debit,Yes,Monthly,6.6,Drama,2,7,11,1,2,30,Active,Not Churned
CUST_1182,54,Female,Europe,2024-09-06,Premium,19.62,Credit Card,Yes,Monthly,17.5,Comedy,3,12,10,1,1,0,Active,Not Churned
CUST_1183,31,Female,Europe,2021-09-07,Standard,14.27,Credit Card,Yes,Monthly,13.0,Thriller,5,8,4,3,0,22,Active,Not Churned
CUST_1184,36,Male,North America,2021-01-17,Basic,7.65,Credit Card,Yes,Monthly,7.0,Action,1,7,6,0,1,18,Churned,Too expensive
CUST_1185,33,Male,Asia Pacific,2021-12-08,Standard,13.91,Credit Card,No,Annual,8.5,Comedy,6,6,9,0,2,18,Active,Not Churned
CUST_1186,47,Male,Latin America,2022-03-04,Standard,13.89,Digital Wallet,Yes,Annual,1.8,Documentary,1,4,0,1,1,22,Active,Not Churned
CUST_1187,34,Female,Europe,2025-07-27,Standard,14.12,Credit Card,Yes,Monthly,8.3,Anime,4,7,4,1,1,18,Active,Not Churned
CUST_1188,24,Male,North America,2021-10-17,Basic,7.25,Credit Card,Yes,Monthly,11.8,Thriller,7,11,6,1,0,11,Active,Not Churned
CUST_1189,18,Female,Asia Pacific,2024-07-06,Standard,14.3,Credit Card,Yes,Monthly,7.1,Comedy,4,5,7,2,2,23,Churned,Too expensive
CUST_1190,47,Female,Latin America,2021-06-17,Basic,7.75,Carrier Billing,Yes,Monthly,14.0,Drama,1,8,10,2,0,17,Active,Not Churned
CUST_1191,37,Male,Asia Pacific,2024-12-02,Premium,20.42,Digital Wallet,No,Annual,12.0,Sci-Fi,5,10,6,1,1,9,Active,Not Churned
CUST_1192,36,Female,Latin America,2024-10-02,Basic,7.82,PayPal,No,Monthly,22.3,Comedy,4,15,15,3,1,23,Active,Not Churned
CUST_1193,49,Male,North America,2022-06-04,Basic,7.97,Direct Debit,Yes,Monthly,4.9,Comedy,4,3,1,2,0,33,Churned,Too expensive
CUST_1194,35,Male,North America,2024-02-27,Premium,20.66,Carrier Billing,Yes,Monthly,13.1,Sci-Fi,3,6,8,1,0,23,Churned,Too expensive
CUST_1195,19,Male,Asia Pacific,2023-06-06,Basic,7.89,Credit Card,No,Annual,2.8,Comedy,6,5,0,1,0,18,Active,Not Churned
CUST_1196,21,Female,Europe,2024-05-09,Basic,8.42,PayPal,Yes,Monthly,6.8,Action,2,2,5,2,2,37,Active,Not Churned
CUST_1197,40,Female,North America,2024-12-02,Standard,14.0,Credit Card,Yes,Monthly,11.1,Action,4,4,6,0,0,24,Churned,Payment issues
CUST_1198,41,Male,Middle East & Africa,2022-03-27,Premium,20.14,Credit Card,Yes,Monthly,13.5,Sci-Fi,1,8,11,0,0,16,Active,Not Churned
CUST_1199,56,Female,Europe,2023-06-15,Basic,8.01,PayPal,Yes,Annual,6.1,Drama,4,5,5,1,2,21,Active,Not Churned
CUST_1200,35,Male,Latin America,2025-12-23,Basic,8.29,Credit Card,Yes,Monthly,14.9,Thriller,2,7,10,1,3,25,Active,Not Churned
CUST_1201,53,Male,Middle East & Africa,2022-05-18,Standard,13.75,Credit Card,Yes,Monthly,17.5,Anime,1,11,17,0,0,21,Active,Not Churned
CUST_1202,23,Female,North America,2025-09-28,Premium,19.65,Credit Card,Yes,Monthly,6.9,Thriller,4,5,7,0,0,20,Active,Not Churned
CUST_1203,27,Male,Middle East & Africa,2023-12-08,Standard,13.77,Carrier Billing,Yes,Monthly,7.6,Comedy,2,4,5,1,1,23,Active,Not Churned
CUST_1204,24,Female,Latin America,2023-02-27,Basic,8.02,Direct Debit,Yes,Annual,6.4,Anime,2,8,4,1,1,18,Active,Not Churned
CUST_1205,37,Female,Latin America,2024-07-23,Basic,7.91,Carrier Billing,No,Monthly,5.4,Family,4,5,1,3,1,25,Active,Not Churned
CUST_1206,47,Male,North America,2021-10-23,Basic,8.24,Direct Debit,Yes,Monthly,16.2,Drama,4,12,11,2,1,8,Active,Not Churned
CUST_1207,33,Female,North America,2022-10-29,Basic,8.45,Credit Card,Yes,Annual,16.1,Family,3,7,12,0,2,15,Active,Not Churned
CUST_1208,25,Male,Asia Pacific,2022-03-22,Standard,13.65,Direct Debit,Yes,Monthly,7.3,Drama,7,3,0,2,0,31,Active,Not Churned
CUST_1209,41,Female,North America,2021-04-17,Basic,7.73,PayPal,Yes,Annual,11.1,Drama,3,8,4,1,1,26,Active,Not Churned
CUST_1210,33,Female,Asia Pacific,2023-09-04,Standard,13.49,Credit Card,Yes,Annual,14.6,Documentary,3,12,8,0,1,26,Active,Not Churned
CUST_1211,41,Female,Middle East & Africa,2022-09-19,Standard,14.7,Credit Card,Yes,Monthly,9.6,Family,2,4,4,2,2,31,Churned,Low usage
CUST_1212,34,Female,Middle East & Africa,2024-08-30,Standard,14.1,Credit Card,No,Monthly,7.0,Thriller,2,5,6,1,1,24,Active,Not Churned
CUST_1213,34,Male,Europe,2024-10-30,Basic,8.16,Carrier Billing,Yes,Monthly,4.7,Action,3,2,5,0,1,33,Churned,Switched to competitor
CUST_1214,55,Female,Asia Pacific,2021-05-19,Premium,19.52,Direct Debit,Yes,Annual,13.7,Drama,5,7,9,1,3,17,Active,Not Churned
CUST_1215,24,Female,North America,2024-01-09,Standard,13.99,Direct Debit,Yes,Monthly,3.7,Documentary,3,4,6,3,0,29,Active,Not Churned
CUST_1216,39,Female,Europe,2025-04-05,Standard,14.17,Digital Wallet,Yes,Annual,7.1,Thriller,2,4,4,0,2,32,Active,Not Churned
CUST_1217,42,Female,Europe,2021-09-10,Basic,7.9,PayPal,Yes,Annual,5.7,Sci-Fi,3,2,5,1,2,37,Churned,Technical issues
CUST_1218,45,Female,Asia Pacific,2022-02-18,Basic,8.37,PayPal,No,Monthly,2.9,Documentary,4,1,1,0,2,42,Churned,Switched to competitor
CUST_1219,24,Male,Europe,2023-02-04,Premium,20.8,PayPal,Yes,Monthly,9.2,Comedy,2,3,8,1,0,20,Churned,Switched to competitor
CUST_1220,39,Female,North America,2025-04-10,Standard,13.66,Credit Card,Yes,Annual,7.5,Sci-Fi,3,6,6,0,1,17,Active,Not Churned
CUST_1221,30,Female,Europe,2024-01-29,Basic,7.63,Credit Card,Yes,Annual,4.0,Thriller,1,5,1,2,2,24,Churned,Too expensive
CUST_1222,34,Male,North America,2023-10-25,Standard,13.68,Credit Card,Yes,Annual,16.5,Thriller,3,11,11,1,1,5,Churned,Switched to competitor
CUST_1223,30,Male,North America,2024-07-12,Standard,14.55,Credit Card,No,Annual,12.5,Anime,1,6,9,1,3,28,Active,Not Churned
CUST_1224,29,Male,Asia Pacific,2023-08-30,Premium,20.35,Credit Card,Yes,Monthly,9.8,Drama,4,8,8,2,0,22,Churned,Switched to competitor
CUST_1225,50,Male,Asia Pacific,2024-04-10,Basic,7.94,Credit Card,Yes,Monthly,12.8,Sci-Fi,3,9,10,0,1,19,Active,Not Churned
CUST_1226,45,Female,Middle East & Africa,2021-12-30,Premium,20.0,Direct Debit,No,Monthly,16.6,Documentary,4,10,9,1,1,15,Active,Not Churned
CUST_1227,21,Female,North America,2022-10-05,Basic,7.7,Credit Card,Yes,Annual,16.2,Action,1,9,13,0,1,22,Active,Not Churned
CUST_1228,32,Female,North America,2023-12-25,Standard,14.3,Credit Card,Yes,Annual,5.5,Anime,3,3,7,1,0,28,Active,Not Churned
CUST_1229,33,Male,Latin America,2024-04-03,Standard,13.86,PayPal,No,Monthly,13.5,Anime,1,9,7,1,2,14,Churned,Technical issues
CUST_1230,48,Male,Asia Pacific,2023-06-08,Basic,7.9,Credit Card,Yes,Monthly,6.8,Anime,3,8,2,4,2,2,Active,Not Churned
CUST_1231,23,Male,Middle East & Africa,2024-02-07,Basic,8.2,PayPal,Yes,Monthly,8.7,Sci-Fi,2,8,5,3,1,18,Churned,Too expensive
CUST_1232,27,Male,Europe,2023-12-15,Standard,13.92,PayPal,Yes,Monthly,5.7,Sci-Fi,5,4,1,3,0,25,Active,Not Churned
CUST_1233,27,Female,Middle East & Africa,2025-09-14,Premium,19.91,Credit Card,Yes,Monthly,9.6,Documentary,5,7,8,0,0,17,Active,Not Churned
CUST_1234,18,Female,North America,2025-08-25,Standard,13.99,Credit Card,Yes,Annual,13.6,Comedy,2,6,13,0,1,19,Active,Not Churned
CUST_1235,18,Male,Middle East & Africa,2022-05-19,Premium,20.27,Credit Card,No,Monthly,20.6,Family,4,13,18,1,0,4,Active,Not Churned
CUST_1236,37,Male,Europe,2022-01-01,Premium,20.57,Direct Debit,Yes,Monthly,9.1,Action,6,5,4,0,0,14,Active,Not Churned
CUST_1237,27,Male,Middle East & Africa,2023-09-08,Standard,14.19,PayPal,No,Monthly,4.8,Family,5,5,7,1,1,16,Active,Not Churned
CUST_1238,36,Female,North America,2024-11-13,Premium,20.27,Direct Debit,Yes,Monthly,22.2,Family,3,18,14,0,1,3,Active,Not Churned
CUST_1239,18,Male,North America,2021-05-26,Basic,7.92,Carrier Billing,Yes,Monthly,4.7,Documentary,3,3,0,2,2,37,Churned,Switched to competitor
CUST_1240,23,Female,Asia Pacific,2023-12-23,Basic,7.74,Carrier Billing,Yes,Annual,2.2,Thriller,2,8,2,1,2,11,Active,Not Churned
CUST_1241,30,Female,North America,2022-12-21,Premium,20.22,Carrier Billing,Yes,Annual,7.3,Sci-Fi,1,6,5,2,2,24,Churned,Switched to competitor
CUST_1242,19,Female,Asia Pacific,2025-12-05,Premium,20.05,Credit Card,Yes,Annual,3.2,Drama,4,2,7,0,2,34,Active,Not Churned
CUST_1243,31,Female,Europe,2024-03-17,Basic,7.49,Direct Debit,Yes,Monthly,14.2,Comedy,4,7,7,3,1,20,Active,Not Churned
CUST_1244,31,Female,Asia Pacific,2022-06-12,Standard,13.88,Credit Card,No,Monthly,2.5,Thriller,4,7,5,2,1,26,Active,Not Churned
CUST_1245,30,Female,Latin America,2025-05-24,Standard,13.96,Direct Debit,Yes,Annual,5.2,Anime,1,5,5,0,2,31,Active,Not Churned
CUST_1246,20,Female,Asia Pacific,2025-06-01,Premium,19.81,PayPal,Yes,Annual,5.4,Thriller,2,3,1,0,2,30,Active,Not Churned
CUST_1247,46,Male,Latin America,2022-11-03,Standard,14.51,Digital Wallet,No,Monthly,8.9,Thriller,2,6,5,0,1,17,Active,Not Churned
CUST_1248,22,Male,Europe,2022-01-15,Standard,14.16,PayPal,Yes,Monthly,19.3,Drama,4,12,17,0,0,17,Active,Not Churned
CUST_1249,32,Other,Asia Pacific,2021-07-01,Standard,14.47,Carrier Billing,Yes,Monthly,10.8,Thriller,4,7,7,1,1,18,Active,Not Churned
CUST_1250,32,Male,Asia Pacific,2024-05-09,Standard,14.08,Credit Card,Yes,Annual,3.7,Action,4,4,7,0,1,22,Active,Not Churned
CUST_1251,34,Female,Asia Pacific,2021-01-13,Standard,14.02,Credit Card,No,Monthly,24.9,Family,1,17,18,2,0,5,Active,Not Churned
CUST_1252,20,Male,Asia Pacific,2024-05-12,Premium,19.66,Direct Debit,Yes,Monthly,11.4,Drama,1,5,7,0,1,20,Churned,Switched to competitor
CUST_1253,37,Male,Asia Pacific,2021-01-29,Standard,13.99,Direct Debit,Yes,Annual,14.0,Drama,3,10,6,2,1,14,Active,Not Churned
CUST_1254,27,Male,Europe,2023-04-27,Basic,7.99,Credit Card,Yes,Monthly,2.5,Comedy,4,3,0,0,2,24,Active,Not Churned
CUST_1255,39,Female,Europe,2025-10-06,Basic,7.51,Credit Card,Yes,Monthly,21.9,Family,1,12,18,2,1,11,Active,Not Churned
CUST_1256,43,Female,Asia Pacific,2023-01-15,Standard,13.8,Digital Wallet,Yes,Monthly,6.7,Documentary,4,7,6,1,3,24,Active,Not Churned
CUST_1257,34,Male,Europe,2022-09-12,Premium,19.88,PayPal,Yes,Monthly,4.4,Drama,4,1,0,0,0,13,Churned,Payment issues
CUST_1258,28,Male,North America,2025-10-29,Basic,8.13,PayPal,No,Monthly,8.8,Comedy,2,2,9,1,1,27,Churned,Payment issues
CUST_1259,50,Female,North America,2023-06-24,Basic,8.15,Credit Card,No,Monthly,13.3,Thriller,3,9,4,2,0,3,Active,Not Churned
CUST_1260,38,Female,Middle East & Africa,2024-08-25,Standard,13.79,Credit Card,Yes,Monthly,11.7,Action,4,7,6,1,0,15,Active,Not Churned
CUST_1261,26,Male,Latin America,2025-10-28,Basic,8.15,Direct Debit,Yes,Monthly,10.9,Thriller,5,5,8,0,0,22,Active,Not Churned
CUST_1262,23,Female,Middle East & Africa,2024-10-21,Premium,19.93,Credit Card,Yes,Annual,12.5,Documentary,3,5,16,0,0,18,Active,Not Churned
CUST_1263,38,Male,Europe,2022-03-29,Basic,6.99,Direct Debit,Yes,Monthly,8.3,Comedy,4,9,9,2,0,20,Active,Not Churned
CUST_1264,31,Female,Europe,2024-11-13,Basic,7.82,Credit Card,Yes,Monthly,2.5,Anime,2,4,2,2,2,30,Active,Not Churned
CUST_1265,23,Other,Middle East & Africa,2023-01-19,Premium,20.37,Credit Card,Yes,Monthly,8.7,Thriller,4,6,7,0,0,3,Active,Not Churned
CUST_1266,35,Male,Asia Pacific,2022-06-19,Basic,7.4,PayPal,No,Monthly,6.2,Action,3,9,8,1,0,23,Churned,Too expensive
CUST_1267,21,Female,Middle East & Africa,2021-02-21,Basic,8.03,PayPal,Yes,Monthly,16.3,Family,2,11,15,0,2,15,Active,Not Churned
CUST_1268,35,Male,Europe,2021-11-07,Basic,8.54,Digital Wallet,Yes,Monthly,14.2,Drama,3,12,9,2,0,6,Active,Not Churned
CUST_1269,37,Male,Latin America,2023-02-08,Basic,7.72,Credit Card,Yes,Monthly,5.7,Anime,5,2,4,0,0,22,Active,Not Churned
CUST_1270,25,Male,Latin America,2021-11-05,Basic,7.99,Direct Debit,Yes,Monthly,12.1,Documentary,4,5,6,2,1,9,Active,Not Churned
CUST_1271,37,Female,Asia Pacific,2021-12-11,Basic,7.53,Carrier Billing,No,Annual,7.4,Drama,2,6,8,0,1,22,Active,Not Churned
CUST_1272,26,Male,North America,2024-01-15,Basic,8.56,Credit Card,Yes,Monthly,2.2,Action,3,3,6,1,0,29,Active,Not Churned
CUST_1273,34,Male,Latin America,2024-05-07,Basic,7.96,Direct Debit,Yes,Monthly,1.1,Thriller,1,4,0,0,2,20,Active,Not Churned
CUST_1274,18,Male,Europe,2023-04-03,Standard,14.01,Carrier Billing,Yes,Monthly,12.0,Comedy,2,5,7,2,1,18,Active,Not Churned
CUST_1275,35,Male,Latin America,2024-02-11,Standard,14.46,Credit Card,Yes,Annual,4.4,Documentary,1,5,1,2,0,23,Active,Not Churned
CUST_1276,45,Female,Asia Pacific,2022-08-26,Standard,14.22,Carrier Billing,Yes,Monthly,4.4,Action,2,5,5,3,0,32,Active,Not Churned
CUST_1277,19,Male,North America,2021-08-31,Basic,7.68,Digital Wallet,No,Monthly,4.8,Thriller,2,6,1,1,0,27,Active,Not Churned
CUST_1278,41,Female,Europe,2021-10-26,Standard,13.76,Credit Card,No,Monthly,12.1,Thriller,3,7,5,2,0,25,Churned,Low usage
CUST_1279,28,Female,Europe,2024-12-03,Premium,20.16,Credit Card,Yes,Monthly,16.3,Sci-Fi,2,11,14,0,2,27,Churned,Lack of content
CUST_1280,43,Female,Middle East & Africa,2022-03-18,Premium,19.77,Digital Wallet,Yes,Monthly,16.1,Drama,3,8,10,0,0,21,Active,Not Churned
CUST_1281,51,Male,Latin America,2023-02-25,Basic,7.25,Credit Card,Yes,Monthly,2.0,Action,4,2,3,2,1,37,Churned,Lack of content
CUST_1282,35,Other,Europe,2022-07-13,Basic,7.97,Credit Card,Yes,Monthly,4.7,Drama,4,2,6,0,1,27,Churned,Too expensive
CUST_1283,39,Male,Asia Pacific,2024-11-22,Basic,7.47,PayPal,Yes,Annual,4.2,Comedy,2,2,7,0,1,24,Active,Not Churned
CUST_1284,38,Female,Europe,2024-03-11,Basic,8.56,Direct Debit,Yes,Monthly,11.4,Drama,2,7,7,0,1,26,Active,Not Churned
CUST_1285,44,Male,Asia Pacific,2021-06-06,Standard,14.05,Digital Wallet,No,Monthly,5.4,Action,6,3,4,1,0,18,Active,Not Churned
CUST_1286,32,Female,Europe,2024-03-02,Standard,13.67,PayPal,Yes,Annual,7.7,Action,4,4,5,3,0,28,Churned,Too expensive
CUST_1287,41,Female,Europe,2024-07-19,Basic,7.75,Carrier Billing,No,Monthly,12.1,Anime,6,5,12,1,2,20,Active,Not Churned
CUST_1288,27,Female,Latin America,2024-07-20,Standard,13.33,Credit Card,No,Monthly,8.6,Drama,2,9,7,1,0,17,Churned,Technical issues
CUST_1289,45,Male,Middle East & Africa,2024-01-19,Standard,13.61,Direct Debit,Yes,Monthly,10.1,Thriller,5,6,7,0,0,20,Active,Not Churned
CUST_1290,23,Male,North America,2024-09-24,Basic,8.35,Credit Card,Yes,Monthly,6.9,Drama,4,6,7,1,1,22,Active,Not Churned
CUST_1291,29,Male,North America,2021-03-17,Premium,20.77,Carrier Billing,No,Monthly,15.4,Drama,4,6,16,0,2,22,Churned,Too expensive
CUST_1292,28,Female,Asia Pacific,2024-08-14,Basic,8.24,Credit Card,Yes,Annual,14.2,Comedy,1,11,10,1,1,16,Churned,Too expensive
CUST_1293,38,Male,Latin America,2024-10-22,Premium,19.96,Direct Debit,Yes,Monthly,12.5,Anime,3,8,8,0,2,23,Active,Not Churned
CUST_1294,42,Female,Middle East & Africa,2021-04-21,Basic,7.84,PayPal,Yes,Monthly,14.3,Thriller,3,8,16,1,1,8,Active,Not Churned
CUST_1295,39,Male,Europe,2025-09-03,Premium,19.66,PayPal,Yes,Annual,30.7,Documentary,6,16,23,1,0,2,Active,Not Churned
CUST_1296,29,Male,Asia Pacific,2024-03-14,Premium,20.71,Direct Debit,No,Monthly,13.9,Anime,2,10,13,0,0,8,Active,Not Churned
CUST_1297,49,Male,Latin America,2025-05-10,Premium,19.92,Credit Card,Yes,Monthly,9.5,Comedy,6,1,6,2,1,32,Churned,Technical issues
CUST_1298,46,Female,Europe,2025-06-29,Premium,20.73,Credit Card,Yes,Annual,11.5,Family,2,6,7,0,3,21,Churned,Too expensive
CUST_1299,37,Female,North America,2021-02-22,Standard,14.48,Credit Card,Yes,Monthly,15.8,Drama,2,9,5,0,3,27,Active,Not Churned
CUST_1300,28,Female,Latin America,2025-12-15,Standard,13.38,PayPal,Yes,Annual,6.6,Drama,5,5,9,1,2,24,Active,Not Churned
CUST_1301,20,Female,Europe,2024-05-08,Standard,13.76,Credit Card,No,Monthly,6.3,Anime,1,9,6,1,0,21,Active,Not Churned
CUST_1302,41,Male,Middle East & Africa,2021-02-15,Basic,7.76,Digital Wallet,Yes,Monthly,9.4,Thriller,4,6,2,0,0,12,Active,Not Churned
CUST_1303,31,Male,Europe,2021-02-22,Standard,13.96,Credit Card,No,Monthly,8.1,Family,2,7,10,0,4,22,Active,Not Churned
CUST_1304,44,Female,Asia Pacific,2023-01-21,Standard,13.97,PayPal,Yes,Monthly,4.8,Comedy,4,7,4,0,1,14,Active,Not Churned
CUST_1305,44,Female,Middle East & Africa,2022-04-04,Premium,21.04,Credit Card,No,Annual,10.6,Comedy,2,8,7,1,1,20,Active,Not Churned
CUST_1306,30,Female,Europe,2022-04-21,Standard,13.61,PayPal,No,Monthly,17.6,Thriller,2,9,7,1,0,6,Active,Not Churned
CUST_1307,34,Female,Europe,2024-09-17,Standard,14.07,Digital Wallet,No,Monthly,11.0,Family,2,5,10,1,3,14,Churned,Lack of content
CUST_1308,34,Male,Europe,2021-12-29,Standard,14.21,Direct Debit,No,Monthly,4.3,Anime,1,5,6,0,0,16,Active,Not Churned
CUST_1309,48,Male,Asia Pacific,2025-08-12,Basic,7.99,PayPal,Yes,Monthly,11.2,Action,5,10,8,0,2,19,Active,Not Churned
CUST_1310,30,Male,Europe,2024-05-17,Basic,8.03,Direct Debit,Yes,Monthly,6.5,Sci-Fi,3,6,4,0,0,13,Active,Not Churned
CUST_1311,40,Female,Asia Pacific,2025-06-26,Standard,13.62,PayPal,Yes,Monthly,24.1,Comedy,2,16,23,0,1,5,Active,Not Churned
CUST_1312,35,Male,Asia Pacific,2022-12-19,Standard,14.03,Credit Card,Yes,Monthly,11.4,Sci-Fi,2,12,5,1,1,6,Active,Not Churned
CUST_1313,49,Male,Europe,2024-04-14,Basic,8.17,Credit Card,No,Monthly,5.3,Drama,1,6,3,1,1,9,Active,Not Churned
CUST_1314,27,Male,Asia Pacific,2025-01-14,Standard,14.1,PayPal,Yes,Monthly,12.4,Documentary,5,6,11,1,0,25,Active,Not Churned
CUST_1315,24,Female,North America,2022-05-04,Standard,14.19,Direct Debit,Yes,Monthly,9.6,Family,4,6,4,1,2,27,Active,Not Churned
CUST_1316,18,Male,Europe,2024-05-21,Basic,8.48,Credit Card,Yes,Monthly,16.0,Documentary,4,12,8,1,2,12,Active,Not Churned
CUST_1317,36,Male,North America,2025-07-27,Standard,14.32,PayPal,Yes,Monthly,6.3,Drama,1,4,9,0,1,24,Active,Not Churned
CUST_1318,36,Male,Middle East & Africa,2022-09-18,Standard,14.01,Credit Card,Yes,Monthly,11.4,Comedy,2,10,10,1,1,13,Churned,Switched to competitor
CUST_1319,32,Male,Europe,2023-07-08,Basic,7.58,Direct Debit,No,Annual,2.5,Anime,2,3,5,0,2,20,Active,Not Churned
CUST_1320,43,Female,Europe,2021-10-19,Premium,19.78,Credit Card,Yes,Monthly,10.3,Thriller,6,7,8,2,1,30,Active,Not Churned
CUST_1321,49,Male,Asia Pacific,2025-03-27,Premium,19.91,Credit Card,No,Annual,5.5,Thriller,3,4,3,0,0,21,Active,Not Churned
CUST_1322,26,Male,Europe,2021-06-29,Standard,14.08,PayPal,Yes,Monthly,9.5,Sci-Fi,2,7,6,0,4,26,Active,Not Churned
CUST_1323,32,Female,Asia Pacific,2022-12-30,Basic,7.82,PayPal,No,Monthly,10.0,Family,2,7,7,0,3,18,Active,Not Churned
CUST_1324,18,Male,Europe,2022-09-07,Standard,13.66,PayPal,Yes,Monthly,11.2,Family,2,4,11,1,0,26,Active,Not Churned
CUST_1325,35,Female,Europe,2023-05-21,Premium,19.57,Credit Card,No,Monthly,7.6,Documentary,4,5,7,3,1,33,Churned,Too expensive
CUST_1326,28,Female,Middle East & Africa,2023-01-15,Standard,13.41,Carrier Billing,Yes,Monthly,9.2,Thriller,3,4,4,2,1,27,Active,Not Churned
CUST_1327,30,Male,North America,2022-10-30,Premium,19.91,PayPal,No,Annual,16.8,Anime,4,9,14,3,1,21,Active,Not Churned
CUST_1328,32,Male,Europe,2021-06-18,Standard,13.48,PayPal,Yes,Annual,20.5,Action,3,10,8,1,4,26,Active,Not Churned
CUST_1329,39,Male,Asia Pacific,2025-08-06,Standard,13.64,Credit Card,Yes,Monthly,9.4,Sci-Fi,4,8,6,2,0,22,Active,Not Churned
CUST_1330,31,Male,Europe,2023-06-03,Basic,7.85,Credit Card,Yes,Annual,15.1,Sci-Fi,5,11,7,2,1,21,Active,Not Churned
CUST_1331,54,Female,Asia Pacific,2022-09-12,Standard,13.52,Direct Debit,Yes,Monthly,5.1,Action,5,5,2,2,0,24,Active,Not Churned
CUST_1332,33,Male,Asia Pacific,2025-01-11,Basic,8.12,PayPal,No,Annual,6.2,Comedy,3,2,11,1,1,30,Churned,Too expensive
CUST_1333,20,Male,Latin America,2021-10-22,Standard,14.25,PayPal,Yes,Annual,10.0,Comedy,1,6,3,1,2,25,Active,Not Churned
CUST_1334,26,Female,North America,2022-05-23,Premium,19.8,PayPal,Yes,Annual,9.5,Documentary,7,4,5,2,1,32,Active,Not Churned
CUST_1335,40,Male,North America,2025-07-27,Basic,7.84,Direct Debit,Yes,Monthly,7.0,Sci-Fi,3,5,7,0,1,19,Active,Not Churned
CUST_1336,40,Male,Europe,2021-05-22,Standard,14.18,PayPal,Yes,Annual,14.9,Action,2,10,9,0,1,17,Active,Not Churned
CUST_1337,33,Male,Europe,2024-07-01,Basic,7.74,PayPal,Yes,Monthly,3.9,Family,1,5,5,0,0,36,Active,Not Churned
CUST_1338,33,Female,Latin America,2025-07-24,Standard,13.72,Digital Wallet,No,Annual,4.9,Comedy,4,5,9,0,1,24,Active,Not Churned
CUST_1339,35,Male,North America,2021-10-24,Basic,8.41,Direct Debit,Yes,Monthly,3.1,Comedy,4,5,6,0,1,13,Active,Not Churned
CUST_1340,40,Male,Asia Pacific,2022-07-25,Premium,20.3,Credit Card,Yes,Monthly,11.4,Anime,5,8,7,3,0,16,Churned,Lack of content
CUST_1341,33,Other,Europe,2023-04-02,Basic,8.2,Credit Card,Yes,Monthly,6.5,Family,2,4,5,2,2,32,Churned,Switched to competitor
CUST_1342,21,Female,Europe,2022-09-02,Premium,20.31,PayPal,Yes,Monthly,15.4,Comedy,4,11,12,3,1,10,Active,Not Churned
CUST_1343,26,Female,Asia Pacific,2021-03-26,Premium,19.3,Credit Card,Yes,Monthly,10.9,Comedy,7,9,10,2,1,10,Active,Not Churned
CUST_1344,28,Female,North America,2021-06-28,Standard,14.46,Credit Card,Yes,Monthly,6.2,Sci-Fi,4,4,5,0,0,12,Active,Not Churned
CUST_1345,22,Male,North America,2025-11-18,Premium,20.13,PayPal,Yes,Monthly,7.0,Drama,4,6,7,1,1,20,Active,Not Churned
CUST_1346,21,Female,Latin America,2024-01-17,Premium,20.34,PayPal,Yes,Monthly,3.2,Action,2,3,5,0,0,35,Churned,Low usage
CUST_1347,37,Male,Latin America,2024-05-25,Premium,20.13,Carrier Billing,No,Monthly,9.2,Sci-Fi,1,2,7,0,1,23,Active,Not Churned
CUST_1348,33,Male,Europe,2024-07-17,Basic,8.01,Credit Card,Yes,Monthly,3.5,Family,5,4,2,3,4,38,Churned,Technical issues
CUST_1349,40,Male,Asia Pacific,2023-02-01,Standard,13.89,Direct Debit,Yes,Annual,15.1,Sci-Fi,3,7,13,2,1,19,Active,Not Churned
CUST_1350,51,Male,Asia Pacific,2022-04-17,Basic,8.12,Direct Debit,Yes,Monthly,6.3,Comedy,3,5,6,1,3,24,Active,Not Churned
CUST_1351,41,Female,Asia Pacific,2025-07-09,Standard,13.88,Carrier Billing,No,Annual,3.4,Action,2,1,0,1,1,33,Active,Not Churned
CUST_1352,40,Male,Middle East & Africa,2022-11-07,Basic,8.29,Carrier Billing,Yes,Monthly,16.0,Anime,4,8,8,1,1,7,Active,Not Churned
CUST_1353,18,Male,Asia Pacific,2022-03-01,Standard,13.43,Digital Wallet,No,Monthly,8.0,Sci-Fi,3,5,5,0,1,33,Churned,Too expensive
CUST_1354,39,Other,Latin America,2025-10-12,Standard,13.8,Credit Card,Yes,Monthly,11.9,Comedy,7,10,8,0,4,22,Active,Not Churned
CUST_1355,33,Male,Asia Pacific,2021-07-04,Standard,14.71,Credit Card,Yes,Annual,6.3,Thriller,3,4,9,0,2,33,Active,Not Churned
CUST_1356,45,Male,North America,2023-11-07,Standard,13.77,Digital Wallet,Yes,Monthly,17.0,Drama,3,8,21,2,0,15,Active,Not Churned
CUST_1357,21,Male,North America,2022-11-08,Standard,13.91,Carrier Billing,Yes,Monthly,5.2,Thriller,2,5,0,1,0,24,Active,Not Churned
CUST_1358,42,Male,Asia Pacific,2025-01-05,Premium,19.68,Carrier Billing,Yes,Annual,8.5,Thriller,2,5,8,0,0,26,Active,Not Churned
CUST_1359,27,Male,Europe,2023-03-01,Standard,14.11,PayPal,Yes,Monthly,2.8,Action,2,4,4,1,2,26,Active,Not Churned
CUST_1360,23,Male,Asia Pacific,2022-10-15,Standard,13.73,Digital Wallet,Yes,Monthly,16.8,Family,2,8,11,2,5,20,Active,Not Churned
CUST_1361,54,Female,Latin America,2022-05-19,Premium,19.93,PayPal,Yes,Monthly,7.1,Drama,4,5,8,2,1,17,Active,Not Churned
CUST_1362,34,Female,Asia Pacific,2022-08-11,Basic,8.29,Credit Card,Yes,Monthly,9.6,Sci-Fi,2,11,8,1,0,8,Active,Not Churned
CUST_1363,32,Female,Latin America,2025-09-03,Basic,7.75,Digital Wallet,Yes,Monthly,10.4,Comedy,3,6,7,1,1,23,Active,Not Churned
CUST_1364,28,Female,North America,2021-09-23,Basic,8.27,Credit Card,Yes,Monthly,14.6,Anime,3,9,10,0,1,14,Active,Not Churned
CUST_1365,30,Male,Middle East & Africa,2021-01-01,Standard,14.28,Digital Wallet,Yes,Annual,9.8,Sci-Fi,2,3,9,1,1,23,Active,Not Churned
CUST_1366,29,Female,Europe,2022-02-09,Standard,14.36,PayPal,Yes,Monthly,8.2,Family,4,4,8,2,1,30,Active,Not Churned
CUST_1367,31,Female,Asia Pacific,2025-01-20,Standard,14.04,Direct Debit,Yes,Monthly,14.5,Family,1,10,11,1,2,13,Active,Not Churned
CUST_1368,32,Male,Europe,2023-05-21,Standard,15.12,PayPal,Yes,Monthly,11.0,Drama,2,6,6,2,1,18,Active,Not Churned
CUST_1369,31,Male,North America,2024-03-27,Basic,8.36,Direct Debit,Yes,Monthly,6.8,Comedy,3,6,14,1,1,28,Active,Not Churned
CUST_1370,23,Male,Asia Pacific,2022-05-12,Premium,20.1,Digital Wallet,Yes,Monthly,18.5,Thriller,5,12,13,3,0,15,Active,Not Churned
CUST_1371,33,Male,North America,2025-04-23,Standard,13.68,Direct Debit,Yes,Monthly,11.4,Anime,5,5,11,2,0,14,Active,Not Churned
CUST_1372,36,Male,North America,2022-07-14,Basic,7.96,Carrier Billing,Yes,Monthly,3.3,Thriller,3,5,2,0,3,16,Churned,Too expensive
CUST_1373,41,Female,Europe,2024-06-29,Standard,14.49,PayPal,Yes,Annual,18.9,Anime,2,9,13,2,1,9,Active,Not Churned
CUST_1374,44,Female,Europe,2023-11-05,Basic,8.59,Credit Card,Yes,Annual,5.5,Family,7,3,6,0,1,25,Churned,Technical issues
CUST_1375,30,Female,North America,2024-06-20,Basic,8.51,Digital Wallet,Yes,Monthly,14.6,Sci-Fi,1,9,4,2,1,25,Active,Not Churned
CUST_1376,37,Female,Middle East & Africa,2024-09-28,Basic,8.26,Digital Wallet,Yes,Annual,2.8,Sci-Fi,2,6,1,1,1,31,Active,Not Churned
CUST_1377,41,Other,North America,2023-08-03,Premium,19.55,Credit Card,Yes,Annual,15.7,Drama,2,8,8,1,4,28,Active,Not Churned
CUST_1378,28,Male,Middle East & Africa,2025-12-29,Standard,14.16,Carrier Billing,Yes,Monthly,4.2,Drama,6,4,3,0,2,39,Active,Not Churned
CUST_1379,35,Female,Europe,2022-10-07,Standard,13.56,PayPal,No,Annual,9.7,Family,2,7,4,0,2,22,Active,Not Churned
CUST_1380,37,Female,Latin America,2021-05-16,Standard,13.47,PayPal,Yes,Monthly,11.3,Anime,2,8,8,1,2,27,Churned,Switched to competitor
CUST_1381,18,Male,Middle East & Africa,2024-08-25,Standard,14.07,Credit Card,Yes,Annual,7.6,Sci-Fi,2,7,10,0,3,18,Active,Not Churned
CUST_1382,33,Female,Asia Pacific,2022-12-12,Premium,20.17,Carrier Billing,Yes,Monthly,10.1,Thriller,2,6,8,0,0,7,Churned,Payment issues
CUST_1383,35,Female,Asia Pacific,2023-05-19,Premium,20.31,Digital Wallet,Yes,Annual,6.0,Family,5,6,2,0,1,18,Churned,Lack of content
CUST_1384,26,Male,Asia Pacific,2022-10-25,Standard,14.16,Credit Card,No,Monthly,13.6,Anime,4,11,6,0,4,16,Active,Not Churned
CUST_1385,43,Male,Middle East & Africa,2022-09-01,Standard,14.18,Credit Card,Yes,Monthly,10.0,Thriller,3,10,6,0,1,31,Active,Not Churned
CUST_1386,51,Female,North America,2022-04-20,Premium,19.65,Credit Card,Yes,Annual,6.5,Drama,3,6,1,3,1,23,Churned,Technical issues
CUST_1387,37,Male,Asia Pacific,2025-07-02,Standard,13.95,Digital Wallet,Yes,Monthly,10.2,Drama,3,7,9,0,0,9,Churned,Too expensive
CUST_1388,22,Male,Asia Pacific,2021-07-31,Premium,19.46,Carrier Billing,Yes,Monthly,11.7,Action,5,6,12,3,2,32,Active,Not Churned
CUST_1389,31,Male,Latin America,2025-08-14,Basic,7.29,PayPal,No,Monthly,8.3,Drama,2,3,5,1,3,24,Churned,Too expensive
CUST_1390,24,Male,North America,2022-02-15,Premium,20.25,Carrier Billing,No,Annual,3.2,Thriller,7,3,4,0,1,26,Churned,Too expensive
CUST_1391,54,Male,Asia Pacific,2022-06-15,Standard,13.73,Credit Card,Yes,Monthly,7.0,Anime,1,5,5,1,3,33,Churned,Switched to competitor
CUST_1392,28,Female,Europe,2022-07-01,Basic,8.3,PayPal,No,Monthly,12.8,Thriller,3,8,7,1,1,11,Active,Not Churned
CUST_1393,35,Female,Latin America,2024-08-11,Standard,14.38,Direct Debit,Yes,Annual,11.6,Sci-Fi,6,8,9,2,2,31,Active,Not Churned
CUST_1394,45,Male,North America,2023-08-04,Standard,13.77,Credit Card,Yes,Annual,11.4,Comedy,7,5,6,1,1,31,Active,Not Churned
CUST_1395,25,Other,Latin America,2023-10-19,Basic,8.2,Credit Card,Yes,Monthly,9.2,Action,2,6,5,4,1,27,Churned,Lack of content
CUST_1396,26,Male,North America,2021-02-28,Standard,13.76,Credit Card,No,Monthly,14.4,Comedy,5,12,5,1,1,23,Active,Not Churned
CUST_1397,46,Male,Middle East & Africa,2021-08-28,Premium,19.34,Digital Wallet,Yes,Monthly,7.5,Thriller,5,7,6,2,1,18,Active,Not Churned
CUST_1398,45,Female,Asia Pacific,2023-07-05,Basic,8.03,PayPal,No,Monthly,4.7,Comedy,2,5,8,1,0,27,Active,Not Churned
CUST_1399,24,Male,Middle East & Africa,2024-08-23,Standard,13.83,Credit Card,No,Annual,21.5,Anime,3,13,16,0,1,10,Active,Not Churned
CUST_1400,24,Female,North America,2025-09-24,Standard,13.84,Credit Card,Yes,Annual,5.8,Family,7,4,10,2,0,19,Churned,Switched to competitor
CUST_1401,39,Male,Middle East & Africa,2022-11-23,Basic,8.68,Digital Wallet,No,Annual,3.2,Anime,3,1,2,1,0,24,Churned,Low usage
CUST_1402,39,Female,Asia Pacific,2024-12-17,Premium,19.46,Credit Card,Yes,Annual,8.8,Anime,3,7,9,0,1,33,Active,Not Churned
CUST_1403,28,Male,North America,2021-06-04,Premium,20.12,Digital Wallet,No,Annual,10.5,Family,4,2,4,0,2,36,Churned,Too expensive
CUST_1404,36,Male,Middle East & Africa,2024-03-24,Basic,7.64,PayPal,Yes,Monthly,13.7,Comedy,4,8,12,0,0,21,Active,Not Churned
CUST_1405,23,Female,Europe,2023-05-07,Premium,20.31,PayPal,Yes,Monthly,8.3,Family,2,6,11,3,2,21,Active,Not Churned
CUST_1406,39,Female,North America,2023-07-09,Premium,20.09,Credit Card,No,Monthly,8.3,Thriller,2,5,8,2,2,31,Churned,Switched to competitor
CUST_1407,36,Male,North America,2025-09-02,Basic,8.12,Credit Card,Yes,Monthly,8.0,Anime,3,9,11,2,1,15,Active,Not Churned
CUST_1408,18,Male,Asia Pacific,2023-02-24,Premium,19.66,Carrier Billing,No,Monthly,7.6,Comedy,4,9,4,1,1,28,Churned,Payment issues
CUST_1409,30,Female,Asia Pacific,2021-05-13,Basic,7.72,PayPal,Yes,Monthly,2.8,Action,3,5,3,0,2,32,Active,Not Churned
CUST_1410,30,Female,Europe,2022-05-22,Premium,20.31,Credit Card,Yes,Monthly,5.4,Comedy,2,3,2,0,3,35,Active,Not Churned
CUST_1411,40,Male,Asia Pacific,2021-03-27,Standard,14.61,Direct Debit,Yes,Monthly,16.5,Comedy,4,13,11,0,2,16,Active,Not Churned
CUST_1412,23,Male,Latin America,2024-01-03,Standard,14.16,PayPal,Yes,Monthly,12.8,Drama,3,9,10,1,1,15,Active,Not Churned
CUST_1413,45,Female,Europe,2024-04-27,Basic,7.68,PayPal,No,Monthly,7.9,Sci-Fi,4,4,6,3,2,32,Active,Not Churned
CUST_1414,34,Male,Middle East & Africa,2023-05-20,Premium,20.11,Credit Card,Yes,Annual,12.9,Family,2,8,8,0,2,29,Active,Not Churned
CUST_1415,44,Male,North America,2024-08-04,Basic,8.84,Direct Debit,No,Monthly,12.3,Comedy,7,9,7,1,0,17,Active,Not Churned
CUST_1416,20,Female,Latin America,2024-12-13,Basic,8.03,Direct Debit,No,Annual,5.3,Comedy,4,3,6,1,1,20,Active,Not Churned
CUST_1417,36,Female,Latin America,2025-08-29,Basic,8.5,Digital Wallet,Yes,Monthly,4.0,Drama,5,4,4,1,0,31,Active,Not Churned
CUST_1418,35,Female,Asia Pacific,2022-07-30,Standard,13.73,Credit Card,No,Monthly,15.6,Action,2,10,7,0,3,12,Churned,Lack of content
CUST_1419,36,Female,North America,2022-04-03,Basic,7.98,Digital Wallet,Yes,Monthly,1.4,Action,1,1,0,3,0,30,Churned,Switched to competitor
CUST_1420,37,Male,Asia Pacific,2022-03-23,Premium,20.21,PayPal,No,Annual,13.0,Drama,4,8,7,1,0,13,Active,Not Churned
CUST_1421,36,Male,North America,2024-10-15,Standard,14.13,Credit Card,No,Annual,9.6,Thriller,2,4,3,1,3,10,Active,Not Churned
CUST_1422,18,Female,North America,2024-10-21,Basic,7.72,Direct Debit,Yes,Monthly,14.1,Thriller,5,10,7,1,2,17,Active,Not Churned
CUST_1423,50,Male,Asia Pacific,2021-07-10,Basic,7.71,PayPal,No,Monthly,11.2,Documentary,2,5,7,3,2,42,Active,Not Churned
CUST_1424,27,Female,Asia Pacific,2023-09-29,Basic,8.34,Credit Card,Yes,Monthly,10.9,Drama,2,7,8,1,0,20,Active,Not Churned
CUST_1425,28,Male,Latin America,2022-03-26,Standard,14.41,Credit Card,Yes,Monthly,5.0,Family,4,1,3,1,3,54,Active,Not Churned
CUST_1426,35,Male,North America,2024-11-07,Premium,20.52,Digital Wallet,No,Monthly,14.5,Family,3,7,17,1,3,22,Active,Not Churned
CUST_1427,39,Male,Middle East & Africa,2023-05-07,Basic,8.62,Direct Debit,Yes,Monthly,10.2,Anime,2,4,4,0,3,29,Active,Not Churned
CUST_1428,21,Female,Asia Pacific,2025-02-03,Premium,20.04,Digital Wallet,Yes,Monthly,6.6,Family,5,4,9,1,0,22,Churned,Low usage
CUST_1429,19,Male,Asia Pacific,2023-10-09,Basic,7.88,Direct Debit,Yes,Monthly,9.0,Thriller,1,6,6,1,1,22,Active,Not Churned
CUST_1430,49,Male,North America,2023-11-18,Premium,20.46,Direct Debit,Yes,Annual,5.7,Action,2,5,3,1,2,27,Active,Not Churned
CUST_1431,31,Female,Latin America,2022-10-13,Premium,20.24,Credit Card,Yes,Monthly,9.2,Anime,2,3,9,1,2,39,Active,Not Churned
CUST_1432,37,Female,Asia Pacific,2023-06-26,Standard,13.65,PayPal,Yes,Monthly,26.3,Comedy,3,14,15,1,0,0,Active,Not Churned
CUST_1433,24,Male,North America,2024-03-03,Standard,13.63,Credit Card,Yes,Monthly,4.8,Comedy,2,3,2,1,2,28,Active,Not Churned
CUST_1434,50,Female,Asia Pacific,2025-11-07,Premium,20.16,Credit Card,Yes,Monthly,4.8,Documentary,6,5,10,1,1,27,Active,Not Churned
CUST_1435,42,Male,Europe,2022-02-26,Basic,7.93,PayPal,No,Monthly,3.5,Anime,4,3,0,1,2,37,Churned,Too expensive
CUST_1436,28,Female,Middle East & Africa,2025-03-21,Basic,7.98,Credit Card,Yes,Annual,7.1,Sci-Fi,6,5,5,0,0,5,Active,Not Churned
CUST_1437,49,Male,Middle East & Africa,2023-06-26,Basic,8.37,Digital Wallet,No,Annual,11.7,Family,3,6,9,0,2,12,Active,Not Churned
CUST_1438,41,Male,Asia Pacific,2024-06-11,Standard,14.26,Credit Card,Yes,Monthly,8.9,Drama,1,9,11,1,1,16,Active,Not Churned
CUST_1439,42,Male,Europe,2021-10-14,Standard,14.46,Credit Card,No,Monthly,3.8,Thriller,4,1,3,2,2,40,Active,Not Churned
CUST_1440,43,Male,Asia Pacific,2023-11-03,Standard,13.31,Direct Debit,Yes,Monthly,12.3,Documentary,5,7,17,0,0,13,Active,Not Churned
CUST_1441,30,Female,Europe,2022-05-22,Premium,20.08,Credit Card,Yes,Monthly,3.9,Action,3,4,6,0,0,26,Churned,Payment issues
CUST_1442,52,Male,Latin America,2021-09-22,Basic,8.23,PayPal,Yes,Annual,3.3,Sci-Fi,1,3,0,3,0,40,Churned,Technical issues
CUST_1443,52,Male,Asia Pacific,2025-10-14,Standard,13.46,Carrier Billing,No,Monthly,6.2,Drama,3,3,1,0,0,23,Active,Not Churned
CUST_1444,52,Female,Asia Pacific,2021-01-18,Basic,7.76,Credit Card,Yes,Monthly,14.6,Action,5,6,11,3,2,24,Active,Not Churned
CUST_1445,18,Male,North America,2025-06-23,Basic,7.7,Credit Card,Yes,Monthly,8.4,Documentary,7,4,3,0,3,30,Active,Not Churned
CUST_1446,34,Female,North America,2024-10-26,Standard,14.0,Digital Wallet,No,Monthly,9.3,Thriller,3,4,9,2,0,25,Active,Not Churned
CUST_1447,38,Male,North America,2021-01-30,Premium,20.56,Carrier Billing,Yes,Monthly,5.1,Documentary,4,7,3,1,1,21,Active,Not Churned
CUST_1448,31,Female,Europe,2021-11-15,Standard,14.7,Credit Card,Yes,Monthly,6.5,Comedy,5,9,2,0,1,14,Churned,Lack of content
CUST_1449,34,Female,Europe,2023-04-14,Basic,7.7,PayPal,Yes,Monthly,13.4,Action,4,8,6,0,1,15,Active,Not Churned
CUST_1450,34,Male,Latin America,2023-10-12,Standard,14.17,Credit Card,No,Monthly,10.5,Sci-Fi,6,4,10,3,1,20,Active,Not Churned
CUST_1451,47,Male,Latin America,2022-01-24,Basic,8.19,Carrier Billing,Yes,Monthly,11.9,Drama,4,9,2,0,1,19,Active,Not Churned
CUST_1452,46,Female,Asia Pacific,2024-01-16,Premium,20.13,Credit Card,No,Annual,9.8,Thriller,1,5,11,0,0,13,Churned,Too expensive
CUST_1453,38,Female,North America,2024-01-28,Standard,14.13,Carrier Billing,Yes,Monthly,14.2,Comedy,1,8,13,0,0,9,Active,Not Churned
CUST_1454,38,Female,Asia Pacific,2024-05-26,Basic,8.1,Credit Card,Yes,Monthly,3.1,Family,1,2,3,1,0,18,Active,Not Churned
CUST_1455,34,Other,Middle East & Africa,2022-06-26,Basic,8.58,Credit Card,Yes,Monthly,7.0,Action,6,4,2,0,0,19,Active,Not Churned
CUST_1456,54,Female,Asia Pacific,2023-08-07,Basic,8.38,Credit Card,No,Annual,10.7,Action,3,6,10,1,1,21,Active,Not Churned
CUST_1457,38,Male,Asia Pacific,2024-05-24,Premium,19.62,PayPal,Yes,Monthly,4.4,Action,2,1,3,2,2,25,Churned,Low usage
CUST_1458,52,Female,North America,2024-12-19,Standard,14.27,Digital Wallet,No,Annual,1.6,Family,5,1,0,5,1,32,Churned,Switched to competitor
CUST_1459,44,Male,Europe,2025-08-12,Premium,20.3,Credit Card,Yes,Annual,22.8,Sci-Fi,2,15,20,1,2,9,Active,Not Churned
CUST_1460,40,Female,Asia Pacific,2022-12-13,Standard,14.1,Credit Card,No,Monthly,9.1,Documentary,2,6,4,0,3,13,Active,Not Churned
CUST_1461,19,Female,Middle East & Africa,2025-05-12,Standard,14.39,PayPal,Yes,Annual,2.9,Action,2,3,0,1,1,21,Active,Not Churned
CUST_1462,46,Female,Latin America,2021-06-12,Basic,8.06,Credit Card,Yes,Monthly,8.3,Action,3,2,7,2,1,42,Churned,Switched to competitor
CUST_1463,18,Male,Latin America,2022-05-11,Premium,20.06,Credit Card,Yes,Monthly,5.3,Drama,7,6,5,3,0,17,Active,Not Churned
CUST_1464,32,Female,Latin America,2025-05-09,Basic,8.03,PayPal,Yes,Annual,4.3,Action,1,2,9,1,1,33,Churned,Switched to competitor
CUST_1465,20,Male,Asia Pacific,2024-07-11,Standard,13.28,PayPal,No,Monthly,15.6,Action,3,11,9,1,1,9,Active,Not Churned
CUST_1466,44,Female,Asia Pacific,2021-07-14,Standard,13.96,Direct Debit,Yes,Monthly,6.3,Action,3,5,4,0,1,23,Active,Not Churned
CUST_1467,30,Female,Europe,2021-02-09,Standard,13.76,Credit Card,No,Monthly,6.2,Comedy,4,4,6,0,2,20,Churned,Low usage
CUST_1468,41,Male,Latin America,2023-10-11,Premium,19.57,Credit Card,Yes,Monthly,5.3,Comedy,3,1,6,3,1,18,Churned,Lack of content
CUST_1469,18,Male,Europe,2024-11-02,Basic,8.49,PayPal,Yes,Monthly,6.4,Sci-Fi,2,9,6,0,1,12,Active,Not Churned
CUST_1470,43,Female,Asia Pacific,2021-03-12,Standard,14.17,PayPal,Yes,Annual,9.5,Anime,2,8,8,2,0,20,Active,Not Churned
CUST_1471,42,Female,Middle East & Africa,2022-09-10,Standard,13.98,Direct Debit,No,Monthly,6.3,Drama,1,6,6,1,1,26,Churned,Switched to competitor
CUST_1472,24,Female,Europe,2024-01-25,Standard,13.79,Credit Card,No,Monthly,24.6,Sci-Fi,3,17,14,0,0,1,Active,Not Churned
CUST_1473,29,Female,Europe,2024-08-09,Basic,8.09,Credit Card,No,Monthly,3.9,Family,3,4,7,4,3,26,Churned,Switched to competitor
CUST_1474,47,Female,North America,2022-08-26,Basic,8.34,Credit Card,Yes,Annual,3.9,Anime,6,6,3,0,1,26,Churned,Too expensive
CUST_1475,37,Male,Europe,2024-10-29,Basic,7.7,PayPal,Yes,Monthly,6.2,Thriller,6,4,8,1,2,21,Active,Not Churned
CUST_1476,43,Other,Middle East & Africa,2024-03-08,Basic,7.99,Credit Card,No,Monthly,22.3,Thriller,5,14,18,0,1,2,Active,Not Churned
CUST_1477,18,Male,Europe,2025-05-22,Standard,14.29,Credit Card,Yes,Annual,12.7,Drama,1,7,7,1,1,13,Active,Not Churned
CUST_1478,32,Female,Latin America,2023-03-05,Standard,13.31,Carrier Billing,Yes,Monthly,6.2,Drama,6,4,13,2,2,24,Active,Not Churned
CUST_1479,44,Female,Asia Pacific,2021-10-07,Standard,13.97,Digital Wallet,Yes,Monthly,6.2,Drama,3,5,3,1,3,24,Churned,Switched to competitor
CUST_1480,27,Other,Asia Pacific,2025-09-01,Standard,13.84,Credit Card,Yes,Monthly,4.5,Comedy,3,1,2,0,0,29,Active,Not Churned
CUST_1481,28,Female,Middle East & Africa,2024-11-01,Standard,13.94,Credit Card,Yes,Annual,6.8,Family,3,5,7,1,0,12,Active,Not Churned
CUST_1482,34,Other,Europe,2022-04-05,Basic,7.81,PayPal,Yes,Annual,6.9,Thriller,3,4,7,2,1,22,Active,Not Churned
CUST_1483,26,Female,Europe,2025-01-20,Standard,14.04,Digital Wallet,Yes,Monthly,12.4,Comedy,2,4,9,0,2,20,Active,Not Churned
CUST_1484,48,Female,Asia Pacific,2022-06-25,Basic,8.66,PayPal,Yes,Annual,10.3,Sci-Fi,3,6,10,0,2,25,Active,Not Churned
CUST_1485,41,Male,Asia Pacific,2024-04-29,Basic,7.88,PayPal,Yes,Monthly,6.0,Thriller,1,4,6,1,2,28,Churned,Technical issues
CUST_1486,34,Male,Asia Pacific,2022-10-30,Standard,14.09,Carrier Billing,Yes,Annual,18.4,Sci-Fi,6,12,18,0,1,3,Active,Not Churned
CUST_1487,55,Female,Middle East & Africa,2024-02-14,Standard,14.69,Direct Debit,Yes,Monthly,5.7,Comedy,3,5,5,0,2,27,Active,Not Churned
CUST_1488,33,Male,Latin America,2021-05-21,Basic,7.8,Carrier Billing,Yes,Annual,2.7,Action,4,5,1,1,3,26,Churned,Technical issues
CUST_1489,39,Male,Europe,2021-09-25,Standard,14.63,Credit Card,No,Annual,9.7,Comedy,4,7,6,1,3,29,Active,Not Churned
CUST_1490,25,Male,North America,2025-04-26,Standard,13.99,Direct Debit,Yes,Annual,15.0,Drama,3,8,12,1,1,13,Active,Not Churned
CUST_1491,34,Female,North America,2023-02-08,Standard,14.61,Credit Card,No,Annual,8.3,Action,2,6,8,3,1,27,Churned,Technical issues
CUST_1492,41,Male,North America,2021-06-24,Standard,14.25,PayPal,Yes,Monthly,3.9,Action,3,3,5,1,0,30,Churned,Too expensive
CUST_1493,41,Male,Middle East & Africa,2024-01-06,Standard,14.1,Carrier Billing,No,Annual,9.3,Anime,1,7,5,0,0,17,Active,Not Churned
CUST_1494,25,Female,North America,2022-01-03,Basic,7.97,Carrier Billing,Yes,Annual,9.3,Comedy,5,6,10,2,2,39,Active,Not Churned
CUST_1495,21,Female,Middle East & Africa,2022-09-23,Premium,19.77,PayPal,Yes,Annual,11.8,Thriller,5,6,14,1,1,25,Active,Not Churned
CUST_1496,35,Male,Asia Pacific,2021-08-21,Standard,14.02,Direct Debit,Yes,Monthly,9.4,Anime,5,6,7,0,5,40,Active,Not Churned
CUST_1497,38,Male,Asia Pacific,2024-10-31,Standard,14.3,Credit Card,No,Monthly,16.1,Action,5,10,16,0,2,33,Active,Not Churned
CUST_1498,18,Female,Latin America,2021-08-23,Standard,13.99,Carrier Billing,Yes,Monthly,4.4,Sci-Fi,3,2,7,1,0,14,Active,Not Churned
CUST_1499,56,Female,Europe,2023-10-29,Standard,13.88,Carrier Billing,Yes,Monthly,1.3,Anime,3,3,9,0,1,33,Active,Not Churned
CUST_1500,37,Male,North America,2023-01-01,Standard,13.9,Direct Debit,No,Annual,2.6,Thriller,4,1,5,0,1,32,Active,Not Churned
CUST_1501,18,Female,North America,2024-07-19,Standard,14.34,Credit Card,Yes,Monthly,3.8,Family,3,5,4,1,0,23,Churned,Switched to competitor
CUST_1502,38,Female,Latin America,2021-11-17,Premium,20.42,Credit Card,No,Monthly,14.9,Comedy,3,10,13,2,0,9,Active,Not Churned
CUST_1503,18,Female,Asia Pacific,2025-02-03,Premium,19.76,Credit Card,Yes,Monthly,8.4,Drama,3,9,5,0,2,10,Active,Not Churned
CUST_1504,24,Male,Europe,2025-05-30,Standard,13.76,Direct Debit,Yes,Monthly,19.2,Sci-Fi,4,9,14,0,0,6,Active,Not Churned
CUST_1505,39,Female,Latin America,2022-01-17,Standard,14.12,Credit Card,Yes,Monthly,4.2,Drama,2,6,8,1,2,38,Churned,Switched to competitor
CUST_1506,22,Male,Asia Pacific,2025-08-31,Premium,20.52,Credit Card,Yes,Monthly,20.3,Drama,2,13,16,1,0,11,Active,Not Churned
CUST_1507,25,Male,Asia Pacific,2023-06-04,Basic,8.39,PayPal,Yes,Monthly,4.3,Action,2,3,4,0,1,16,Active,Not Churned
CUST_1508,43,Female,Middle East & Africa,2021-11-25,Premium,19.55,Credit Card,No,Annual,8.9,Anime,5,5,7,4,1,19,Churned,Technical issues
CUST_1509,33,Female,Asia Pacific,2023-08-08,Standard,13.9,PayPal,Yes,Annual,2.9,Documentary,3,1,6,0,1,14,Active,Not Churned
CUST_1510,30,Male,Asia Pacific,2022-02-02,Basic,7.66,Direct Debit,Yes,Monthly,16.9,Comedy,1,8,13,1,0,24,Churned,Too expensive
CUST_1511,32,Female,Asia Pacific,2023-06-26,Basic,7.9,Credit Card,Yes,Monthly,7.5,Action,3,4,8,2,3,30,Active,Not Churned
CUST_1512,51,Female,Europe,2022-07-07,Premium,20.55,Digital Wallet,Yes,Monthly,26.5,Anime,3,12,18,1,0,13,Active,Not Churned
CUST_1513,43,Female,Middle East & Africa,2024-06-02,Basic,7.49,Direct Debit,Yes,Annual,14.6,Drama,4,12,8,1,2,13,Active,Not Churned
CUST_1514,20,Male,North America,2023-09-16,Basic,7.42,Carrier Billing,No,Monthly,6.8,Action,1,2,4,0,0,32,Churned,Switched to competitor
CUST_1515,49,Male,Europe,2021-02-05,Basic,7.7,PayPal,No,Annual,4.8,Sci-Fi,4,4,6,0,1,21,Active,Not Churned
CUST_1516,30,Female,Europe,2023-06-05,Basic,8.09,Direct Debit,Yes,Annual,13.2,Comedy,3,9,12,2,4,25,Active,Not Churned
CUST_1517,33,Female,Middle East & Africa,2025-07-19,Basic,8.21,Carrier Billing,Yes,Monthly,8.0,Comedy,4,6,9,1,0,21,Active,Not Churned
CUST_1518,24,Female,Asia Pacific,2022-11-23,Standard,14.14,Credit Card,Yes,Monthly,5.3,Thriller,2,5,3,0,3,17,Active,Not Churned
CUST_1519,29,Female,Europe,2021-08-20,Basic,8.4,PayPal,Yes,Annual,8.4,Thriller,5,7,6,2,0,14,Active,Not Churned
CUST_1520,36,Female,Europe,2022-05-04,Premium,19.37,Credit Card,Yes,Annual,3.6,Thriller,4,2,0,1,3,29,Active,Not Churned
CUST_1521,35,Male,North America,2023-08-01,Premium,20.41,Carrier Billing,No,Monthly,12.0,Anime,1,8,4,0,4,24,Churned,Technical issues
CUST_1522,51,Male,North America,2025-04-06,Standard,13.88,Digital Wallet,Yes,Monthly,11.8,Action,6,7,9,1,2,31,Active,Not Churned
CUST_1523,23,Male,North America,2022-04-15,Basic,8.25,Digital Wallet,Yes,Monthly,3.4,Comedy,3,6,8,1,0,20,Active,Not Churned
CUST_1524,33,Female,Europe,2023-06-09,Standard,13.53,Digital Wallet,No,Monthly,16.3,Sci-Fi,2,13,11,0,0,6,Active,Not Churned
CUST_1525,18,Female,Europe,2023-12-16,Basic,7.99,PayPal,Yes,Annual,13.7,Sci-Fi,1,6,15,1,1,23,Active,Not Churned
CUST_1526,28,Other,Middle East & Africa,2021-08-05,Standard,14.07,PayPal,No,Monthly,10.1,Drama,4,3,7,1,2,27,Churned,Lack of content
CUST_1527,44,Male,Europe,2025-01-11,Premium,20.39,PayPal,Yes,Monthly,6.1,Drama,3,6,5,1,0,19,Churned,Too expensive
CUST_1528,49,Male,Latin America,2024-10-25,Premium,19.44,PayPal,Yes,Monthly,13.5,Thriller,5,10,6,0,1,24,Active,Not Churned
CUST_1529,50,Male,Latin America,2021-03-12,Standard,14.0,Credit Card,No,Monthly,6.8,Family,2,8,5,1,1,16,Churned,Too expensive
CUST_1530,30,Male,North America,2022-08-04,Basic,7.61,Direct Debit,Yes,Monthly,8.8,Drama,5,7,3,3,2,25,Active,Not Churned
CUST_1531,31,Male,North America,2023-05-21,Standard,14.17,Carrier Billing,Yes,Monthly,12.9,Thriller,2,10,4,1,3,13,Active,Not Churned
CUST_1532,24,Male,Asia Pacific,2025-01-06,Standard,14.26,PayPal,Yes,Monthly,3.5,Drama,3,6,0,0,1,29,Active,Not Churned
CUST_1533,32,Male,Middle East & Africa,2024-07-25,Standard,14.44,Carrier Billing,No,Annual,2.8,Action,5,6,4,1,0,13,Active,Not Churned
CUST_1534,46,Female,Asia Pacific,2024-09-06,Standard,13.8,PayPal,No,Monthly,6.5,Action,5,6,3,0,2,21,Active,Not Churned
CUST_1535,42,Male,Europe,2022-05-21,Basic,8.31,Direct Debit,No,Monthly,22.2,Thriller,3,10,13,1,1,21,Active,Not Churned
CUST_1536,29,Male,North America,2021-08-09,Basic,8.47,Credit Card,Yes,Annual,25.1,Sci-Fi,5,14,17,0,1,0,Active,Not Churned
CUST_1537,31,Male,Latin America,2024-07-14,Standard,13.41,Direct Debit,No,Monthly,10.5,Anime,4,7,3,1,0,24,Active,Not Churned
CUST_1538,31,Female,Europe,2022-08-18,Basic,8.2,Credit Card,Yes,Annual,13.9,Thriller,2,8,10,2,2,6,Active,Not Churned
CUST_1539,29,Female,North America,2025-10-22,Basic,8.33,Carrier Billing,Yes,Monthly,7.7,Anime,4,5,9,1,2,17,Active,Not Churned
CUST_1540,36,Male,North America,2024-02-27,Premium,19.9,Credit Card,Yes,Monthly,10.4,Action,3,10,11,0,1,13,Active,Not Churned
CUST_1541,41,Male,Asia Pacific,2025-04-14,Premium,19.57,Credit Card,Yes,Monthly,8.9,Anime,1,5,8,0,0,37,Active,Not Churned
CUST_1542,57,Female,Europe,2024-09-25,Standard,14.32,Carrier Billing,Yes,Monthly,15.6,Action,2,11,10,1,1,14,Active,Not Churned
CUST_1543,34,Female,Latin America,2021-10-27,Premium,19.57,PayPal,No,Annual,20.6,Sci-Fi,2,12,11,1,1,12,Active,Not Churned
CUST_1544,41,Female,North America,2023-02-28,Premium,19.93,Credit Card,No,Monthly,10.2,Thriller,2,5,7,0,1,30,Active,Not Churned
CUST_1545,24,Female,Asia Pacific,2023-01-29,Basic,7.98,Credit Card,Yes,Monthly,8.3,Thriller,3,4,12,0,1,16,Active,Not Churned
CUST_1546,35,Female,Middle East & Africa,2023-10-25,Standard,14.24,Credit Card,Yes,Monthly,7.8,Comedy,2,2,7,1,2,8,Active,Not Churned
CUST_1547,32,Female,Latin America,2023-04-22,Standard,13.77,Carrier Billing,Yes,Monthly,19.6,Anime,2,12,12,2,0,22,Active,Not Churned
CUST_1548,41,Female,North America,2021-06-14,Basic,7.75,PayPal,Yes,Annual,12.9,Thriller,2,8,11,0,2,23,Active,Not Churned
CUST_1549,39,Female,Asia Pacific,2025-01-31,Standard,14.02,Credit Card,No,Monthly,4.7,Drama,7,2,5,2,0,24,Active,Not Churned
CUST_1550,41,Male,Middle East & Africa,2021-01-07,Standard,14.34,PayPal,Yes,Annual,22.5,Anime,2,9,15,0,1,15,Active,Not Churned
CUST_1551,33,Female,Latin America,2023-11-24,Standard,14.79,Credit Card,Yes,Monthly,1.8,Drama,5,3,2,1,0,32,Churned,Technical issues
CUST_1552,31,Male,Middle East & Africa,2022-03-04,Basic,7.46,Credit Card,No,Monthly,17.8,Drama,4,10,11,1,2,15,Active,Not Churned
CUST_1553,22,Male,Middle East & Africa,2023-09-13,Basic,8.1,PayPal,Yes,Monthly,14.2,Drama,1,7,13,3,0,21,Active,Not Churned
CUST_1554,36,Female,North America,2023-06-29,Premium,19.61,Credit Card,No,Monthly,10.3,Sci-Fi,2,5,2,2,2,40,Active,Not Churned
CUST_1555,33,Female,North America,2021-03-04,Basic,8.35,Direct Debit,Yes,Annual,8.1,Action,2,5,8,1,0,12,Active,Not Churned
CUST_1556,48,Female,Latin America,2023-10-10,Basic,7.66,Credit Card,Yes,Monthly,7.4,Thriller,2,6,5,2,1,26,Active,Not Churned
CUST_1557,32,Male,Latin America,2023-07-20,Basic,7.75,Credit Card,Yes,Monthly,4.1,Comedy,4,3,0,1,0,16,Active,Not Churned
CUST_1558,29,Female,North America,2021-04-09,Standard,13.78,Credit Card,Yes,Monthly,21.5,Thriller,2,10,11,2,1,26,Active,Not Churned
CUST_1559,40,Female,Latin America,2024-01-08,Standard,13.96,Carrier Billing,Yes,Monthly,8.7,Action,1,6,7,1,1,23,Active,Not Churned
CUST_1560,20,Male,Europe,2025-08-18,Standard,14.1,Digital Wallet,Yes,Monthly,4.8,Documentary,4,6,5,0,1,15,Active,Not Churned
CUST_1561,37,Male,Middle East & Africa,2021-10-13,Basic,8.16,Credit Card,Yes,Monthly,20.1,Family,6,12,15,1,3,4,Active,Not Churned
CUST_1562,28,Female,North America,2021-08-27,Basic,7.99,PayPal,Yes,Monthly,10.5,Family,1,7,10,0,0,14,Active,Not Churned
CUST_1563,22,Male,Asia Pacific,2024-06-09,Premium,19.52,Digital Wallet,Yes,Monthly,12.9,Family,4,7,4,0,2,21,Active,Not Churned
CUST_1564,35,Male,Middle East & Africa,2025-05-14,Standard,14.24,Digital Wallet,Yes,Monthly,23.4,Drama,5,12,16,1,1,19,Active,Not Churned
CUST_1565,18,Female,Asia Pacific,2025-10-02,Standard,13.97,Credit Card,No,Monthly,12.5,Sci-Fi,4,6,11,1,3,17,Churned,Lack of content
CUST_1566,40,Male,North America,2025-09-26,Standard,14.4,Direct Debit,Yes,Monthly,6.0,Family,4,2,6,0,1,21,Active,Not Churned
CUST_1567,35,Female,North America,2022-01-22,Standard,13.74,PayPal,Yes,Monthly,12.5,Action,3,10,10,0,0,8,Active,Not Churned
CUST_1568,28,Female,Asia Pacific,2023-06-05,Basic,7.43,PayPal,Yes,Monthly,4.4,Thriller,4,5,0,4,1,21,Active,Not Churned
CUST_1569,43,Female,Latin America,2025-05-15,Standard,13.98,Carrier Billing,Yes,Annual,6.7,Anime,5,5,3,0,1,18,Active,Not Churned
CUST_1570,39,Male,Latin America,2025-01-19,Standard,14.44,Credit Card,Yes,Monthly,10.3,Drama,4,7,12,1,0,11,Active,Not Churned
CUST_1571,21,Female,Asia Pacific,2024-05-28,Basic,8.05,Carrier Billing,Yes,Monthly,13.8,Drama,7,9,9,1,2,21,Active,Not Churned
CUST_1572,40,Female,Europe,2023-09-27,Premium,19.92,Credit Card,No,Monthly,7.5,Family,3,4,13,1,1,21,Active,Not Churned
CUST_1573,39,Female,North America,2024-12-04,Standard,13.69,Credit Card,Yes,Monthly,7.9,Action,4,5,3,2,1,24,Churned,Too expensive
CUST_1574,30,Female,Asia Pacific,2021-06-12,Standard,14.61,Direct Debit,Yes,Annual,7.9,Anime,5,5,11,0,0,22,Active,Not Churned
CUST_1575,32,Female,Asia Pacific,2023-06-30,Premium,19.63,Digital Wallet,No,Annual,17.2,Comedy,2,15,10,0,0,0,Active,Not Churned
CUST_1576,50,Male,Europe,2021-10-18,Standard,13.74,PayPal,No,Monthly,8.8,Documentary,3,8,9,0,1,21,Active,Not Churned
CUST_1577,38,Male,Middle East & Africa,2025-11-03,Premium,20.19,Digital Wallet,Yes,Monthly,23.6,Thriller,3,14,14,3,0,9,Active,Not Churned
CUST_1578,22,Male,Asia Pacific,2023-06-22,Standard,13.34,Direct Debit,Yes,Monthly,6.7,Thriller,3,7,6,1,1,21,Active,Not Churned
CUST_1579,35,Male,Latin America,2023-12-15,Premium,20.44,Direct Debit,No,Monthly,7.7,Thriller,4,8,8,2,3,21,Active,Not Churned
CUST_1580,19,Male,Asia Pacific,2022-09-13,Basic,8.21,Credit Card,No,Monthly,17.6,Family,2,8,10,2,0,15,Active,Not Churned
CUST_1581,39,Female,North America,2021-03-20,Standard,14.3,Credit Card,Yes,Monthly,11.9,Thriller,3,7,11,1,0,18,Active,Not Churned
CUST_1582,28,Male,Middle East & Africa,2024-09-04,Standard,14.19,Direct Debit,Yes,Monthly,29.6,Anime,2,16,17,0,1,4,Active,Not Churned
CUST_1583,29,Male,Asia Pacific,2021-06-04,Basic,7.93,Credit Card,Yes,Annual,17.3,Drama,5,11,12,0,3,7,Active,Not Churned
CUST_1584,25,Female,Asia Pacific,2022-06-22,Standard,13.62,Digital Wallet,Yes,Annual,4.0,Drama,6,3,0,1,1,37,Active,Not Churned
CUST_1585,31,Female,Asia Pacific,2023-08-05,Premium,19.94,Credit Card,No,Monthly,10.0,Drama,1,6,6,0,2,17,Active,Not Churned
CUST_1586,36,Male,Latin America,2021-05-15,Standard,13.65,PayPal,Yes,Monthly,10.3,Documentary,4,6,11,1,0,20,Active,Not Churned
CUST_1587,28,Female,Middle East & Africa,2025-02-07,Basic,8.16,Credit Card,Yes,Monthly,9.2,Action,7,8,9,1,1,26,Active,Not Churned
CUST_1588,26,Male,Europe,2024-12-26,Basic,8.27,PayPal,Yes,Annual,7.3,Action,1,3,9,0,0,21,Active,Not Churned
CUST_1589,35,Male,Latin America,2022-05-19,Basic,8.51,Credit Card,No,Monthly,9.1,Sci-Fi,3,5,7,0,1,23,Active,Not Churned
CUST_1590,31,Female,North America,2023-10-24,Basic,8.12,Carrier Billing,No,Monthly,9.4,Comedy,3,3,12,0,0,8,Active,Not Churned
CUST_1591,32,Female,Europe,2024-09-22,Premium,20.31,Credit Card,Yes,Monthly,7.5,Family,3,3,7,2,1,13,Active,Not Churned
CUST_1592,27,Female,Middle East & Africa,2023-10-18,Standard,13.89,PayPal,No,Monthly,15.6,Thriller,2,10,9,0,1,13,Active,Not Churned
CUST_1593,25,Female,Asia Pacific,2021-01-12,Basic,7.82,Direct Debit,Yes,Monthly,20.2,Comedy,3,12,16,0,2,13,Active,Not Churned
CUST_1594,33,Other,North America,2022-11-09,Standard,14.16,Digital Wallet,No,Monthly,13.1,Family,3,7,12,1,3,31,Active,Not Churned
CUST_1595,41,Female,Europe,2022-11-26,Basic,7.85,Digital Wallet,Yes,Monthly,10.3,Anime,2,9,10,2,2,25,Active,Not Churned
CUST_1596,33,Female,Asia Pacific,2023-05-11,Basic,8.08,Credit Card,Yes,Monthly,7.7,Sci-Fi,3,8,5,2,0,6,Active,Not Churned
CUST_1597,31,Female,Europe,2025-08-16,Standard,13.62,Credit Card,Yes,Annual,10.3,Thriller,3,7,9,1,1,28,Active,Not Churned
CUST_1598,20,Male,North America,2021-07-24,Standard,13.68,Credit Card,Yes,Monthly,10.9,Family,5,7,12,0,1,10,Churned,Switched to competitor
CUST_1599,29,Female,Latin America,2024-11-05,Premium,20.21,Digital Wallet,Yes,Annual,6.2,Documentary,2,4,7,1,2,32,Active,Not Churned
CUST_1600,29,Male,North America,2024-07-27,Standard,14.3,Digital Wallet,Yes,Monthly,15.1,Documentary,1,10,6,0,4,15,Active,Not Churned
CUST_1601,35,Female,North America,2023-02-20,Standard,13.65,PayPal,No,Monthly,6.9,Thriller,4,3,4,2,1,46,Churned,Technical issues
CUST_1602,34,Female,Asia Pacific,2021-08-18,Standard,14.22,Direct Debit,Yes,Monthly,18.9,Comedy,3,14,10,1,3,7,Active,Not Churned
CUST_1603,57,Female,Asia Pacific,2025-03-20,Premium,19.8,PayPal,No,Monthly,2.4,Thriller,3,5,1,1,0,20,Active,Not Churned
CUST_1604,30,Male,North America,2024-12-20,Standard,14.0,Digital Wallet,Yes,Monthly,9.6,Sci-Fi,3,4,1,2,0,25,Churned,Low usage
CUST_1605,42,Female,Asia Pacific,2025-05-17,Premium,20.49,Credit Card,Yes,Annual,16.6,Family,3,8,17,0,2,17,Active,Not Churned
CUST_1606,42,Other,North America,2023-03-13,Premium,20.27,Carrier Billing,Yes,Monthly,14.2,Thriller,3,9,7,1,1,9,Active,Not Churned
CUST_1607,40,Female,Middle East & Africa,2022-05-01,Premium,20.27,PayPal,Yes,Monthly,5.4,Action,3,4,3,3,2,44,Active,Not Churned
CUST_1608,34,Male,Latin America,2021-03-14,Basic,8.66,PayPal,Yes,Annual,17.3,Sci-Fi,2,11,6,2,1,9,Active,Not Churned
CUST_1609,59,Female,Latin America,2022-01-20,Standard,13.74,PayPal,No,Annual,5.6,Documentary,4,4,8,1,4,25,Active,Not Churned
CUST_1610,26,Female,Latin America,2025-07-25,Standard,13.64,PayPal,Yes,Annual,6.7,Action,6,8,5,0,1,16,Active,Not Churned
CUST_1611,39,Male,North America,2021-07-02,Standard,13.74,Carrier Billing,Yes,Monthly,7.0,Comedy,4,5,5,1,1,24,Active,Not Churned
CUST_1612,41,Other,North America,2025-06-12,Standard,13.9,Credit Card,No,Monthly,3.2,Comedy,3,7,3,1,0,13,Active,Not Churned
CUST_1613,18,Male,Europe,2023-12-08,Premium,19.17,Credit Card,Yes,Annual,11.2,Documentary,3,8,10,1,3,28,Active,Not Churned
CUST_1614,20,Female,Asia Pacific,2021-06-25,Premium,19.92,Direct Debit,Yes,Annual,17.1,Action,1,8,10,2,2,22,Active,Not Churned
CUST_1615,46,Male,Middle East & Africa,2025-08-12,Basic,7.8,Direct Debit,Yes,Monthly,17.9,Thriller,3,14,6,0,0,5,Active,Not Churned
CUST_1616,37,Male,Europe,2021-04-07,Standard,14.26,PayPal,Yes,Annual,8.0,Comedy,4,7,3,3,1,26,Active,Not Churned
CUST_1617,23,Male,Middle East & Africa,2021-11-11,Standard,14.11,Direct Debit,No,Annual,8.8,Action,4,7,3,1,2,15,Active,Not Churned
CUST_1618,46,Male,North America,2022-06-03,Basic,7.78,PayPal,Yes,Monthly,12.7,Family,5,9,10,1,0,10,Active,Not Churned
CUST_1619,32,Female,Europe,2022-05-27,Basic,8.2,Carrier Billing,Yes,Annual,7.4,Anime,4,3,9,0,3,29,Active,Not Churned
CUST_1620,43,Male,Europe,2023-01-05,Basic,8.24,Direct Debit,Yes,Monthly,15.9,Drama,4,6,15,1,1,28,Active,Not Churned
CUST_1621,51,Male,Europe,2021-10-03,Standard,13.72,Digital Wallet,No,Monthly,8.5,Thriller,3,6,2,0,0,16,Active,Not Churned
CUST_1622,32,Female,Latin America,2023-10-07,Standard,13.82,Direct Debit,No,Monthly,5.2,Thriller,4,7,7,1,1,17,Active,Not Churned
CUST_1623,18,Female,Europe,2023-12-19,Premium,19.21,Direct Debit,Yes,Monthly,11.3,Thriller,4,8,6,4,0,4,Active,Not Churned
CUST_1624,26,Male,Latin America,2024-06-06,Standard,13.61,PayPal,Yes,Monthly,3.6,Anime,3,6,13,1,0,14,Active,Not Churned
CUST_1625,18,Male,Middle East & Africa,2021-06-30,Premium,19.73,PayPal,Yes,Annual,11.3,Anime,2,10,12,1,3,6,Active,Not Churned
CUST_1626,25,Male,Asia Pacific,2025-11-16,Standard,14.02,Credit Card,Yes,Annual,11.0,Thriller,4,7,13,1,0,8,Active,Not Churned
CUST_1627,48,Male,Europe,2021-08-31,Premium,19.66,PayPal,Yes,Monthly,7.0,Anime,4,7,8,1,0,20,Churned,Technical issues
CUST_1628,27,Female,North America,2023-10-19,Basic,7.81,Credit Card,Yes,Monthly,10.1,Action,4,9,9,1,2,41,Churned,Lack of content
CUST_1629,23,Female,Latin America,2024-05-15,Standard,13.56,Digital Wallet,Yes,Monthly,7.6,Documentary,1,5,5,0,0,21,Active,Not Churned
CUST_1630,49,Male,Middle East & Africa,2023-10-30,Premium,20.05,Digital Wallet,Yes,Monthly,6.8,Family,5,5,4,0,0,22,Active,Not Churned
CUST_1631,32,Female,North America,2025-06-26,Premium,20.14,PayPal,No,Monthly,4.6,Sci-Fi,3,4,2,2,2,22,Active,Not Churned
CUST_1632,36,Female,Middle East & Africa,2025-10-09,Premium,20.13,Credit Card,Yes,Monthly,5.1,Drama,6,1,7,0,1,21,Active,Not Churned
CUST_1633,23,Female,Middle East & Africa,2022-11-27,Basic,7.99,PayPal,Yes,Monthly,19.2,Family,6,12,17,2,2,28,Active,Not Churned
CUST_1634,46,Female,Asia Pacific,2022-11-10,Standard,13.45,Digital Wallet,No,Annual,7.4,Sci-Fi,3,6,5,2,3,20,Active,Not Churned
CUST_1635,34,Female,Asia Pacific,2024-08-01,Basic,7.77,Credit Card,No,Monthly,10.2,Comedy,1,7,5,1,1,5,Active,Not Churned
CUST_1636,42,Male,Latin America,2025-09-19,Basic,7.85,Digital Wallet,No,Monthly,7.3,Family,1,6,2,4,0,24,Churned,Payment issues
CUST_1637,19,Male,Middle East & Africa,2025-12-13,Standard,13.85,Credit Card,Yes,Annual,20.2,Documentary,2,12,14,3,1,10,Active,Not Churned
CUST_1638,47,Female,Asia Pacific,2022-10-05,Standard,14.02,PayPal,Yes,Annual,5.5,Sci-Fi,5,1,9,0,2,34,Active,Not Churned
CUST_1639,37,Female,North America,2021-02-09,Standard,14.49,Carrier Billing,Yes,Monthly,9.2,Comedy,6,9,11,0,2,28,Active,Not Churned
CUST_1640,27,Male,Latin America,2024-09-13,Premium,20.27,Direct Debit,Yes,Monthly,7.9,Family,3,5,10,0,1,24,Churned,Technical issues
CUST_1641,30,Male,Europe,2025-03-25,Standard,13.64,Credit Card,Yes,Monthly,15.2,Comedy,2,8,12,1,4,25,Active,Not Churned
CUST_1642,29,Male,Asia Pacific,2024-07-27,Premium,20.23,Digital Wallet,Yes,Monthly,12.1,Sci-Fi,6,10,9,1,1,19,Active,Not Churned
CUST_1643,36,Female,Asia Pacific,2025-08-12,Basic,8.21,Carrier Billing,Yes,Monthly,8.3,Comedy,3,7,10,1,0,37,Active,Not Churned
CUST_1644,35,Female,Europe,2025-03-28,Basic,7.71,Credit Card,Yes,Monthly,3.4,Family,2,4,1,1,2,42,Churned,Technical issues
CUST_1645,50,Female,North America,2023-11-21,Standard,14.29,PayPal,Yes,Monthly,25.2,Thriller,2,15,15,0,2,4,Churned,Low usage
CUST_1646,18,Male,Asia Pacific,2021-11-26,Premium,19.93,Direct Debit,Yes,Monthly,9.4,Documentary,5,4,12,0,1,30,Active,Not Churned
CUST_1647,40,Female,Asia Pacific,2022-05-10,Basic,7.5,Direct Debit,Yes,Monthly,4.3,Anime,3,4,1,3,0,37,Active,Not Churned
CUST_1648,18,Male,Middle East & Africa,2023-07-21,Standard,14.15,Credit Card,No,Annual,3.3,Sci-Fi,4,5,4,1,0,26,Active,Not Churned
CUST_1649,59,Male,North America,2023-10-24,Standard,14.07,Carrier Billing,No,Monthly,3.7,Action,1,2,6,1,1,27,Active,Not Churned
CUST_1650,49,Male,Middle East & Africa,2021-01-04,Basic,7.91,Credit Card,Yes,Annual,8.3,Family,2,4,7,0,1,20,Active,Not Churned
CUST_1651,33,Male,Asia Pacific,2025-03-10,Standard,13.98,Credit Card,Yes,Annual,15.3,Family,5,9,14,2,1,18,Active,Not Churned
CUST_1652,38,Male,North America,2025-04-23,Premium,19.74,PayPal,Yes,Monthly,11.7,Documentary,2,8,13,1,3,13,Active,Not Churned
CUST_1653,35,Male,Europe,2025-05-20,Standard,14.2,Credit Card,No,Monthly,3.4,Drama,2,4,5,2,2,34,Churned,Technical issues
CUST_1654,28,Female,North America,2022-04-05,Basic,7.97,Credit Card,Yes,Monthly,8.3,Comedy,3,3,11,0,3,38,Churned,Lack of content
CUST_1655,27,Male,Asia Pacific,2024-07-22,Premium,20.05,Digital Wallet,No,Annual,19.2,Thriller,3,7,10,1,0,15,Active,Not Churned
CUST_1656,34,Female,Middle East & Africa,2025-04-29,Basic,8.11,PayPal,Yes,Annual,6.5,Thriller,3,6,5,2,1,19,Active,Not Churned
CUST_1657,18,Female,Latin America,2023-04-22,Premium,19.59,PayPal,No,Monthly,11.7,Comedy,2,5,16,0,4,20,Active,Not Churned
CUST_1658,47,Male,Europe,2023-07-09,Basic,7.68,Digital Wallet,Yes,Monthly,6.7,Documentary,5,4,12,2,1,29,Active,Not Churned
CUST_1659,51,Male,Europe,2024-11-02,Standard,13.22,Digital Wallet,Yes,Annual,11.7,Family,1,3,5,0,2,27,Active,Not Churned
CUST_1660,31,Female,Europe,2024-05-05,Standard,14.19,Direct Debit,Yes,Monthly,5.5,Documentary,4,6,5,0,0,8,Active,Not Churned
CUST_1661,48,Male,North America,2022-03-13,Basic,7.57,Direct Debit,No,Annual,0.5,Comedy,1,2,3,0,1,47,Churned,Lack of content
CUST_1662,29,Male,North America,2022-03-14,Premium,20.04,Credit Card,Yes,Annual,5.6,Sci-Fi,2,5,6,2,2,13,Active,Not Churned
CUST_1663,28,Male,Asia Pacific,2021-01-08,Basic,8.12,Credit Card,Yes,Monthly,6.0,Thriller,2,5,9,1,2,15,Churned,Switched to competitor
CUST_1664,36,Female,Asia Pacific,2023-09-20,Basic,8.2,Credit Card,Yes,Monthly,7.8,Action,4,2,12,1,0,33,Churned,Lack of content
CUST_1665,39,Male,Europe,2022-06-24,Basic,7.57,PayPal,Yes,Monthly,6.2,Thriller,4,3,6,0,1,30,Active,Not Churned
CUST_1666,25,Female,Europe,2024-10-25,Standard,13.97,Credit Card,Yes,Monthly,6.8,Action,4,4,9,0,0,17,Active,Not Churned
CUST_1667,37,Male,Latin America,2024-06-01,Premium,20.57,Carrier Billing,Yes,Monthly,16.7,Thriller,1,9,13,2,1,12,Active,Not Churned
CUST_1668,37,Female,North America,2024-05-22,Premium,20.59,Digital Wallet,Yes,Monthly,6.0,Family,4,4,5,1,1,28,Active,Not Churned
CUST_1669,18,Male,North America,2025-01-05,Basic,8.34,Direct Debit,Yes,Monthly,8.3,Action,4,6,1,0,1,23,Churned,Too expensive
CUST_1670,31,Female,Europe,2024-04-25,Standard,14.11,Direct Debit,No,Monthly,3.5,Family,2,5,7,0,0,15,Active,Not Churned
CUST_1671,32,Female,Middle East & Africa,2025-10-18,Basic,7.64,PayPal,Yes,Monthly,12.4,Drama,1,5,11,0,3,32,Active,Not Churned
CUST_1672,28,Female,Latin America,2024-04-05,Standard,14.24,Credit Card,No,Monthly,10.3,Sci-Fi,3,7,9,0,0,21,Active,Not Churned
CUST_1673,28,Female,North America,2022-04-22,Premium,19.93,Carrier Billing,Yes,Monthly,26.2,Action,4,16,13,4,2,19,Active,Not Churned
CUST_1674,39,Male,Asia Pacific,2021-03-13,Standard,14.19,Credit Card,Yes,Annual,4.6,Drama,3,2,10,2,3,32,Active,Not Churned
CUST_1675,18,Female,Latin America,2025-10-03,Standard,13.77,Direct Debit,Yes,Monthly,20.8,Drama,2,12,14,2,0,16,Active,Not Churned
CUST_1676,45,Female,Asia Pacific,2021-03-06,Standard,13.93,Credit Card,No,Monthly,5.0,Drama,3,5,1,3,1,23,Churned,Technical issues
CUST_1677,33,Male,Europe,2025-12-04,Premium,20.05,Carrier Billing,Yes,Annual,8.5,Thriller,4,6,3,1,0,23,Active,Not Churned
CUST_1678,46,Female,Middle East & Africa,2025-06-08,Standard,14.08,Direct Debit,Yes,Monthly,3.9,Family,1,5,6,1,0,24,Active,Not Churned
CUST_1679,28,Female,Latin America,2023-03-05,Basic,8.16,Credit Card,No,Annual,24.0,Comedy,3,14,17,0,2,14,Active,Not Churned
CUST_1680,44,Female,Asia Pacific,2024-01-10,Standard,13.79,Direct Debit,No,Monthly,11.1,Documentary,5,6,7,1,0,23,Churned,Too expensive
CUST_1681,39,Male,North America,2021-06-12,Basic,7.52,Carrier Billing,No,Monthly,10.5,Drama,3,5,9,2,3,14,Churned,Low usage
CUST_1682,18,Male,North America,2024-11-01,Basic,8.56,PayPal,Yes,Monthly,4.5,Family,3,4,6,2,1,21,Active,Not Churned
CUST_1683,32,Male,North America,2021-06-18,Basic,8.86,PayPal,No,Annual,1.2,Documentary,4,2,3,1,3,32,Churned,Too expensive
CUST_1684,59,Male,Asia Pacific,2024-11-21,Standard,14.15,Credit Card,No,Monthly,7.0,Documentary,1,3,4,0,0,27,Active,Not Churned
CUST_1685,42,Male,Asia Pacific,2024-11-07,Standard,13.53,PayPal,Yes,Monthly,6.3,Drama,2,6,8,1,2,29,Active,Not Churned
CUST_1686,23,Female,Asia Pacific,2025-04-14,Basic,7.72,Direct Debit,Yes,Monthly,2.0,Sci-Fi,2,5,6,0,1,26,Active,Not Churned
CUST_1687,29,Male,North America,2023-08-27,Standard,14.17,Credit Card,Yes,Annual,7.3,Comedy,2,4,8,0,2,20,Churned,Low usage
CUST_1688,42,Male,Asia Pacific,2025-03-03,Premium,20.46,Credit Card,Yes,Annual,10.3,Thriller,5,5,5,2,1,30,Churned,Lack of content
CUST_1689,37,Female,Asia Pacific,2023-02-18,Standard,13.57,PayPal,Yes,Monthly,11.6,Anime,2,6,4,1,3,19,Churned,Technical issues
CUST_1690,19,Other,Latin America,2021-12-21,Standard,13.95,Direct Debit,Yes,Monthly,2.1,Drama,2,1,3,0,2,39,Churned,Too expensive
CUST_1691,18,Female,Europe,2023-04-14,Basic,8.06,PayPal,Yes,Monthly,3.4,Action,2,7,7,3,0,29,Active,Not Churned
CUST_1692,41,Male,Europe,2023-11-25,Premium,20.29,Digital Wallet,No,Monthly,6.7,Thriller,4,4,9,0,1,23,Active,Not Churned
CUST_1693,31,Male,Middle East & Africa,2022-06-17,Basic,7.87,Carrier Billing,Yes,Annual,15.1,Action,3,8,12,1,2,15,Active,Not Churned
CUST_1694,45,Female,North America,2023-06-30,Basic,7.44,PayPal,Yes,Annual,14.9,Sci-Fi,1,7,9,1,1,15,Active,Not Churned
CUST_1695,37,Female,Asia Pacific,2025-05-13,Premium,20.21,Direct Debit,Yes,Monthly,12.1,Anime,4,7,6,1,0,10,Active,Not Churned
CUST_1696,26,Female,Middle East & Africa,2024-08-20,Standard,14.38,Credit Card,No,Monthly,7.2,Anime,6,4,6,0,0,15,Active,Not Churned
CUST_1697,34,Female,Asia Pacific,2023-07-23,Standard,13.96,PayPal,Yes,Monthly,16.3,Action,3,12,11,1,1,10,Active,Not Churned
CUST_1698,30,Male,Asia Pacific,2025-06-26,Standard,14.13,PayPal,No,Annual,10.1,Anime,4,4,11,1,2,22,Churned,Low usage
CUST_1699,37,Female,Europe,2025-08-31,Standard,13.82,Credit Card,Yes,Monthly,15.8,Drama,4,7,9,1,3,12,Active,Not Churned
CUST_1700,25,Female,Latin America,2025-05-28,Basic,7.69,Carrier Billing,Yes,Annual,10.4,Sci-Fi,1,8,7,2,0,14,Active,Not Churned
CUST_1701,19,Female,Middle East & Africa,2021-03-17,Basic,8.35,PayPal,Yes,Monthly,2.2,Drama,5,2,9,2,1,30,Active,Not Churned
CUST_1702,32,Female,Europe,2021-09-20,Basic,8.13,PayPal,No,Monthly,1.2,Comedy,7,2,7,1,1,26,Active,Not Churned
CUST_1703,25,Male,Middle East & Africa,2024-12-14,Basic,8.16,Credit Card,Yes,Monthly,6.1,Documentary,1,6,3,0,1,14,Active,Not Churned
CUST_1704,43,Female,North America,2024-05-19,Premium,20.52,Digital Wallet,No,Monthly,15.2,Drama,2,9,15,1,1,0,Active,Not Churned
CUST_1705,32,Male,Latin America,2022-04-01,Basic,7.62,Credit Card,Yes,Monthly,5.5,Thriller,1,4,2,1,0,31,Active,Not Churned
CUST_1706,37,Male,Middle East & Africa,2021-11-12,Standard,13.8,Credit Card,Yes,Monthly,18.1,Sci-Fi,5,8,11,2,3,22,Churned,Lack of content
CUST_1707,30,Female,Latin America,2025-05-18,Premium,20.05,Credit Card,Yes,Monthly,14.6,Family,4,6,9,0,1,22,Active,Not Churned
CUST_1708,36,Male,North America,2023-12-19,Premium,19.79,Carrier Billing,No,Annual,18.5,Anime,3,9,12,0,1,16,Active,Not Churned
CUST_1709,40,Other,Asia Pacific,2021-10-16,Standard,14.26,Credit Card,Yes,Annual,6.9,Drama,4,3,8,0,1,29,Churned,Switched to competitor
CUST_1710,36,Female,North America,2022-02-24,Standard,13.92,Direct Debit,Yes,Monthly,4.8,Documentary,3,4,5,1,0,24,Active,Not Churned
CUST_1711,18,Female,North America,2021-11-07,Premium,19.64,Digital Wallet,No,Annual,5.7,Anime,6,1,7,0,1,29,Active,Not Churned
CUST_1712,30,Female,North America,2021-02-07,Standard,14.01,Credit Card,Yes,Monthly,11.7,Action,3,7,7,1,2,27,Active,Not Churned
CUST_1713,54,Female,North America,2022-03-01,Premium,20.05,Direct Debit,Yes,Monthly,4.4,Action,2,3,6,3,0,33,Active,Not Churned
CUST_1714,38,Female,Asia Pacific,2021-04-17,Premium,20.32,PayPal,Yes,Monthly,4.5,Thriller,4,4,5,2,1,35,Churned,Too expensive
CUST_1715,30,Female,Latin America,2023-05-29,Premium,20.13,Credit Card,Yes,Monthly,7.3,Sci-Fi,3,6,2,2,1,16,Active,Not Churned
CUST_1716,29,Female,North America,2023-05-20,Basic,8.15,Credit Card,Yes,Monthly,9.2,Documentary,2,6,9,0,2,24,Churned,Lack of content
CUST_1717,48,Male,North America,2021-12-16,Standard,14.1,Credit Card,Yes,Monthly,5.4,Sci-Fi,1,3,5,3,0,15,Active,Not Churned
CUST_1718,39,Female,Europe,2022-08-10,Basic,7.92,Credit Card,Yes,Annual,14.9,Thriller,1,11,8,0,1,8,Active,Not Churned
CUST_1719,21,Male,Europe,2024-07-13,Standard,13.74,Carrier Billing,Yes,Monthly,17.3,Drama,3,10,10,3,1,15,Active,Not Churned
CUST_1720,54,Female,Europe,2025-08-22,Premium,20.09,Credit Card,Yes,Annual,2.8,Action,3,5,2,0,1,27,Active,Not Churned
CUST_1721,37,Female,Asia Pacific,2023-05-10,Standard,13.87,Credit Card,Yes,Monthly,11.2,Comedy,3,7,7,2,1,20,Active,Not Churned
CUST_1722,37,Male,Middle East & Africa,2022-03-02,Standard,14.58,Digital Wallet,Yes,Monthly,6.3,Sci-Fi,4,5,11,1,2,29,Active,Not Churned
CUST_1723,49,Other,Europe,2022-07-26,Basic,8.46,Digital Wallet,Yes,Monthly,13.6,Anime,4,8,16,0,2,16,Active,Not Churned
CUST_1724,36,Other,Asia Pacific,2025-06-02,Premium,20.21,PayPal,No,Monthly,12.7,Drama,1,8,1,0,0,11,Active,Not Churned
CUST_1725,38,Female,Latin America,2021-10-05,Basic,8.12,Credit Card,Yes,Monthly,8.9,Thriller,4,5,8,0,0,14,Active,Not Churned
CUST_1726,19,Male,Europe,2024-03-24,Basic,7.96,Carrier Billing,Yes,Monthly,7.4,Documentary,3,5,9,1,0,26,Active,Not Churned
CUST_1727,33,Female,North America,2025-01-08,Basic,7.55,Credit Card,Yes,Annual,2.5,Sci-Fi,5,6,3,1,1,18,Active,Not Churned
CUST_1728,21,Female,Europe,2023-05-22,Basic,7.91,Direct Debit,Yes,Annual,26.2,Sci-Fi,6,16,19,1,1,0,Active,Not Churned
CUST_1729,29,Male,Asia Pacific,2024-09-05,Standard,14.03,Credit Card,No,Monthly,4.0,Documentary,2,5,9,0,3,30,Churned,Too expensive
CUST_1730,36,Female,North America,2022-02-13,Standard,14.07,Carrier Billing,Yes,Annual,20.9,Family,3,10,9,3,3,14,Active,Not Churned
CUST_1731,18,Female,Asia Pacific,2021-03-17,Basic,8.15,Direct Debit,Yes,Monthly,12.0,Comedy,2,5,9,1,1,24,Active,Not Churned
CUST_1732,37,Female,North America,2021-01-27,Basic,8.31,Digital Wallet,No,Monthly,5.8,Drama,3,5,11,1,1,15,Active,Not Churned
CUST_1733,42,Female,Asia Pacific,2025-09-02,Basic,7.75,Digital Wallet,Yes,Annual,5.2,Sci-Fi,5,5,1,2,0,22,Active,Not Churned
CUST_1734,18,Female,Asia Pacific,2023-02-17,Standard,13.75,Carrier Billing,No,Monthly,3.1,Drama,3,2,3,2,0,7,Active,Not Churned
CUST_1735,27,Male,Asia Pacific,2022-05-23,Basic,8.5,Credit Card,Yes,Monthly,8.2,Action,2,4,5,2,3,29,Active,Not Churned
CUST_1736,19,Female,North America,2023-02-22,Standard,14.26,Direct Debit,Yes,Monthly,3.0,Family,2,6,7,0,0,12,Active,Not Churned
CUST_1737,39,Male,Middle East & Africa,2022-10-21,Basic,7.85,Digital Wallet,Yes,Monthly,15.4,Comedy,3,10,14,0,1,4,Active,Not Churned
CUST_1738,29,Female,Asia Pacific,2022-02-15,Basic,7.95,Credit Card,Yes,Monthly,9.4,Sci-Fi,1,8,8,0,1,22,Active,Not Churned
CUST_1739,45,Male,Asia Pacific,2025-06-20,Standard,13.95,Credit Card,No,Monthly,8.6,Action,4,5,7,1,1,22,Active,Not Churned
CUST_1740,21,Female,Latin America,2024-08-04,Standard,14.0,Direct Debit,Yes,Annual,9.2,Documentary,3,5,2,3,2,25,Active,Not Churned
CUST_1741,36,Female,North America,2021-10-12,Basic,8.16,Direct Debit,Yes,Monthly,9.7,Sci-Fi,4,8,12,3,2,17,Active,Not Churned
CUST_1742,26,Male,North America,2024-03-26,Basic,8.88,PayPal,Yes,Annual,6.4,Drama,4,4,4,0,0,28,Active,Not Churned
CUST_1743,34,Male,North America,2023-09-03,Premium,20.06,Credit Card,Yes,Annual,9.0,Drama,4,5,7,0,0,17,Active,Not Churned
CUST_1744,31,Female,North America,2022-08-07,Basic,8.22,Direct Debit,Yes,Monthly,21.4,Anime,1,11,17,1,3,27,Active,Not Churned
CUST_1745,41,Female,North America,2022-01-08,Standard,13.4,Credit Card,Yes,Monthly,15.2,Thriller,4,8,11,0,3,29,Churned,Technical issues
CUST_1746,37,Female,Middle East & Africa,2025-09-13,Standard,13.82,Digital Wallet,Yes,Monthly,12.4,Action,2,9,12,0,2,27,Active,Not Churned
CUST_1747,45,Female,Europe,2022-05-27,Basic,8.42,Direct Debit,Yes,Annual,5.8,Drama,4,2,7,1,0,33,Churned,Lack of content
CUST_1748,33,Male,North America,2025-01-19,Standard,14.13,Direct Debit,No,Monthly,2.4,Thriller,1,4,4,0,2,21,Churned,Too expensive
CUST_1749,25,Female,Asia Pacific,2021-05-29,Premium,18.45,Credit Card,Yes,Monthly,12.9,Documentary,4,7,10,1,3,23,Active,Not Churned
CUST_1750,40,Female,Europe,2023-10-13,Premium,20.23,Direct Debit,No,Monthly,10.5,Family,1,6,4,1,2,21,Active,Not Churned
CUST_1751,33,Male,North America,2025-04-26,Basic,8.66,Digital Wallet,Yes,Monthly,6.9,Drama,6,5,5,2,0,28,Active,Not Churned
CUST_1752,31,Male,Middle East & Africa,2025-01-25,Basic,7.29,Credit Card,No,Monthly,7.6,Anime,4,5,9,4,1,26,Active,Not Churned
CUST_1753,37,Female,Latin America,2023-11-13,Basic,8.52,Direct Debit,No,Monthly,3.5,Drama,5,3,1,0,0,22,Active,Not Churned
CUST_1754,26,Female,Asia Pacific,2025-02-16,Standard,13.02,PayPal,Yes,Monthly,4.9,Comedy,6,3,3,0,2,39,Active,Not Churned
CUST_1755,52,Male,Asia Pacific,2023-08-15,Standard,14.32,Credit Card,No,Monthly,15.3,Sci-Fi,3,8,8,0,4,20,Active,Not Churned
CUST_1756,45,Female,North America,2023-06-05,Basic,7.99,Digital Wallet,Yes,Monthly,1.3,Comedy,3,5,3,2,2,21,Churned,Payment issues
CUST_1757,38,Male,Asia Pacific,2023-05-26,Basic,7.17,PayPal,Yes,Monthly,13.4,Anime,3,8,14,2,0,14,Active,Not Churned
CUST_1758,37,Male,Europe,2025-10-26,Premium,20.15,Credit Card,Yes,Monthly,19.8,Comedy,2,11,15,0,1,19,Active,Not Churned
CUST_1759,34,Male,Asia Pacific,2021-01-22,Basic,8.39,Carrier Billing,Yes,Monthly,10.7,Thriller,4,6,1,0,1,21,Active,Not Churned
CUST_1760,29,Female,Europe,2024-04-11,Standard,14.12,Credit Card,Yes,Monthly,11.1,Drama,5,6,10,0,1,23,Churned,Lack of content
CUST_1761,39,Male,Asia Pacific,2021-10-10,Standard,14.19,Direct Debit,Yes,Monthly,4.9,Action,2,3,3,1,2,30,Active,Not Churned
CUST_1762,30,Female,Asia Pacific,2021-02-17,Basic,7.85,Credit Card,Yes,Annual,4.7,Thriller,4,5,6,1,3,11,Active,Not Churned
CUST_1763,50,Male,North America,2025-11-25,Basic,7.34,Digital Wallet,Yes,Monthly,6.1,Family,1,3,5,1,2,21,Active,Not Churned
CUST_1764,48,Male,North America,2023-04-12,Basic,8.23,Digital Wallet,No,Annual,2.9,Thriller,2,1,1,1,1,28,Active,Not Churned
CUST_1765,36,Female,Europe,2025-09-03,Premium,20.6,Direct Debit,Yes,Annual,6.4,Sci-Fi,4,5,5,2,2,28,Active,Not Churned
CUST_1766,43,Female,Middle East & Africa,2024-12-03,Basic,8.39,PayPal,Yes,Annual,8.5,Sci-Fi,2,5,5,1,1,16,Active,Not Churned
CUST_1767,19,Male,Middle East & Africa,2023-12-30,Basic,7.29,Direct Debit,No,Annual,5.8,Comedy,4,3,6,2,3,24,Active,Not Churned
CUST_1768,36,Female,Asia Pacific,2023-03-14,Basic,7.46,Direct Debit,No,Annual,8.9,Sci-Fi,2,8,4,1,3,19,Active,Not Churned
CUST_1769,18,Male,Asia Pacific,2025-02-02,Basic,7.69,PayPal,Yes,Monthly,14.5,Action,3,4,7,1,1,34,Active,Not Churned
CUST_1770,35,Male,Asia Pacific,2025-07-17,Standard,13.43,Credit Card,No,Annual,9.6,Documentary,2,9,9,2,1,2,Active,Not Churned
CUST_1771,26,Female,Europe,2025-06-03,Basic,8.01,Carrier Billing,Yes,Monthly,10.5,Documentary,3,9,11,1,0,0,Active,Not Churned
CUST_1772,43,Female,Europe,2024-12-07,Standard,14.13,Direct Debit,Yes,Monthly,3.0,Thriller,1,2,5,2,0,39,Churned,Lack of content
CUST_1773,35,Female,Asia Pacific,2021-07-01,Standard,13.49,Credit Card,No,Monthly,15.1,Anime,3,8,8,0,1,6,Active,Not Churned
CUST_1774,30,Male,Middle East & Africa,2023-09-18,Premium,20.26,PayPal,No,Monthly,4.3,Drama,3,5,2,1,2,22,Churned,Lack of content
CUST_1775,30,Female,Europe,2023-02-14,Basic,8.2,Direct Debit,Yes,Annual,5.6,Thriller,1,5,3,0,0,9,Active,Not Churned
CUST_1776,18,Male,North America,2022-10-04,Premium,19.8,Direct Debit,Yes,Monthly,5.6,Comedy,4,3,8,3,1,26,Churned,Low usage
CUST_1777,43,Male,North America,2025-05-02,Standard,13.93,Digital Wallet,Yes,Annual,2.4,Anime,3,1,1,1,1,29,Churned,Too expensive
CUST_1778,48,Female,Europe,2021-10-24,Basic,7.31,Credit Card,Yes,Monthly,8.6,Drama,3,10,9,0,0,23,Active,Not Churned
CUST_1779,42,Female,Asia Pacific,2025-06-20,Standard,13.87,Direct Debit,Yes,Annual,11.7,Comedy,6,9,10,0,2,22,Active,Not Churned
CUST_1780,29,Male,Middle East & Africa,2025-10-04,Premium,19.99,PayPal,Yes,Monthly,20.1,Anime,3,12,17,0,0,0,Active,Not Churned
CUST_1781,25,Male,North America,2024-02-03,Basic,8.05,Credit Card,Yes,Monthly,9.4,Anime,4,7,10,1,0,4,Active,Not Churned
CUST_1782,18,Female,North America,2022-07-14,Premium,20.12,Digital Wallet,Yes,Annual,6.4,Comedy,1,6,7,0,0,22,Active,Not Churned
CUST_1783,30,Female,Europe,2023-01-17,Standard,14.08,PayPal,Yes,Annual,6.4,Anime,1,6,1,2,2,20,Active,Not Churned
CUST_1784,18,Female,Asia Pacific,2022-04-10,Standard,13.9,PayPal,Yes,Annual,2.6,Action,6,1,5,1,1,25,Active,Not Churned
CUST_1785,18,Male,Middle East & Africa,2023-12-06,Premium,20.09,Credit Card,Yes,Monthly,8.1,Anime,3,5,7,1,0,29,Active,Not Churned
CUST_1786,44,Female,Asia Pacific,2023-04-20,Standard,14.34,Direct Debit,No,Monthly,8.5,Family,3,5,6,0,0,8,Active,Not Churned
CUST_1787,50,Male,Latin America,2023-04-26,Premium,19.96,PayPal,Yes,Monthly,12.8,Sci-Fi,5,8,13,0,0,12,Active,Not Churned
CUST_1788,28,Female,Asia Pacific,2023-06-27,Basic,8.1,PayPal,No,Monthly,12.5,Comedy,2,9,8,1,1,20,Active,Not Churned
CUST_1789,39,Female,Middle East & Africa,2025-03-14,Premium,19.92,Direct Debit,Yes,Monthly,12.5,Sci-Fi,3,5,7,0,0,12,Active,Not Churned
CUST_1790,29,Female,Asia Pacific,2025-12-27,Standard,13.76,Direct Debit,Yes,Monthly,4.8,Action,2,1,8,0,1,38,Active,Not Churned
CUST_1791,46,Male,Asia Pacific,2023-09-06,Basic,8.17,Digital Wallet,Yes,Annual,3.3,Comedy,2,2,3,3,0,21,Active,Not Churned
CUST_1792,36,Male,Middle East & Africa,2021-07-06,Standard,13.8,Credit Card,Yes,Annual,12.7,Thriller,2,8,7,1,0,15,Active,Not Churned
CUST_1793,40,Male,Asia Pacific,2025-09-28,Basic,8.13,Digital Wallet,No,Monthly,1.7,Family,2,4,0,0,0,17,Active,Not Churned
CUST_1794,18,Male,North America,2025-05-16,Basic,8.0,PayPal,Yes,Annual,23.1,Drama,2,16,12,5,0,0,Active,Not Churned
CUST_1795,33,Male,Middle East & Africa,2022-12-02,Basic,7.88,Credit Card,Yes,Annual,4.7,Documentary,1,3,2,1,1,23,Churned,Lack of content
CUST_1796,29,Male,Asia Pacific,2021-09-11,Basic,7.88,Direct Debit,Yes,Monthly,15.5,Sci-Fi,1,11,12,0,0,15,Active,Not Churned
CUST_1797,48,Male,Latin America,2023-07-05,Basic,7.81,PayPal,Yes,Annual,5.3,Family,2,5,2,0,1,14,Active,Not Churned
CUST_1798,29,Male,Europe,2023-06-01,Basic,7.41,Carrier Billing,Yes,Annual,11.2,Sci-Fi,3,8,3,0,1,12,Active,Not Churned
CUST_1799,32,Female,Middle East & Africa,2025-05-09,Standard,14.12,PayPal,Yes,Monthly,4.1,Drama,4,4,5,0,0,18,Active,Not Churned
CUST_1800,18,Male,Latin America,2025-04-30,Standard,14.07,Credit Card,No,Monthly,8.8,Action,2,5,5,0,1,25,Active,Not Churned
CUST_1801,36,Male,Asia Pacific,2023-06-11,Standard,14.29,Direct Debit,No,Monthly,2.8,Thriller,2,1,3,2,0,26,Active,Not Churned
CUST_1802,35,Female,Latin America,2025-01-03,Basic,7.8,Credit Card,No,Monthly,9.7,Documentary,1,4,11,1,2,26,Active,Not Churned
CUST_1803,31,Other,Latin America,2025-03-25,Premium,20.65,Direct Debit,Yes,Annual,5.3,Family,4,5,5,1,0,21,Churned,Lack of content
CUST_1804,47,Male,Latin America,2025-12-22,Standard,13.86,Credit Card,Yes,Monthly,4.4,Action,3,4,9,0,0,18,Active,Not Churned
CUST_1805,34,Male,Asia Pacific,2023-12-09,Basic,7.68,Credit Card,Yes,Monthly,5.9,Family,2,4,5,2,1,37,Churned,Low usage
CUST_1806,28,Male,Asia Pacific,2024-02-14,Basic,7.64,PayPal,No,Annual,6.8,Drama,3,6,9,1,1,14,Active,Not Churned
CUST_1807,26,Male,Middle East & Africa,2021-06-22,Standard,13.38,PayPal,Yes,Annual,11.5,Anime,2,7,7,2,2,27,Active,Not Churned
CUST_1808,41,Male,Asia Pacific,2024-10-07,Basic,8.53,Digital Wallet,Yes,Monthly,10.1,Anime,4,5,8,1,1,32,Churned,Switched to competitor
CUST_1809,18,Male,North America,2024-01-13,Standard,14.47,PayPal,Yes,Monthly,9.3,Action,2,6,4,0,3,23,Active,Not Churned
CUST_1810,27,Female,North America,2025-10-07,Premium,20.2,Direct Debit,No,Monthly,15.3,Anime,6,11,8,2,2,16,Active,Not Churned
CUST_1811,33,Female,Latin America,2023-09-01,Basic,7.68,Carrier Billing,Yes,Monthly,10.0,Comedy,5,5,7,0,1,25,Active,Not Churned
CUST_1812,30,Male,North America,2023-01-21,Basic,8.62,Credit Card,Yes,Annual,10.4,Thriller,2,7,4,1,1,17,Active,Not Churned
CUST_1813,33,Male,Asia Pacific,2021-07-30,Premium,19.87,Digital Wallet,No,Monthly,5.7,Sci-Fi,3,4,6,1,0,9,Active,Not Churned
CUST_1814,45,Male,Middle East & Africa,2023-01-24,Standard,13.9,Credit Card,Yes,Annual,14.7,Action,2,7,9,1,1,18,Churned,Too expensive
CUST_1815,31,Male,Asia Pacific,2021-11-04,Basic,8.49,Carrier Billing,Yes,Monthly,13.0,Anime,2,7,10,1,0,29,Active,Not Churned
CUST_1816,24,Male,North America,2024-03-06,Premium,20.22,Direct Debit,Yes,Monthly,10.9,Family,4,4,4,0,0,26,Active,Not Churned
CUST_1817,49,Male,Middle East & Africa,2024-10-22,Premium,20.76,Carrier Billing,Yes,Annual,14.7,Thriller,4,9,12,1,2,18,Active,Not Churned
CUST_1818,31,Female,Asia Pacific,2025-03-11,Standard,14.08,PayPal,Yes,Monthly,8.4,Documentary,4,3,12,1,2,33,Churned,Lack of content
CUST_1819,38,Male,North America,2022-11-22,Standard,13.85,Carrier Billing,Yes,Annual,19.3,Family,6,13,17,1,0,6,Active,Not Churned
CUST_1820,49,Male,Europe,2022-05-07,Basic,7.78,Digital Wallet,No,Monthly,8.4,Documentary,2,6,12,0,2,22,Active,Not Churned
CUST_1821,27,Male,Latin America,2025-12-05,Basic,7.34,Credit Card,Yes,Annual,7.5,Drama,6,4,6,0,1,20,Active,Not Churned
CUST_1822,52,Female,Asia Pacific,2024-10-22,Standard,13.89,Direct Debit,Yes,Monthly,10.7,Comedy,2,9,7,2,2,22,Active,Not Churned
CUST_1823,52,Female,Asia Pacific,2023-11-20,Basic,8.39,Credit Card,Yes,Annual,20.8,Action,3,10,15,0,2,11,Active,Not Churned
CUST_1824,27,Male,North America,2025-02-05,Standard,14.2,Direct Debit,Yes,Annual,6.1,Sci-Fi,3,3,5,1,5,31,Churned,Too expensive
CUST_1825,28,Female,Europe,2024-04-24,Premium,20.0,Digital Wallet,No,Annual,11.6,Drama,1,4,3,1,2,32,Active,Not Churned
CUST_1826,41,Male,Asia Pacific,2023-12-16,Basic,7.64,Direct Debit,Yes,Annual,5.7,Documentary,2,7,8,0,0,15,Active,Not Churned
CUST_1827,48,Male,North America,2025-10-08,Standard,14.07,Direct Debit,No,Monthly,8.2,Action,3,9,6,2,1,21,Churned,Lack of content
CUST_1828,42,Male,Middle East & Africa,2022-01-17,Basic,8.34,Carrier Billing,Yes,Monthly,4.4,Action,4,1,0,1,3,38,Churned,Lack of content
CUST_1829,34,Female,North America,2024-01-22,Premium,20.14,Direct Debit,Yes,Monthly,12.2,Family,4,6,7,0,2,21,Active,Not Churned
CUST_1830,39,Male,Europe,2024-12-24,Basic,8.05,Credit Card,Yes,Monthly,8.0,Thriller,2,6,6,3,0,19,Active,Not Churned
CUST_1831,41,Male,North America,2023-07-05,Standard,13.71,Direct Debit,Yes,Monthly,13.2,Comedy,2,7,9,1,1,10,Active,Not Churned
CUST_1832,37,Female,Europe,2025-08-08,Standard,14.29,Digital Wallet,Yes,Monthly,15.3,Action,4,9,10,2,0,8,Active,Not Churned
CUST_1833,29,Male,Europe,2024-02-27,Standard,12.89,Direct Debit,Yes,Monthly,16.6,Drama,4,10,15,1,0,17,Active,Not Churned
CUST_1834,42,Female,Asia Pacific,2022-09-19,Standard,14.12,Credit Card,No,Annual,6.5,Drama,3,5,2,1,0,25,Active,Not Churned
CUST_1835,31,Male,Middle East & Africa,2023-11-17,Standard,14.89,Digital Wallet,No,Annual,10.7,Documentary,4,5,7,0,1,15,Active,Not Churned
CUST_1836,18,Female,Europe,2021-11-28,Standard,13.46,Digital Wallet,No,Monthly,17.2,Sci-Fi,3,10,9,1,2,19,Active,Not Churned
CUST_1837,20,Female,North America,2025-10-25,Standard,13.91,Credit Card,Yes,Monthly,5.1,Anime,2,2,9,0,1,28,Active,Not Churned
CUST_1838,47,Male,North America,2025-08-21,Premium,19.99,PayPal,Yes,Annual,10.5,Family,5,6,6,0,1,27,Active,Not Churned
CUST_1839,23,Male,North America,2023-04-15,Standard,13.83,Credit Card,Yes,Monthly,5.3,Comedy,3,1,4,0,3,47,Active,Not Churned
CUST_1840,35,Male,North America,2021-02-21,Standard,14.35,Digital Wallet,Yes,Monthly,21.4,Action,3,11,17,3,4,24,Active,Not Churned
CUST_1841,47,Female,Europe,2022-08-11,Basic,8.16,PayPal,Yes,Monthly,16.4,Family,2,9,15,0,1,10,Active,Not Churned
CUST_1842,36,Male,North America,2025-07-20,Premium,20.04,Credit Card,Yes,Monthly,13.1,Sci-Fi,2,10,14,1,0,18,Active,Not Churned
CUST_1843,57,Male,North America,2024-11-21,Standard,14.27,Credit Card,Yes,Monthly,11.6,Action,6,7,3,2,1,13,Active,Not Churned
CUST_1844,33,Male,Middle East & Africa,2023-02-06,Standard,14.0,PayPal,Yes,Monthly,5.6,Thriller,3,5,7,0,1,37,Active,Not Churned
CUST_1845,26,Female,North America,2024-04-02,Basic,9.1,Digital Wallet,Yes,Annual,17.5,Drama,3,10,12,2,0,5,Active,Not Churned
CUST_1846,20,Female,Latin America,2024-05-07,Premium,20.04,PayPal,Yes,Annual,8.6,Documentary,3,2,7,1,0,29,Active,Not Churned
CUST_1847,18,Female,Europe,2024-12-14,Standard,14.06,Digital Wallet,Yes,Annual,5.9,Comedy,2,1,5,0,1,29,Churned,Switched to competitor
CUST_1848,49,Male,Asia Pacific,2022-10-05,Standard,13.39,Direct Debit,No,Monthly,15.7,Family,2,9,14,2,2,16,Active,Not Churned
CUST_1849,23,Male,North America,2024-12-11,Basic,7.8,Direct Debit,Yes,Monthly,6.2,Anime,3,5,9,0,1,18,Active,Not Churned
CUST_1850,18,Female,North America,2022-07-24,Premium,20.39,Credit Card,Yes,Monthly,7.4,Drama,4,5,9,0,4,37,Churned,Too expensive
CUST_1851,30,Female,Europe,2024-07-07,Basic,7.52,Credit Card,Yes,Monthly,12.9,Comedy,1,6,10,0,0,22,Active,Not Churned
CUST_1852,28,Female,Asia Pacific,2021-07-28,Basic,7.23,Direct Debit,Yes,Monthly,3.5,Sci-Fi,4,3,11,1,1,25,Active,Not Churned
CUST_1853,27,Female,Middle East & Africa,2023-05-06,Premium,20.0,Credit Card,Yes,Monthly,13.1,Family,4,7,8,1,1,32,Active,Not Churned
CUST_1854,47,Female,Europe,2023-12-27,Premium,20.47,PayPal,Yes,Monthly,10.5,Comedy,3,8,3,2,2,20,Churned,Lack of content
CUST_1855,36,Female,Asia Pacific,2024-02-23,Basic,8.0,PayPal,No,Monthly,12.3,Anime,3,9,8,0,0,18,Active,Not Churned
CUST_1856,43,Female,Asia Pacific,2024-08-01,Standard,13.87,Direct Debit,No,Monthly,11.1,Drama,4,6,8,0,2,12,Active,Not Churned
CUST_1857,57,Female,Middle East & Africa,2025-12-01,Standard,13.34,PayPal,Yes,Monthly,28.9,Drama,5,16,22,0,2,0,Active,Not Churned
CUST_1858,26,Male,Asia Pacific,2021-08-23,Premium,20.15,Credit Card,Yes,Monthly,11.0,Action,3,7,7,1,0,23,Active,Not Churned
CUST_1859,36,Male,Europe,2025-07-01,Standard,14.22,Carrier Billing,Yes,Monthly,6.9,Drama,3,6,7,2,1,24,Active,Not Churned
CUST_1860,20,Male,Asia Pacific,2024-12-09,Standard,13.37,Carrier Billing,Yes,Monthly,8.7,Comedy,1,9,2,0,1,30,Active,Not Churned
CUST_1861,49,Male,Latin America,2021-08-08,Standard,14.39,Credit Card,Yes,Monthly,11.0,Comedy,5,7,11,2,1,16,Active,Not Churned
CUST_1862,32,Male,Latin America,2022-02-16,Standard,14.26,PayPal,No,Monthly,20.7,Documentary,1,14,14,1,1,12,Active,Not Churned
CUST_1863,18,Male,Latin America,2021-04-10,Premium,20.39,Credit Card,Yes,Monthly,13.6,Anime,6,6,9,2,1,20,Active,Not Churned
CUST_1864,21,Female,North America,2022-10-10,Standard,14.19,Credit Card,No,Monthly,5.4,Drama,1,3,11,0,2,33,Active,Not Churned
CUST_1865,49,Female,Europe,2021-08-07,Basic,8.22,Credit Card,No,Monthly,40.0,Drama,3,18,27,1,0,4,Active,Not Churned
CUST_1866,18,Male,Europe,2021-08-04,Premium,20.17,Direct Debit,No,Monthly,16.2,Drama,3,10,8,2,0,13,Active,Not Churned
CUST_1867,33,Other,Middle East & Africa,2025-06-04,Premium,20.29,PayPal,Yes,Annual,6.5,Comedy,3,6,5,2,0,15,Active,Not Churned
CUST_1868,39,Female,North America,2024-12-10,Premium,19.35,PayPal,Yes,Monthly,5.7,Sci-Fi,3,1,13,0,0,24,Churned,Lack of content
CUST_1869,40,Male,Europe,2024-04-20,Basic,7.46,Credit Card,Yes,Annual,3.2,Documentary,4,3,10,1,0,17,Churned,Too expensive
CUST_1870,60,Male,Latin America,2021-10-28,Basic,7.73,Credit Card,Yes,Monthly,7.7,Anime,1,6,9,0,1,23,Churned,Technical issues
CUST_1871,33,Female,North America,2022-06-05,Standard,13.94,Credit Card,Yes,Annual,8.6,Comedy,1,7,1,0,1,0,Active,Not Churned
CUST_1872,24,Male,Middle East & Africa,2022-03-26,Basic,8.13,Credit Card,Yes,Monthly,5.1,Sci-Fi,3,2,9,4,2,29,Active,Not Churned
CUST_1873,25,Male,Asia Pacific,2025-09-10,Premium,20.1,Carrier Billing,Yes,Monthly,4.9,Thriller,2,5,3,1,1,29,Active,Not Churned
CUST_1874,46,Male,North America,2021-07-01,Standard,14.38,Credit Card,Yes,Monthly,4.5,Anime,3,4,8,3,2,35,Churned,Too expensive
CUST_1875,18,Male,Asia Pacific,2021-04-09,Standard,14.39,Credit Card,No,Monthly,12.4,Action,3,9,7,2,1,6,Active,Not Churned
CUST_1876,36,Female,Asia Pacific,2025-09-05,Premium,19.68,Credit Card,No,Monthly,8.6,Sci-Fi,5,6,8,0,0,22,Active,Not Churned
CUST_1877,50,Female,North America,2024-09-09,Standard,14.07,Carrier Billing,Yes,Annual,4.8,Family,1,5,3,0,0,12,Active,Not Churned
CUST_1878,35,Male,Middle East & Africa,2024-05-03,Basic,7.69,Credit Card,Yes,Annual,8.5,Sci-Fi,4,8,6,0,0,12,Churned,Too expensive
CUST_1879,47,Male,Asia Pacific,2022-08-30,Standard,13.92,Credit Card,Yes,Annual,10.2,Action,1,6,9,1,0,25,Active,Not Churned
CUST_1880,18,Female,Asia Pacific,2024-05-28,Standard,14.1,PayPal,Yes,Monthly,10.9,Thriller,3,7,4,1,4,18,Active,Not Churned
CUST_1881,47,Female,Asia Pacific,2022-08-26,Standard,12.8,PayPal,Yes,Monthly,9.0,Drama,1,8,14,0,1,27,Active,Not Churned
CUST_1882,36,Female,North America,2025-10-22,Standard,14.83,PayPal,Yes,Annual,8.3,Comedy,4,5,3,1,3,28,Active,Not Churned
CUST_1883,29,Male,Asia Pacific,2023-05-18,Premium,20.19,Carrier Billing,Yes,Monthly,17.8,Family,3,8,9,0,2,22,Active,Not Churned
CUST_1884,29,Other,Europe,2023-02-26,Standard,13.78,PayPal,Yes,Monthly,4.6,Drama,2,5,6,0,0,27,Active,Not Churned
CUST_1885,51,Female,Middle East & Africa,2023-05-22,Basic,8.66,Credit Card,Yes,Monthly,6.9,Comedy,5,8,10,1,0,22,Active,Not Churned
CUST_1886,26,Male,Middle East & Africa,2023-08-02,Standard,13.87,Credit Card,No,Monthly,2.6,Family,3,5,2,1,1,28,Active,Not Churned
CUST_1887,26,Female,Latin America,2024-12-09,Standard,14.04,Direct Debit,No,Annual,7.1,Family,1,6,3,0,1,15,Active,Not Churned
CUST_1888,50,Male,North America,2021-11-25,Basic,7.82,Credit Card,Yes,Monthly,8.9,Action,3,2,4,0,3,23,Churned,Low usage
CUST_1889,37,Male,Asia Pacific,2023-08-29,Basic,8.57,Carrier Billing,Yes,Monthly,12.9,Thriller,4,7,6,0,1,16,Active,Not Churned
CUST_1890,39,Male,Middle East & Africa,2023-06-30,Standard,13.95,PayPal,No,Monthly,2.6,Action,2,2,4,1,2,33,Churned,Lack of content
CUST_1891,24,Female,Europe,2022-10-13,Basic,8.04,Credit Card,Yes,Monthly,8.7,Anime,1,6,7,2,2,15,Active,Not Churned
CUST_1892,24,Male,Europe,2024-06-09,Premium,20.41,Credit Card,Yes,Monthly,23.7,Documentary,3,16,16,4,4,17,Active,Not Churned
CUST_1893,52,Female,North America,2025-02-12,Basic,8.19,Credit Card,Yes,Monthly,10.6,Sci-Fi,2,5,9,1,0,24,Churned,Low usage
CUST_1894,37,Female,North America,2021-12-19,Basic,7.97,Credit Card,Yes,Monthly,3.4,Family,2,7,6,1,3,22,Active,Not Churned
CUST_1895,34,Female,North America,2025-08-10,Standard,14.38,PayPal,No,Monthly,7.1,Sci-Fi,3,4,5,0,2,26,Active,Not Churned
CUST_1896,31,Male,North America,2021-03-19,Premium,20.88,Credit Card,Yes,Annual,12.8,Action,2,7,7,2,2,23,Active,Not Churned
CUST_1897,32,Male,Europe,2022-07-07,Basic,8.1,Carrier Billing,Yes,Monthly,5.3,Action,4,6,5,0,0,21,Active,Not Churned
CUST_1898,26,Female,Asia Pacific,2022-04-14,Basic,8.03,Credit Card,Yes,Annual,9.4,Documentary,4,8,7,1,1,23,Active,Not Churned
CUST_1899,38,Male,Asia Pacific,2023-10-24,Basic,8.05,PayPal,Yes,Annual,9.0,Comedy,3,7,8,0,4,44,Active,Not Churned
CUST_1900,27,Male,Europe,2021-05-31,Standard,14.45,Direct Debit,Yes,Monthly,8.4,Documentary,2,4,4,1,1,26,Active,Not Churned
CUST_1901,30,Female,Middle East & Africa,2021-12-19,Standard,13.78,Direct Debit,Yes,Annual,3.8,Anime,5,4,6,0,1,19,Churned,Lack of content
CUST_1902,39,Male,Latin America,2025-01-10,Basic,7.89,Credit Card,Yes,Monthly,4.9,Comedy,4,2,1,1,0,13,Active,Not Churned
CUST_1903,48,Male,Europe,2022-06-20,Basic,7.45,Digital Wallet,No,Monthly,23.0,Comedy,3,12,13,0,1,0,Active,Not Churned
CUST_1904,46,Male,Asia Pacific,2025-05-25,Standard,13.58,Digital Wallet,Yes,Annual,6.8,Sci-Fi,3,5,9,2,0,17,Active,Not Churned
CUST_1905,27,Female,Middle East & Africa,2021-12-06,Premium,19.81,PayPal,Yes,Monthly,8.6,Sci-Fi,2,4,3,3,2,33,Churned,Switched to competitor
CUST_1906,32,Male,North America,2022-05-19,Standard,13.97,PayPal,No,Monthly,7.3,Drama,2,7,9,1,2,18,Active,Not Churned
CUST_1907,18,Female,Europe,2022-02-03,Standard,14.61,Credit Card,Yes,Monthly,13.4,Action,3,7,5,1,0,20,Active,Not Churned
CUST_1908,40,Male,Asia Pacific,2022-03-19,Basic,8.18,PayPal,Yes,Monthly,6.8,Thriller,7,5,1,0,0,15,Active,Not Churned
CUST_1909,41,Male,Europe,2023-04-14,Basic,7.67,Carrier Billing,Yes,Monthly,7.8,Thriller,3,4,2,1,1,28,Churned,Too expensive
CUST_1910,34,Female,Asia Pacific,2024-04-24,Basic,7.74,PayPal,No,Monthly,8.7,Documentary,2,8,7,0,1,23,Active,Not Churned
CUST_1911,46,Male,North America,2022-06-23,Standard,14.47,Digital Wallet,Yes,Monthly,14.2,Comedy,5,7,12,0,0,14,Active,Not Churned
CUST_1912,28,Female,Asia Pacific,2024-12-05,Premium,20.38,PayPal,Yes,Monthly,9.8,Sci-Fi,2,8,11,2,0,20,Active,Not Churned
CUST_1913,35,Female,Middle East & Africa,2021-08-17,Premium,20.0,Direct Debit,Yes,Annual,10.3,Action,5,9,11,2,2,16,Active,Not Churned
CUST_1914,22,Male,Middle East & Africa,2024-06-23,Premium,19.84,Direct Debit,Yes,Annual,7.5,Family,2,4,9,1,1,16,Active,Not Churned
CUST_1915,32,Female,Asia Pacific,2021-02-14,Premium,20.38,Credit Card,Yes,Annual,11.5,Comedy,6,7,6,1,0,21,Active,Not Churned
CUST_1916,29,Female,Middle East & Africa,2024-01-11,Premium,19.64,Digital Wallet,Yes,Annual,13.1,Documentary,3,7,7,1,3,26,Active,Not Churned
CUST_1917,40,Male,Latin America,2022-04-05,Basic,8.13,PayPal,Yes,Monthly,11.6,Sci-Fi,5,8,11,2,0,21,Active,Not Churned
CUST_1918,30,Male,North America,2022-09-28,Basic,8.79,PayPal,Yes,Annual,21.0,Action,2,12,18,2,1,19,Active,Not Churned
CUST_1919,46,Male,Asia Pacific,2025-07-26,Basic,8.06,Credit Card,Yes,Monthly,4.7,Documentary,3,3,1,0,1,23,Active,Not Churned
CUST_1920,18,Female,Middle East & Africa,2024-04-30,Standard,13.72,Carrier Billing,Yes,Annual,8.7,Drama,5,6,11,1,0,18,Active,Not Churned
CUST_1921,39,Male,Asia Pacific,2025-10-08,Basic,8.13,Direct Debit,No,Monthly,6.8,Anime,4,2,0,1,0,24,Churned,Switched to competitor
CUST_1922,18,Male,Latin America,2024-04-14,Premium,19.83,Credit Card,Yes,Annual,20.9,Thriller,2,12,15,0,2,14,Active,Not Churned
CUST_1923,33,Male,Asia Pacific,2021-07-02,Standard,13.5,Credit Card,No,Annual,12.6,Comedy,5,9,9,0,1,14,Active,Not Churned
CUST_1924,46,Female,North America,2022-01-24,Standard,14.24,PayPal,Yes,Annual,3.2,Thriller,1,3,3,0,0,24,Churned,Switched to competitor
CUST_1925,33,Female,North America,2023-06-27,Basic,8.38,Carrier Billing,Yes,Monthly,5.2,Comedy,4,6,5,0,3,19,Active,Not Churned
CUST_1926,46,Female,Latin America,2021-02-18,Basic,7.88,Carrier Billing,Yes,Monthly,6.3,Comedy,3,4,3,0,2,18,Active,Not Churned
CUST_1927,24,Female,Europe,2022-04-03,Basic,7.86,PayPal,Yes,Monthly,2.8,Family,5,2,5,0,2,22,Active,Not Churned
CUST_1928,36,Male,Asia Pacific,2024-04-06,Premium,19.65,Carrier Billing,Yes,Annual,10.4,Documentary,3,5,8,1,0,24,Active,Not Churned
CUST_1929,26,Male,Europe,2021-04-03,Standard,13.94,PayPal,Yes,Annual,6.3,Anime,4,4,8,0,2,25,Active,Not Churned
CUST_1930,49,Male,North America,2022-08-14,Standard,13.79,Credit Card,Yes,Monthly,22.2,Action,3,16,19,0,0,0,Active,Not Churned
CUST_1931,25,Female,Europe,2023-05-25,Basic,7.64,Credit Card,Yes,Annual,9.4,Action,1,7,8,0,2,25,Active,Not Churned
CUST_1932,24,Female,Europe,2021-02-19,Standard,14.65,Credit Card,Yes,Monthly,6.9,Documentary,6,4,3,0,2,35,Active,Not Churned
CUST_1933,46,Male,Europe,2022-10-24,Standard,14.15,Credit Card,Yes,Annual,4.8,Comedy,5,2,1,1,0,23,Active,Not Churned
CUST_1934,21,Female,Middle East & Africa,2021-02-03,Standard,14.19,Digital Wallet,Yes,Annual,8.3,Action,6,3,12,1,0,17,Active,Not Churned
CUST_1935,25,Female,Middle East & Africa,2023-07-06,Standard,14.3,Credit Card,Yes,Annual,18.6,Action,3,9,17,1,4,28,Active,Not Churned
CUST_1936,39,Female,North America,2021-09-18,Basic,8.26,Credit Card,Yes,Annual,6.9,Action,2,6,8,0,0,18,Active,Not Churned
CUST_1937,36,Other,North America,2021-06-21,Premium,19.85,Carrier Billing,Yes,Annual,9.6,Sci-Fi,3,6,7,0,0,17,Active,Not Churned
CUST_1938,27,Male,North America,2021-06-06,Basic,8.09,Credit Card,Yes,Monthly,14.6,Thriller,4,7,12,1,3,30,Active,Not Churned
CUST_1939,33,Female,Asia Pacific,2023-07-20,Premium,19.9,Credit Card,Yes,Monthly,11.3,Documentary,4,6,12,1,2,21,Active,Not Churned
CUST_1940,52,Male,Asia Pacific,2024-07-17,Basic,8.14,Direct Debit,Yes,Monthly,12.5,Drama,3,9,7,2,2,22,Active,Not Churned
CUST_1941,24,Male,North America,2021-12-10,Basic,8.11,Credit Card,Yes,Monthly,9.8,Documentary,2,6,7,0,1,21,Active,Not Churned
CUST_1942,34,Male,Asia Pacific,2025-08-27,Premium,19.86,PayPal,No,Monthly,11.5,Family,4,6,5,1,2,46,Active,Not Churned
CUST_1943,31,Male,Europe,2021-10-06,Basic,7.52,Credit Card,Yes,Monthly,2.4,Thriller,2,2,3,0,1,26,Churned,Technical issues
CUST_1944,44,Male,Europe,2021-09-07,Standard,14.04,Digital Wallet,Yes,Monthly,4.4,Comedy,1,8,9,2,3,29,Churned,Switched to competitor
CUST_1945,21,Female,Latin America,2023-11-06,Standard,13.92,Credit Card,Yes,Annual,9.4,Documentary,3,8,10,0,1,15,Active,Not Churned
CUST_1946,27,Female,North America,2024-05-29,Basic,7.33,Credit Card,Yes,Monthly,4.3,Drama,1,6,5,3,0,25,Active,Not Churned
CUST_1947,30,Female,Middle East & Africa,2023-01-11,Standard,14.17,Direct Debit,Yes,Monthly,8.3,Thriller,4,2,0,2,1,28,Churned,Switched to competitor
CUST_1948,27,Female,North America,2023-08-17,Premium,20.33,Credit Card,Yes,Annual,5.5,Drama,1,4,3,3,0,30,Active,Not Churned
CUST_1949,38,Female,Asia Pacific,2025-09-05,Premium,20.87,PayPal,Yes,Annual,16.7,Comedy,2,9,11,0,0,12,Active,Not Churned
CUST_1950,41,Male,Middle East & Africa,2024-07-03,Basic,7.85,Credit Card,Yes,Monthly,4.7,Anime,2,5,4,3,2,30,Active,Not Churned
CUST_1951,38,Male,Middle East & Africa,2024-05-28,Standard,13.8,Digital Wallet,Yes,Annual,4.8,Anime,4,6,5,0,0,13,Active,Not Churned
CUST_1952,18,Female,Latin America,2021-11-28,Basic,7.6,Direct Debit,Yes,Monthly,2.9,Anime,5,4,4,2,1,20,Active,Not Churned
CUST_1953,30,Female,Asia Pacific,2023-06-22,Basic,8.06,Direct Debit,Yes,Annual,11.5,Thriller,4,6,7,0,0,5,Active,Not Churned
CUST_1954,31,Male,Asia Pacific,2021-08-20,Basic,8.06,Direct Debit,Yes,Annual,7.6,Drama,5,4,6,0,2,28,Active,Not Churned
CUST_1955,22,Female,North America,2023-07-12,Premium,19.71,PayPal,No,Monthly,16.4,Thriller,5,11,11,0,2,9,Active,Not Churned
CUST_1956,25,Male,Asia Pacific,2025-02-22,Premium,19.93,PayPal,Yes,Annual,7.5,Action,4,7,4,0,2,35,Churned,Payment issues
CUST_1957,51,Female,Europe,2024-03-19,Standard,13.3,PayPal,Yes,Annual,4.3,Drama,4,4,10,2,1,22,Churned,Switched to competitor
CUST_1958,42,Female,Middle East & Africa,2025-01-06,Standard,14.31,Carrier Billing,Yes,Annual,8.1,Family,2,6,5,1,3,33,Churned,Switched to competitor
CUST_1959,22,Other,North America,2021-07-29,Standard,13.72,Credit Card,No,Monthly,16.7,Thriller,4,10,4,2,2,25,Active,Not Churned
CUST_1960,40,Male,Asia Pacific,2025-08-26,Standard,13.98,Credit Card,Yes,Monthly,3.0,Action,2,3,9,1,2,26,Churned,Lack of content
CUST_1961,39,Male,Latin America,2025-08-06,Standard,13.49,Carrier Billing,Yes,Monthly,9.9,Sci-Fi,5,8,5,3,2,17,Active,Not Churned
CUST_1962,26,Female,North America,2022-01-26,Standard,13.79,Credit Card,Yes,Monthly,10.4,Action,3,8,10,0,1,16,Active,Not Churned
CUST_1963,39,Female,Asia Pacific,2024-09-14,Basic,7.89,Digital Wallet,No,Annual,17.5,Sci-Fi,3,10,10,0,1,21,Active,Not Churned
CUST_1964,29,Male,Asia Pacific,2023-08-31,Basic,7.99,PayPal,No,Monthly,4.5,Family,2,4,6,0,1,39,Active,Not Churned
CUST_1965,18,Male,North America,2021-11-30,Premium,20.16,Credit Card,Yes,Monthly,4.2,Anime,1,3,4,0,1,16,Active,Not Churned
CUST_1966,29,Male,Asia Pacific,2022-11-26,Standard,14.49,Credit Card,Yes,Monthly,6.6,Anime,3,3,9,0,1,25,Active,Not Churned
CUST_1967,23,Female,Europe,2022-06-01,Premium,20.25,Credit Card,Yes,Monthly,14.4,Thriller,5,7,9,1,1,15,Active,Not Churned
CUST_1968,28,Male,Europe,2025-04-15,Basic,8.33,Credit Card,Yes,Monthly,7.9,Anime,5,6,4,1,0,17,Active,Not Churned
CUST_1969,39,Male,North America,2021-02-10,Standard,14.5,PayPal,Yes,Monthly,11.0,Anime,2,6,9,0,1,32,Churned,Too expensive
CUST_1970,39,Female,Europe,2023-08-22,Basic,8.19,Carrier Billing,Yes,Monthly,3.8,Drama,5,5,3,2,2,20,Active,Not Churned
CUST_1971,38,Female,North America,2024-09-03,Basic,7.98,Credit Card,Yes,Annual,6.6,Anime,2,5,0,1,1,12,Active,Not Churned
CUST_1972,37,Female,Asia Pacific,2021-11-04,Basic,8.34,Credit Card,Yes,Monthly,8.0,Documentary,2,7,5,1,1,21,Active,Not Churned
CUST_1973,23,Female,Latin America,2024-11-16,Basic,8.37,Credit Card,Yes,Monthly,2.6,Sci-Fi,3,4,12,2,1,28,Churned,Technical issues
CUST_1974,26,Male,North America,2022-06-29,Premium,20.22,Credit Card,Yes,Annual,10.0,Comedy,1,8,2,1,2,17,Active,Not Churned
CUST_1975,45,Female,North America,2022-12-07,Basic,7.48,Credit Card,No,Monthly,6.2,Drama,4,4,6,2,0,19,Active,Not Churned
CUST_1976,52,Female,Middle East & Africa,2023-12-27,Standard,13.7,PayPal,Yes,Annual,32.1,Drama,1,18,19,0,1,1,Active,Not Churned
CUST_1977,34,Male,Europe,2024-12-05,Standard,13.89,Direct Debit,Yes,Monthly,8.4,Family,2,7,12,2,1,11,Active,Not Churned
CUST_1978,37,Male,Latin America,2023-10-06,Standard,14.26,Credit Card,Yes,Annual,18.8,Action,2,8,9,4,3,28,Active,Not Churned
CUST_1979,55,Male,North America,2024-10-06,Standard,13.98,Credit Card,Yes,Monthly,11.0,Anime,3,10,8,0,0,9,Active,Not Churned
CUST_1980,30,Female,North America,2024-10-10,Basic,8.39,Credit Card,Yes,Monthly,7.1,Documentary,3,9,8,0,2,26,Active,Not Churned
CUST_1981,36,Female,Europe,2024-10-15,Premium,20.45,Digital Wallet,Yes,Monthly,18.5,Drama,4,12,12,1,1,13,Active,Not Churned
CUST_1982,27,Female,Latin America,2025-12-30,Premium,20.41,Direct Debit,Yes,Monthly,5.4,Drama,1,6,3,2,2,23,Active,Not Churned
CUST_1983,18,Female,Asia Pacific,2025-04-25,Standard,14.41,Credit Card,Yes,Annual,6.5,Drama,2,6,6,1,2,21,Active,Not Churned
CUST_1984,28,Female,Latin America,2023-02-14,Standard,13.63,Credit Card,No,Monthly,13.6,Sci-Fi,5,8,9,2,1,5,Active,Not Churned
CUST_1985,38,Male,North America,2021-09-22,Basic,8.16,Credit Card,Yes,Monthly,1.3,Drama,3,2,2,0,1,26,Active,Not Churned
CUST_1986,18,Female,Asia Pacific,2023-06-08,Premium,19.78,Direct Debit,Yes,Annual,9.5,Drama,2,8,10,1,0,14,Active,Not Churned
CUST_1987,39,Male,Europe,2025-12-13,Basic,7.41,Digital Wallet,No,Monthly,7.5,Comedy,3,3,7,1,5,34,Active,Not Churned
CUST_1988,21,Female,North America,2023-10-13,Basic,7.89,Credit Card,Yes,Annual,9.0,Action,2,4,9,1,1,23,Active,Not Churned
CUST_1989,28,Female,Europe,2023-10-13,Basic,8.45,Carrier Billing,Yes,Annual,6.7,Action,3,4,7,1,0,33,Active,Not Churned
CUST_1990,32,Female,Asia Pacific,2024-06-24,Premium,20.15,Carrier Billing,Yes,Annual,14.6,Action,7,10,13,5,0,15,Active,Not Churned
CUST_1991,25,Male,Europe,2021-10-15,Standard,14.7,Direct Debit,Yes,Annual,5.3,Thriller,5,3,9,3,1,22,Active,Not Churned
CUST_1992,34,Male,Middle East & Africa,2022-04-18,Standard,14.05,PayPal,No,Monthly,14.3,Family,4,8,9,0,1,5,Active,Not Churned
CUST_1993,33,Male,Europe,2024-11-16,Premium,20.85,Digital Wallet,No,Annual,5.7,Anime,3,4,8,0,0,18,Churned,Too expensive
CUST_1994,35,Male,Middle East & Africa,2023-12-16,Basic,8.05,Direct Debit,No,Monthly,9.4,Action,6,4,3,2,1,18,Active,Not Churned
CUST_1995,49,Female,Asia Pacific,2025-09-23,Premium,20.0,PayPal,Yes,Monthly,17.4,Sci-Fi,3,6,5,1,3,16,Churned,Switched to competitor
CUST_1996,26,Female,Latin America,2022-03-28,Standard,13.54,Direct Debit,Yes,Monthly,5.0,Thriller,5,2,10,2,2,29,Active,Not Churned
CUST_1997,39,Female,Asia Pacific,2024-01-28,Standard,14.38,Direct Debit,Yes,Monthly,5.8,Thriller,5,5,4,4,1,34,Active,Not Churned
CUST_1998,26,Female,Latin America,2023-02-21,Basic,7.81,Credit Card,Yes,Annual,13.9,Anime,3,9,10,1,1,23,Active,Not Churned
CUST_1999,34,Male,North America,2023-10-13,Premium,19.76,Carrier Billing,No,Annual,10.6,Action,3,8,4,0,2,9,Active,Not Churned
CUST_2000,44,Male,North America,2023-07-16,Basic,8.44,Carrier Billing,Yes,Monthly,2.2,Comedy,2,4,0,0,1,24,Active,Not Churned
CUST_2001,44,Male,Asia Pacific,2023-08-17,Basic,8.4,Credit Card,Yes,Monthly,8.8,Family,3,5,5,0,0,23,Active,Not Churned
CUST_2002,29,Female,Europe,2023-04-19,Standard,14.39,Credit Card,Yes,Annual,12.0,Thriller,3,6,11,0,0,22,Active,Not Churned
CUST_2003,43,Male,Europe,2024-11-28,Basic,7.86,Direct Debit,No,Monthly,14.2,Documentary,4,9,8,0,1,26,Active,Not Churned
CUST_2004,37,Male,North America,2023-10-26,Basic,7.97,Carrier Billing,Yes,Annual,9.3,Comedy,3,6,6,1,0,11,Active,Not Churned
CUST_2005,35,Female,Asia Pacific,2022-07-25,Standard,13.97,PayPal,Yes,Monthly,11.2,Drama,3,9,6,0,1,9,Active,Not Churned
CUST_2006,37,Female,Latin America,2022-07-31,Standard,14.26,Direct Debit,Yes,Monthly,19.8,Comedy,3,12,16,0,0,3,Active,Not Churned
CUST_2007,34,Female,Asia Pacific,2023-07-06,Premium,20.53,Direct Debit,Yes,Monthly,15.1,Drama,7,11,13,0,2,16,Churned,Too expensive
CUST_2008,25,Male,Europe,2025-12-10,Basic,8.12,Credit Card,Yes,Monthly,6.5,Comedy,5,4,4,3,3,11,Active,Not Churned
CUST_2009,33,Male,Asia Pacific,2021-11-18,Standard,14.68,Credit Card,Yes,Annual,7.8,Thriller,4,7,8,2,1,19,Active,Not Churned
CUST_2010,48,Male,Latin America,2024-02-25,Standard,14.3,Carrier Billing,Yes,Monthly,15.8,Drama,2,13,10,0,4,1,Active,Not Churned
CUST_2011,28,Female,Europe,2021-08-14,Standard,13.91,Credit Card,Yes,Monthly,9.9,Drama,2,7,6,2,2,22,Churned,Too expensive
CUST_2012,66,Female,North America,2021-11-19,Standard,14.28,PayPal,Yes,Monthly,9.1,Drama,3,7,7,0,0,31,Active,Not Churned
CUST_2013,26,Female,Asia Pacific,2024-07-12,Standard,14.59,Carrier Billing,Yes,Monthly,7.1,Family,2,3,8,3,0,33,Churned,Too expensive
CUST_2014,43,Female,Europe,2024-11-15,Premium,20.69,Credit Card,No,Monthly,16.7,Action,1,11,9,0,0,1,Active,Not Churned
CUST_2015,19,Male,Asia Pacific,2024-01-12,Basic,8.41,PayPal,Yes,Monthly,4.5,Sci-Fi,4,6,6,0,0,15,Active,Not Churned
CUST_2016,38,Male,Europe,2022-11-18,Basic,8.0,Credit Card,Yes,Annual,5.8,Family,3,4,13,0,0,15,Active,Not Churned
CUST_2017,18,Female,Asia Pacific,2021-01-22,Standard,13.91,Credit Card,Yes,Annual,15.4,Thriller,5,10,11,0,2,24,Active,Not Churned
CUST_2018,43,Female,Middle East & Africa,2022-07-21,Premium,20.19,Direct Debit,Yes,Annual,16.6,Anime,2,10,11,1,1,0,Active,Not Churned
CUST_2019,34,Female,North America,2022-07-30,Basic,8.58,Digital Wallet,Yes,Monthly,25.7,Documentary,5,15,16,0,3,5,Active,Not Churned
CUST_2020,44,Male,North America,2025-01-02,Standard,14.14,Credit Card,Yes,Monthly,8.2,Documentary,1,7,8,0,1,13,Active,Not Churned
CUST_2021,22,Other,Middle East & Africa,2022-05-30,Premium,20.15,Digital Wallet,Yes,Monthly,8.5,Action,5,7,2,1,1,11,Active,Not Churned
CUST_2022,36,Male,Middle East & Africa,2023-08-22,Standard,14.01,Credit Card,No,Monthly,7.6,Action,2,5,11,0,3,37,Active,Not Churned
CUST_2023,40,Female,Europe,2022-12-10,Premium,19.88,Digital Wallet,Yes,Annual,4.5,Action,3,5,7,1,2,14,Active,Not Churned
CUST_2024,40,Female,Asia Pacific,2021-04-02,Standard,13.93,Digital Wallet,No,Annual,2.2,Sci-Fi,2,5,1,1,3,18,Active,Not Churned
CUST_2025,25,Male,Asia Pacific,2025-06-18,Standard,14.04,Credit Card,No,Monthly,10.0,Documentary,1,6,8,2,1,33,Active,Not Churned
CUST_2026,35,Female,Asia Pacific,2024-03-25,Basic,8.59,Credit Card,Yes,Annual,6.2,Sci-Fi,1,5,4,1,0,20,Active,Not Churned
CUST_2027,29,Female,Latin America,2024-07-06,Premium,19.91,Credit Card,Yes,Annual,6.7,Action,3,2,7,1,3,30,Churned,Low usage
CUST_2028,36,Female,Asia Pacific,2021-10-23,Standard,14.01,Digital Wallet,No,Monthly,9.0,Documentary,1,7,7,1,0,13,Active,Not Churned
CUST_2029,18,Other,Latin America,2024-09-05,Standard,13.69,Credit Card,Yes,Monthly,10.1,Comedy,4,9,8,1,1,16,Active,Not Churned
CUST_2030,49,Male,Latin America,2024-05-17,Standard,14.24,PayPal,Yes,Monthly,7.9,Thriller,3,5,3,0,0,17,Active,Not Churned
CUST_2031,28,Male,Europe,2023-03-28,Standard,14.47,PayPal,Yes,Monthly,8.0,Family,3,6,5,0,0,13,Active,Not Churned
CUST_2032,39,Male,Asia Pacific,2023-10-07,Standard,14.56,PayPal,No,Annual,6.8,Sci-Fi,3,5,9,2,1,14,Active,Not Churned
CUST_2033,22,Male,Asia Pacific,2022-03-23,Standard,14.06,Direct Debit,Yes,Monthly,12.6,Sci-Fi,2,7,7,2,0,19,Active,Not Churned
CUST_2034,18,Female,Middle East & Africa,2022-08-05,Premium,20.19,Credit Card,Yes,Annual,7.5,Comedy,1,6,0,0,3,19,Active,Not Churned
CUST_2035,41,Male,Asia Pacific,2024-11-05,Standard,13.94,Digital Wallet,Yes,Annual,4.8,Comedy,1,2,4,1,0,23,Active,Not Churned
CUST_2036,40,Male,Latin America,2025-06-12,Standard,14.17,Credit Card,Yes,Annual,6.6,Anime,3,4,13,0,2,30,Active,Not Churned
CUST_2037,43,Male,North America,2023-05-23,Basic,8.1,Carrier Billing,No,Monthly,9.0,Documentary,2,4,9,0,3,23,Active,Not Churned
CUST_2038,38,Female,Asia Pacific,2022-03-08,Standard,14.01,PayPal,Yes,Annual,13.0,Comedy,3,9,7,1,0,13,Active,Not Churned
CUST_2039,46,Female,North America,2023-03-21,Standard,14.04,Digital Wallet,No,Monthly,21.9,Drama,5,13,14,4,1,24,Active,Not Churned
CUST_2040,37,Female,Asia Pacific,2022-05-25,Basic,8.15,Carrier Billing,Yes,Annual,8.3,Action,2,5,9,1,0,24,Active,Not Churned
CUST_2041,25,Male,Europe,2023-05-18,Basic,7.89,Direct Debit,Yes,Monthly,18.2,Documentary,3,11,7,2,1,10,Active,Not Churned
CUST_2042,58,Male,Asia Pacific,2022-05-08,Standard,13.91,Credit Card,No,Monthly,5.9,Comedy,4,4,3,1,2,19,Active,Not Churned
CUST_2043,26,Female,Europe,2025-04-15,Standard,14.59,Credit Card,Yes,Annual,5.3,Documentary,6,6,6,1,1,20,Churned,Lack of content
CUST_2044,42,Other,Latin America,2023-08-13,Standard,14.94,Digital Wallet,Yes,Monthly,10.9,Comedy,2,6,13,0,1,26,Active,Not Churned
CUST_2045,39,Other,North America,2022-05-16,Basic,7.57,Credit Card,Yes,Annual,11.1,Anime,4,8,7,2,2,16,Active,Not Churned
CUST_2046,45,Female,North America,2022-10-27,Basic,7.55,Credit Card,Yes,Monthly,8.8,Comedy,3,5,12,2,2,25,Active,Not Churned
CUST_2047,33,Female,Europe,2021-06-25,Basic,7.65,Carrier Billing,Yes,Monthly,31.8,Family,3,19,17,0,1,0,Active,Not Churned
CUST_2048,37,Female,Europe,2022-09-23,Standard,13.95,Carrier Billing,Yes,Monthly,6.1,Sci-Fi,7,6,0,0,1,17,Active,Not Churned
CUST_2049,28,Female,North America,2024-08-14,Premium,20.3,Digital Wallet,Yes,Monthly,18.3,Documentary,4,13,14,0,2,1,Active,Not Churned
CUST_2050,40,Female,Europe,2024-09-06,Basic,8.2,Direct Debit,Yes,Monthly,4.7,Anime,1,6,6,1,0,21,Churned,Technical issues
CUST_2051,21,Male,Asia Pacific,2021-05-10,Standard,14.05,Carrier Billing,No,Monthly,12.3,Thriller,4,8,11,2,1,19,Active,Not Churned
CUST_2052,47,Male,Latin America,2025-12-10,Basic,8.18,Credit Card,No,Annual,8.1,Documentary,4,8,9,0,2,28,Active,Not Churned
CUST_2053,58,Female,North America,2023-09-09,Basic,7.75,Direct Debit,Yes,Annual,9.2,Comedy,5,9,8,1,3,20,Active,Not Churned
CUST_2054,45,Female,Europe,2023-05-11,Basic,7.9,Digital Wallet,No,Annual,10.3,Drama,5,5,7,1,1,17,Active,Not Churned
CUST_2055,18,Male,Europe,2023-04-10,Basic,7.98,Digital Wallet,Yes,Annual,8.3,Comedy,4,5,6,4,1,36,Active,Not Churned
CUST_2056,29,Male,Latin America,2024-03-29,Standard,13.44,Digital Wallet,No,Monthly,8.0,Family,5,3,5,1,0,26,Active,Not Churned
CUST_2057,44,Male,Europe,2023-10-11,Premium,19.58,Direct Debit,Yes,Monthly,4.1,Thriller,2,5,3,1,1,24,Active,Not Churned
CUST_2058,23,Other,Latin America,2024-09-05,Basic,7.6,PayPal,Yes,Annual,13.4,Comedy,4,5,4,1,1,22,Active,Not Churned
CUST_2059,21,Male,Middle East & Africa,2021-08-16,Standard,14.26,Credit Card,No,Monthly,4.0,Comedy,5,1,1,1,3,34,Active,Not Churned
CUST_2060,35,Female,North America,2024-06-13,Standard,14.08,Credit Card,No,Annual,6.9,Action,3,3,5,1,2,21,Active,Not Churned
CUST_2061,29,Female,Asia Pacific,2021-11-12,Premium,20.2,Credit Card,Yes,Monthly,11.6,Comedy,6,4,2,2,1,25,Active,Not Churned
CUST_2062,29,Male,North America,2024-11-25,Standard,13.35,Credit Card,Yes,Monthly,4.4,Anime,3,4,0,0,0,20,Active,Not Churned
CUST_2063,20,Male,Latin America,2023-03-24,Basic,7.47,PayPal,No,Monthly,7.3,Family,4,3,5,1,0,26,Active,Not Churned
CUST_2064,51,Female,Europe,2024-07-29,Standard,14.22,Credit Card,Yes,Monthly,13.2,Documentary,2,5,9,2,1,31,Active,Not Churned
CUST_2065,24,Female,Asia Pacific,2021-04-21,Basic,7.02,Credit Card,No,Monthly,6.1,Action,2,4,4,1,1,31,Active,Not Churned
CUST_2066,30,Female,Middle East & Africa,2025-10-28,Premium,20.42,Credit Card,No,Monthly,9.4,Comedy,3,6,0,1,0,22,Churned,Lack of content
CUST_2067,38,Other,North America,2021-12-06,Standard,13.35,Direct Debit,Yes,Monthly,4.9,Thriller,4,1,9,0,0,14,Active,Not Churned
CUST_2068,32,Female,Asia Pacific,2025-07-17,Standard,14.29,Carrier Billing,Yes,Monthly,7.3,Thriller,4,4,2,0,1,20,Active,Not Churned
CUST_2069,29,Female,Asia Pacific,2023-12-08,Basic,7.68,PayPal,Yes,Annual,3.3,Action,5,3,1,2,0,12,Churned,Low usage
CUST_2070,43,Male,Asia Pacific,2024-01-18,Standard,14.36,Credit Card,No,Annual,9.6,Drama,3,6,3,1,0,26,Churned,Technical issues
CUST_2071,38,Female,North America,2023-10-13,Premium,21.11,PayPal,No,Monthly,4.8,Comedy,4,3,9,0,1,24,Active,Not Churned
CUST_2072,37,Female,North America,2022-12-08,Standard,13.19,Direct Debit,Yes,Annual,6.0,Family,2,7,7,3,0,18,Active,Not Churned
CUST_2073,30,Male,Latin America,2023-09-14,Standard,14.23,Credit Card,No,Annual,8.8,Anime,2,10,5,1,1,9,Active,Not Churned
CUST_2074,21,Female,Europe,2025-12-04,Premium,19.36,Direct Debit,No,Annual,9.0,Drama,7,5,5,0,0,28,Active,Not Churned
CUST_2075,45,Male,Asia Pacific,2022-09-27,Premium,20.14,PayPal,No,Annual,11.9,Anime,5,5,9,0,2,24,Active,Not Churned
CUST_2076,27,Female,Asia Pacific,2022-11-01,Basic,7.92,Credit Card,Yes,Monthly,7.4,Documentary,3,5,2,1,2,23,Active,Not Churned
CUST_2077,20,Female,North America,2025-09-24,Standard,14.04,Carrier Billing,No,Monthly,2.7,Comedy,3,3,5,0,1,25,Churned,Too expensive
CUST_2078,30,Female,Europe,2022-07-05,Standard,13.67,Credit Card,Yes,Monthly,4.4,Family,6,4,3,1,1,25,Churned,Too expensive
CUST_2079,33,Male,North America,2025-02-03,Standard,14.26,Carrier Billing,Yes,Monthly,8.6,Thriller,2,7,8,0,3,20,Active,Not Churned
CUST_2080,20,Male,North America,2021-03-14,Basic,7.48,Direct Debit,Yes,Monthly,14.4,Anime,3,13,11,1,2,19,Active,Not Churned
CUST_2081,29,Female,Middle East & Africa,2021-10-22,Basic,8.42,Direct Debit,Yes,Monthly,13.0,Comedy,2,5,7,0,0,28,Churned,Switched to competitor
CUST_2082,34,Male,Asia Pacific,2025-11-02,Premium,19.85,Credit Card,Yes,Monthly,33.3,Action,2,17,14,0,2,3,Active,Not Churned
CUST_2083,21,Other,Europe,2022-12-23,Premium,19.5,Credit Card,Yes,Monthly,7.7,Action,4,8,5,2,0,11,Churned,Technical issues
CUST_2084,45,Other,Asia Pacific,2025-04-24,Premium,20.55,PayPal,Yes,Monthly,14.3,Thriller,2,8,6,1,2,21,Active,Not Churned
CUST_2085,21,Female,Asia Pacific,2021-08-04,Premium,19.97,Carrier Billing,Yes,Monthly,13.8,Family,2,10,10,1,2,11,Active,Not Churned
CUST_2086,40,Male,North America,2022-03-10,Standard,14.66,Credit Card,No,Annual,19.3,Action,3,12,12,3,1,23,Active,Not Churned
CUST_2087,35,Female,Europe,2021-11-13,Standard,14.42,PayPal,Yes,Monthly,16.5,Action,6,12,9,1,3,25,Active,Not Churned
CUST_2088,59,Male,Asia Pacific,2022-12-11,Standard,13.71,Carrier Billing,Yes,Monthly,10.0,Documentary,4,10,4,2,0,18,Active,Not Churned
CUST_2089,35,Female,Europe,2024-02-07,Standard,13.96,Credit Card,No,Monthly,11.8,Sci-Fi,4,8,12,3,1,11,Active,Not Churned
CUST_2090,20,Other,Europe,2022-02-16,Standard,14.03,Credit Card,No,Annual,10.6,Comedy,4,4,6,1,2,23,Active,Not Churned
CUST_2091,21,Male,Europe,2024-09-23,Basic,8.52,PayPal,Yes,Monthly,7.7,Comedy,5,4,13,2,1,24,Active,Not Churned
CUST_2092,31,Female,Latin America,2025-12-10,Standard,14.14,Credit Card,Yes,Monthly,11.4,Drama,3,11,8,1,2,8,Active,Not Churned
CUST_2093,18,Female,Latin America,2024-09-04,Basic,8.05,Credit Card,No,Monthly,8.8,Drama,2,3,8,1,4,29,Active,Not Churned
CUST_2094,20,Male,Asia Pacific,2021-02-18,Basic,7.92,Credit Card,No,Annual,8.5,Drama,5,7,7,0,1,19,Active,Not Churned
CUST_2095,40,Male,Latin America,2025-06-17,Standard,13.97,PayPal,Yes,Monthly,19.8,Comedy,3,7,14,0,3,25,Active,Not Churned
CUST_2096,56,Male,North America,2021-02-09,Standard,14.45,Credit Card,Yes,Annual,10.1,Sci-Fi,4,4,11,1,0,31,Active,Not Churned
CUST_2097,33,Female,North America,2024-01-18,Basic,7.99,Digital Wallet,Yes,Monthly,8.3,Family,2,7,10,1,0,17,Churned,Lack of content
CUST_2098,23,Female,Latin America,2024-07-08,Premium,19.85,PayPal,Yes,Monthly,9.1,Action,1,6,2,3,1,21,Active,Not Churned
CUST_2099,44,Other,Europe,2024-01-12,Premium,19.79,PayPal,Yes,Monthly,8.8,Thriller,2,5,9,1,1,13,Churned,Too expensive
CUST_2100,47,Female,North America,2021-12-28,Basic,7.8,PayPal,Yes,Monthly,3.6,Action,6,2,5,0,3,32,Churned,Lack of content
CUST_2101,29,Female,North America,2025-02-17,Basic,7.5,Credit Card,Yes,Annual,7.7,Sci-Fi,2,2,6,2,0,24,Active,Not Churned
CUST_2102,40,Male,Europe,2021-01-04,Basic,7.73,PayPal,Yes,Monthly,14.9,Drama,3,10,15,1,0,11,Active,Not Churned
CUST_2103,47,Male,Asia Pacific,2025-09-25,Premium,20.51,PayPal,Yes,Annual,7.6,Action,1,5,11,0,2,19,Active,Not Churned
CUST_2104,37,Male,Europe,2024-01-21,Premium,19.92,Digital Wallet,Yes,Annual,25.8,Action,4,12,19,0,0,4,Active,Not Churned
CUST_2105,27,Male,Europe,2021-09-03,Basic,8.24,Digital Wallet,No,Monthly,1.4,Drama,7,2,1,3,3,38,Churned,Lack of content
CUST_2106,29,Female,Middle East & Africa,2023-05-02,Standard,13.12,Credit Card,Yes,Monthly,11.1,Drama,3,8,5,0,2,18,Churned,Payment issues
CUST_2107,22,Male,Europe,2021-07-30,Basic,8.19,Credit Card,Yes,Monthly,9.0,Drama,3,6,9,1,0,30,Active,Not Churned
CUST_2108,26,Female,Europe,2022-11-09,Standard,13.93,PayPal,Yes,Annual,19.6,Comedy,5,12,17,1,0,1,Active,Not Churned
CUST_2109,40,Female,Europe,2022-08-30,Premium,19.82,Direct Debit,Yes,Annual,7.2,Drama,4,5,0,2,0,30,Active,Not Churned
CUST_2110,32,Male,Asia Pacific,2021-01-23,Basic,8.05,PayPal,Yes,Monthly,3.3,Family,3,2,7,1,2,26,Active,Not Churned
CUST_2111,19,Male,Latin America,2023-03-20,Basic,7.82,Direct Debit,No,Monthly,6.9,Thriller,4,5,5,2,2,25,Churned,Lack of content
CUST_2112,37,Male,Middle East & Africa,2021-06-02,Standard,13.25,Direct Debit,Yes,Annual,6.9,Drama,5,6,0,1,3,28,Active,Not Churned
CUST_2113,45,Female,Europe,2022-05-12,Standard,14.31,Direct Debit,Yes,Annual,3.1,Anime,4,5,5,2,0,29,Active,Not Churned
CUST_2114,32,Male,Europe,2025-03-24,Premium,20.08,Credit Card,Yes,Monthly,10.4,Comedy,2,8,10,2,2,28,Active,Not Churned
CUST_2115,33,Male,Asia Pacific,2022-10-26,Premium,19.88,Credit Card,Yes,Monthly,7.9,Sci-Fi,6,4,5,0,0,28,Active,Not Churned
CUST_2116,49,Female,Middle East & Africa,2025-09-14,Basic,7.65,Credit Card,No,Monthly,16.9,Comedy,2,11,8,2,2,14,Active,Not Churned
CUST_2117,46,Male,North America,2021-09-15,Basic,7.48,Credit Card,Yes,Monthly,8.4,Anime,2,7,12,2,1,33,Active,Not Churned
CUST_2118,39,Male,Middle East & Africa,2022-09-05,Premium,20.07,PayPal,Yes,Monthly,6.8,Action,3,4,4,1,0,27,Churned,Technical issues
CUST_2119,48,Female,Latin America,2024-03-01,Basic,8.55,Credit Card,Yes,Annual,7.8,Comedy,3,5,10,0,1,1,Active,Not Churned
CUST_2120,46,Male,Europe,2025-02-23,Premium,20.06,Direct Debit,Yes,Monthly,10.9,Thriller,3,8,3,0,1,17,Active,Not Churned
CUST_2121,33,Female,Asia Pacific,2023-12-05,Standard,13.51,Credit Card,Yes,Annual,11.7,Family,5,10,10,1,1,11,Active,Not Churned
CUST_2122,38,Male,Middle East & Africa,2025-05-09,Basic,8.07,Credit Card,Yes,Monthly,8.0,Action,2,2,8,2,2,28,Active,Not Churned
CUST_2123,35,Female,North America,2023-09-19,Premium,19.97,Credit Card,No,Annual,25.1,Comedy,6,17,18,1,1,7,Active,Not Churned
CUST_2124,54,Male,Middle East & Africa,2025-01-07,Basic,8.29,Direct Debit,Yes,Monthly,3.5,Comedy,6,5,8,1,1,25,Active,Not Churned
CUST_2125,38,Female,North America,2023-09-14,Standard,14.2,Direct Debit,Yes,Monthly,6.6,Sci-Fi,2,5,3,2,1,19,Active,Not Churned
CUST_2126,38,Female,Middle East & Africa,2025-08-16,Standard,12.94,Credit Card,Yes,Monthly,5.5,Sci-Fi,6,4,7,3,1,37,Churned,Switched to competitor
CUST_2127,53,Male,North America,2021-05-12,Standard,14.18,Carrier Billing,Yes,Monthly,7.1,Thriller,2,6,2,0,2,13,Active,Not Churned
CUST_2128,36,Male,Asia Pacific,2025-12-24,Standard,13.64,Credit Card,Yes,Monthly,10.2,Anime,1,5,3,3,0,13,Active,Not Churned
CUST_2129,31,Female,North America,2021-11-26,Standard,13.49,Carrier Billing,No,Monthly,9.8,Thriller,4,6,6,0,0,10,Active,Not Churned
CUST_2130,18,Female,Europe,2022-05-31,Premium,19.92,Credit Card,Yes,Monthly,12.9,Documentary,2,5,10,2,0,25,Churned,Too expensive
CUST_2131,30,Female,North America,2024-06-28,Premium,20.13,Credit Card,No,Monthly,10.4,Family,4,4,13,0,1,26,Churned,Switched to competitor
CUST_2132,36,Female,North America,2021-01-12,Standard,13.42,Direct Debit,Yes,Annual,9.4,Documentary,3,10,13,0,1,7,Active,Not Churned
CUST_2133,44,Male,Latin America,2024-03-12,Basic,8.24,PayPal,No,Monthly,8.5,Action,3,6,6,1,1,17,Active,Not Churned
CUST_2134,34,Male,Middle East & Africa,2023-01-11,Standard,14.26,PayPal,Yes,Monthly,6.8,Documentary,4,5,7,1,1,22,Active,Not Churned
CUST_2135,25,Male,Asia Pacific,2022-01-08,Premium,20.01,Credit Card,No,Monthly,7.8,Action,5,5,9,2,2,18,Churned,Switched to competitor
CUST_2136,38,Male,Latin America,2024-07-20,Basic,7.69,PayPal,No,Annual,4.7,Drama,5,2,7,2,2,36,Churned,Low usage
CUST_2137,18,Male,North America,2024-02-20,Standard,13.65,Credit Card,No,Annual,11.9,Family,2,7,8,0,1,29,Active,Not Churned
CUST_2138,47,Male,Asia Pacific,2022-09-16,Standard,14.35,PayPal,No,Annual,2.3,Family,4,3,3,1,3,28,Churned,Technical issues
CUST_2139,48,Female,Asia Pacific,2024-06-30,Basic,7.46,Credit Card,Yes,Monthly,8.6,Action,5,5,6,0,0,22,Active,Not Churned
CUST_2140,18,Female,Latin America,2023-08-04,Standard,14.36,PayPal,Yes,Annual,13.1,Comedy,3,7,9,2,0,19,Active,Not Churned
CUST_2141,26,Male,Asia Pacific,2022-11-06,Standard,13.93,Digital Wallet,No,Monthly,15.0,Family,1,10,9,1,2,25,Active,Not Churned
CUST_2142,38,Male,Middle East & Africa,2022-09-18,Premium,19.96,PayPal,No,Monthly,3.2,Action,6,3,3,1,1,40,Churned,Lack of content
CUST_2143,52,Male,Middle East & Africa,2024-06-17,Premium,19.39,Direct Debit,Yes,Monthly,8.2,Family,4,6,5,0,0,15,Active,Not Churned
CUST_2144,33,Male,Europe,2023-01-09,Premium,19.94,PayPal,Yes,Annual,6.9,Family,4,6,2,1,2,23,Churned,Lack of content
CUST_2145,38,Male,Latin America,2023-01-24,Standard,14.2,Credit Card,Yes,Annual,6.6,Thriller,4,4,8,0,0,27,Active,Not Churned
CUST_2146,37,Male,Middle East & Africa,2023-05-15,Basic,7.52,Credit Card,Yes,Monthly,16.0,Thriller,4,9,12,0,0,15,Active,Not Churned
CUST_2147,18,Female,Europe,2023-03-30,Standard,14.16,Credit Card,Yes,Monthly,5.6,Anime,2,7,11,0,1,12,Churned,Switched to competitor
CUST_2148,31,Female,Latin America,2025-05-09,Premium,20.02,PayPal,No,Annual,14.4,Family,2,7,11,0,0,4,Active,Not Churned
CUST_2149,26,Female,North America,2024-08-19,Standard,13.76,Direct Debit,Yes,Annual,9.4,Action,3,3,6,1,0,20,Active,Not Churned
CUST_2150,36,Male,Europe,2025-01-26,Premium,20.29,Direct Debit,Yes,Monthly,7.7,Action,6,6,4,1,0,21,Active,Not Churned
CUST_2151,27,Female,Asia Pacific,2024-09-21,Basic,7.22,PayPal,Yes,Annual,5.3,Documentary,1,3,5,0,0,20,Active,Not Churned
CUST_2152,34,Female,Europe,2025-10-04,Premium,20.11,Credit Card,Yes,Monthly,11.2,Action,5,5,10,2,2,18,Active,Not Churned
CUST_2153,33,Male,Middle East & Africa,2022-12-18,Basic,8.56,Credit Card,No,Monthly,7.6,Anime,2,7,5,1,1,15,Churned,Switched to competitor
CUST_2154,34,Male,Asia Pacific,2022-04-02,Basic,8.49,Direct Debit,Yes,Monthly,2.3,Anime,1,2,0,2,0,40,Active,Not Churned
CUST_2155,45,Female,Asia Pacific,2024-06-29,Standard,14.13,Digital Wallet,No,Annual,4.9,Anime,1,2,2,1,2,22,Active,Not Churned
CUST_2156,38,Male,Middle East & Africa,2023-04-26,Basic,7.88,Direct Debit,Yes,Monthly,9.3,Drama,2,10,7,1,0,10,Active,Not Churned
CUST_2157,32,Male,Latin America,2022-05-21,Basic,7.77,Credit Card,No,Monthly,3.4,Family,5,1,6,1,0,24,Active,Not Churned
CUST_2158,39,Male,North America,2024-05-31,Basic,7.88,Carrier Billing,Yes,Monthly,13.4,Documentary,4,8,5,3,1,33,Active,Not Churned
CUST_2159,29,Male,Latin America,2021-04-28,Standard,14.18,Direct Debit,Yes,Monthly,3.4,Drama,1,1,5,1,1,19,Active,Not Churned
CUST_2160,23,Other,Asia Pacific,2023-07-22,Standard,13.71,Direct Debit,Yes,Annual,7.4,Anime,2,6,7,1,2,17,Active,Not Churned
CUST_2161,45,Female,North America,2021-11-23,Basic,8.26,Direct Debit,Yes,Annual,11.4,Comedy,3,6,7,0,1,20,Churned,Too expensive
CUST_2162,27,Male,Middle East & Africa,2023-01-19,Standard,14.74,PayPal,Yes,Monthly,4.7,Thriller,2,5,3,0,3,26,Active,Not Churned
CUST_2163,24,Female,Europe,2021-11-04,Premium,19.97,PayPal,No,Monthly,5.2,Sci-Fi,1,4,3,1,2,34,Active,Not Churned
CUST_2164,49,Male,North America,2021-10-16,Basic,7.52,Credit Card,Yes,Monthly,10.3,Drama,5,9,8,2,2,26,Active,Not Churned
CUST_2165,43,Female,Middle East & Africa,2023-08-02,Basic,7.52,Direct Debit,Yes,Monthly,12.6,Thriller,3,7,12,0,0,11,Active,Not Churned
CUST_2166,32,Other,North America,2023-11-07,Premium,20.26,PayPal,Yes,Monthly,9.0,Comedy,5,3,11,3,1,30,Active,Not Churned
CUST_2167,43,Female,Europe,2024-11-21,Premium,19.97,Credit Card,No,Monthly,8.1,Family,6,6,3,2,1,21,Active,Not Churned
CUST_2168,29,Male,Asia Pacific,2025-09-18,Standard,14.3,Credit Card,Yes,Monthly,3.4,Comedy,6,3,3,1,2,25,Churned,Lack of content
CUST_2169,39,Female,Latin America,2021-05-23,Premium,19.8,Direct Debit,Yes,Annual,10.2,Anime,2,3,1,2,2,36,Churned,Switched to competitor
CUST_2170,35,Male,North America,2024-10-07,Basic,8.28,PayPal,No,Monthly,2.0,Comedy,3,1,3,0,1,30,Active,Not Churned
CUST_2171,30,Male,Latin America,2024-01-27,Standard,13.93,Credit Card,Yes,Monthly,16.8,Sci-Fi,1,9,13,1,1,27,Active,Not Churned
CUST_2172,37,Female,Asia Pacific,2023-05-28,Standard,13.73,Direct Debit,Yes,Annual,7.9,Family,3,8,11,1,0,19,Active,Not Churned
CUST_2173,23,Female,Europe,2023-02-12,Basic,7.85,PayPal,Yes,Monthly,4.2,Action,4,5,0,1,1,29,Churned,Too expensive
CUST_2174,28,Male,Latin America,2023-12-19,Standard,13.57,Direct Debit,Yes,Monthly,6.0,Thriller,2,4,2,0,1,4,Churned,Lack of content
CUST_2175,18,Female,North America,2023-10-13,Standard,14.69,PayPal,Yes,Monthly,9.3,Thriller,1,7,8,0,0,17,Active,Not Churned
CUST_2176,31,Female,Middle East & Africa,2021-09-24,Standard,13.96,Direct Debit,Yes,Annual,6.6,Documentary,5,1,1,4,1,36,Churned,Too expensive
CUST_2177,37,Female,Middle East & Africa,2023-03-11,Standard,14.22,Credit Card,Yes,Monthly,8.5,Sci-Fi,4,5,7,0,0,23,Active,Not Churned
CUST_2178,20,Male,Asia Pacific,2024-06-11,Standard,13.8,Credit Card,No,Monthly,4.5,Sci-Fi,1,4,6,1,1,35,Churned,Low usage
CUST_2179,38,Male,Europe,2025-10-15,Basic,7.62,Direct Debit,No,Monthly,14.5,Documentary,3,9,6,1,1,20,Active,Not Churned
CUST_2180,18,Other,Europe,2024-02-08,Basic,7.91,Carrier Billing,Yes,Monthly,5.4,Family,3,3,5,1,1,17,Active,Not Churned
CUST_2181,28,Male,Latin America,2025-09-15,Standard,14.38,Credit Card,Yes,Monthly,2.3,Comedy,2,3,0,0,0,27,Active,Not Churned
CUST_2182,33,Female,North America,2022-06-20,Basic,7.81,Direct Debit,Yes,Monthly,6.2,Family,2,5,10,1,0,27,Churned,Low usage
CUST_2183,34,Male,Europe,2021-08-27,Basic,7.69,Credit Card,Yes,Monthly,4.9,Drama,7,4,5,1,0,18,Active,Not Churned
CUST_2184,36,Male,Europe,2025-11-18,Basic,8.04,Carrier Billing,Yes,Annual,13.9,Sci-Fi,2,10,8,2,2,14,Active,Not Churned
CUST_2185,18,Male,Latin America,2022-07-20,Basic,8.16,PayPal,No,Monthly,4.3,Sci-Fi,5,4,1,0,1,29,Active,Not Churned
CUST_2186,36,Male,North America,2022-03-12,Premium,20.56,Credit Card,No,Monthly,7.8,Drama,4,6,7,0,1,20,Active,Not Churned
CUST_2187,41,Female,North America,2021-06-19,Standard,14.11,Credit Card,No,Monthly,9.4,Drama,4,9,11,1,0,22,Active,Not Churned
CUST_2188,30,Male,Middle East & Africa,2022-11-03,Premium,20.22,Direct Debit,No,Monthly,12.9,Thriller,2,9,7,0,1,16,Active,Not Churned
CUST_2189,32,Female,Middle East & Africa,2022-05-15,Basic,8.24,Direct Debit,Yes,Monthly,16.7,Family,4,13,10,2,3,0,Active,Not Churned
CUST_2190,20,Female,Asia Pacific,2023-06-09,Standard,13.59,Direct Debit,No,Monthly,5.2,Family,5,3,3,0,0,24,Active,Not Churned
CUST_2191,43,Male,Asia Pacific,2021-03-07,Standard,13.65,Digital Wallet,Yes,Monthly,16.4,Drama,2,7,16,1,1,16,Churned,Lack of content
CUST_2192,21,Female,North America,2025-09-04,Standard,13.61,Credit Card,Yes,Annual,14.3,Drama,3,8,4,1,1,22,Active,Not Churned
CUST_2193,45,Female,Middle East & Africa,2023-05-11,Premium,19.52,Direct Debit,Yes,Monthly,6.8,Action,6,4,10,2,2,30,Churned,Too expensive
CUST_2194,56,Male,Middle East & Africa,2022-10-08,Premium,20.27,PayPal,Yes,Annual,6.4,Documentary,3,7,4,4,2,18,Active,Not Churned
CUST_2195,29,Female,North America,2025-05-29,Premium,20.09,PayPal,Yes,Monthly,11.8,Action,3,5,8,0,0,21,Active,Not Churned
CUST_2196,26,Male,Latin America,2023-11-16,Basic,8.02,Credit Card,No,Annual,7.7,Documentary,1,5,5,2,3,31,Active,Not Churned
CUST_2197,32,Male,North America,2025-05-14,Basic,7.08,Digital Wallet,Yes,Monthly,9.8,Drama,3,7,8,4,0,24,Churned,Switched to competitor
CUST_2198,44,Female,Europe,2022-07-13,Standard,14.71,Carrier Billing,No,Annual,7.0,Documentary,5,5,4,0,0,27,Active,Not Churned
CUST_2199,25,Male,Europe,2022-08-17,Basic,7.68,Digital Wallet,Yes,Monthly,8.1,Drama,2,5,10,0,1,14,Active,Not Churned
CUST_2200,18,Male,Middle East & Africa,2021-07-05,Standard,14.71,Direct Debit,Yes,Annual,7.9,Family,3,6,10,1,4,25,Active,Not Churned
CUST_2201,45,Female,Europe,2021-01-09,Standard,13.48,Direct Debit,Yes,Monthly,10.5,Action,3,9,5,2,1,1,Active,Not Churned
CUST_2202,34,Female,Latin America,2022-11-15,Standard,13.71,Credit Card,Yes,Monthly,5.0,Action,5,7,7,3,2,31,Churned,Too expensive
CUST_2203,32,Female,Asia Pacific,2024-12-27,Premium,19.22,PayPal,Yes,Monthly,10.5,Action,5,7,7,1,2,22,Active,Not Churned
CUST_2204,35,Male,Asia Pacific,2025-02-05,Standard,14.12,Credit Card,Yes,Monthly,17.2,Drama,2,9,12,3,0,16,Active,Not Churned
CUST_2205,26,Female,Asia Pacific,2025-11-07,Basic,7.6,Digital Wallet,No,Monthly,16.0,Documentary,6,12,15,1,0,8,Active,Not Churned
CUST_2206,32,Male,North America,2022-12-08,Basic,7.61,Direct Debit,Yes,Annual,9.1,Comedy,2,4,5,0,1,27,Active,Not Churned
CUST_2207,37,Female,Asia Pacific,2023-10-05,Standard,13.51,Credit Card,No,Monthly,5.0,Sci-Fi,3,7,8,4,0,28,Churned,Too expensive
CUST_2208,39,Male,North America,2023-12-09,Standard,14.26,Direct Debit,Yes,Monthly,21.7,Anime,4,15,15,1,0,2,Active,Not Churned
CUST_2209,34,Female,Latin America,2025-07-06,Basic,8.24,Direct Debit,Yes,Annual,9.8,Documentary,4,9,7,2,0,18,Active,Not Churned
CUST_2210,18,Female,Middle East & Africa,2024-08-10,Standard,14.62,Digital Wallet,No,Annual,20.5,Documentary,3,13,14,1,2,14,Active,Not Churned
CUST_2211,31,Female,Latin America,2023-02-11,Standard,13.75,Direct Debit,Yes,Annual,10.7,Comedy,5,3,9,2,3,16,Active,Not Churned
CUST_2212,34,Female,Middle East & Africa,2023-08-23,Premium,20.07,Carrier Billing,Yes,Monthly,3.1,Action,4,1,0,0,2,25,Active,Not Churned
CUST_2213,35,Male,North America,2025-12-14,Standard,13.54,Direct Debit,Yes,Annual,21.6,Action,4,13,12,1,0,10,Active,Not Churned
CUST_2214,30,Male,North America,2022-06-25,Standard,13.87,Direct Debit,Yes,Monthly,13.2,Drama,3,7,6,0,1,27,Active,Not Churned
CUST_2215,53,Male,Asia Pacific,2021-08-02,Basic,7.81,Credit Card,Yes,Annual,7.9,Drama,4,5,6,0,0,29,Active,Not Churned
CUST_2216,29,Female,North America,2025-12-15,Standard,14.15,Credit Card,Yes,Monthly,2.9,Comedy,3,4,8,1,0,14,Active,Not Churned
CUST_2217,38,Male,Asia Pacific,2025-12-13,Basic,8.35,Direct Debit,No,Monthly,13.3,Family,5,8,11,0,1,24,Active,Not Churned
CUST_2218,29,Male,Asia Pacific,2022-05-04,Standard,14.34,Digital Wallet,Yes,Monthly,10.6,Comedy,2,5,4,2,1,31,Active,Not Churned
CUST_2219,39,Male,North America,2023-07-29,Standard,13.7,Credit Card,Yes,Monthly,25.0,Family,3,16,15,0,1,6,Active,Not Churned
CUST_2220,19,Other,Europe,2021-11-14,Basic,8.34,Credit Card,Yes,Monthly,18.7,Anime,3,12,13,1,3,0,Active,Not Churned
CUST_2221,49,Male,Latin America,2025-05-24,Basic,7.97,Carrier Billing,No,Monthly,19.5,Action,2,11,15,1,1,9,Active,Not Churned
CUST_2222,37,Female,Europe,2024-11-18,Basic,7.88,Credit Card,No,Monthly,8.9,Thriller,4,7,5,0,0,17,Active,Not Churned
CUST_2223,29,Other,Asia Pacific,2021-09-03,Premium,19.74,PayPal,Yes,Monthly,10.7,Documentary,4,7,4,0,0,15,Active,Not Churned
CUST_2224,30,Male,Middle East & Africa,2021-01-04,Standard,13.79,Digital Wallet,Yes,Monthly,10.7,Documentary,2,9,8,0,2,2,Active,Not Churned
CUST_2225,26,Male,Latin America,2025-10-23,Basic,8.6,Direct Debit,No,Monthly,5.1,Action,2,4,7,0,0,20,Churned,Technical issues
CUST_2226,30,Female,Latin America,2023-05-26,Premium,20.1,Credit Card,Yes,Monthly,10.1,Action,5,9,8,0,4,14,Active,Not Churned
CUST_2227,34,Female,Europe,2022-01-22,Standard,14.05,Digital Wallet,No,Monthly,7.8,Thriller,5,2,4,1,0,30,Active,Not Churned
CUST_2228,28,Female,North America,2022-11-09,Standard,13.9,Credit Card,No,Annual,16.1,Documentary,3,10,16,0,0,15,Active,Not Churned
CUST_2229,41,Female,Latin America,2022-07-09,Premium,20.85,Carrier Billing,Yes,Monthly,19.2,Anime,5,10,12,0,0,15,Active,Not Churned
CUST_2230,56,Male,Europe,2022-04-18,Basic,8.45,Credit Card,Yes,Monthly,11.6,Thriller,2,6,9,3,3,24,Churned,Lack of content
CUST_2231,32,Male,Asia Pacific,2025-02-03,Basic,7.74,Credit Card,Yes,Monthly,4.6,Anime,4,6,3,0,1,20,Active,Not Churned
CUST_2232,18,Female,Europe,2023-04-11,Standard,13.89,Credit Card,Yes,Annual,22.4,Anime,5,14,18,0,3,9,Active,Not Churned
CUST_2233,30,Male,North America,2021-11-03,Basic,7.92,PayPal,No,Monthly,13.3,Family,6,5,11,2,2,32,Churned,Technical issues
CUST_2234,33,Male,Asia Pacific,2023-07-15,Standard,14.04,Direct Debit,Yes,Annual,10.3,Action,3,8,9,1,1,14,Active,Not Churned
CUST_2235,41,Female,North America,2025-04-22,Basic,7.74,Direct Debit,Yes,Annual,11.0,Drama,2,8,5,0,0,9,Active,Not Churned
CUST_2236,27,Female,Asia Pacific,2023-02-12,Basic,8.14,Credit Card,No,Monthly,3.0,Action,5,2,7,0,0,32,Active,Not Churned
CUST_2237,27,Male,North America,2024-07-29,Basic,8.5,Digital Wallet,Yes,Annual,7.1,Drama,4,4,8,1,0,28,Active,Not Churned
CUST_2238,27,Female,North America,2025-07-22,Standard,13.53,Credit Card,Yes,Monthly,16.9,Thriller,3,7,14,0,2,23,Active,Not Churned
CUST_2239,21,Other,Asia Pacific,2023-12-21,Basic,7.6,Credit Card,Yes,Annual,2.9,Documentary,2,2,4,1,0,37,Active,Not Churned
CUST_2240,18,Female,Asia Pacific,2025-11-29,Basic,7.82,Credit Card,Yes,Monthly,2.9,Anime,3,3,3,1,1,41,Churned,Lack of content
CUST_2241,35,Female,Latin America,2024-01-24,Premium,19.84,PayPal,Yes,Annual,15.3,Drama,3,11,10,1,0,19,Active,Not Churned
CUST_2242,19,Female,Europe,2021-05-12,Basic,8.69,Digital Wallet,Yes,Monthly,10.5,Sci-Fi,6,7,15,0,0,11,Active,Not Churned
CUST_2243,31,Male,Asia Pacific,2024-06-05,Standard,14.34,Credit Card,Yes,Monthly,3.7,Sci-Fi,3,1,2,2,1,37,Active,Not Churned
CUST_2244,40,Female,Asia Pacific,2025-05-13,Basic,8.32,Credit Card,Yes,Annual,6.7,Action,5,5,2,0,0,21,Churned,Payment issues
CUST_2245,25,Male,North America,2022-10-07,Standard,13.9,Credit Card,No,Annual,10.3,Action,1,6,7,1,1,17,Active,Not Churned
CUST_2246,45,Female,North America,2023-10-03,Basic,7.89,Carrier Billing,No,Monthly,8.9,Drama,4,4,5,3,2,23,Churned,Switched to competitor
CUST_2247,27,Male,Asia Pacific,2022-07-27,Standard,13.48,Direct Debit,Yes,Annual,10.7,Thriller,1,4,12,1,0,25,Active,Not Churned
CUST_2248,19,Female,Asia Pacific,2023-04-16,Basic,8.26,PayPal,Yes,Monthly,6.4,Anime,3,6,1,0,1,26,Active,Not Churned
CUST_2249,30,Female,Middle East & Africa,2023-06-07,Premium,20.16,PayPal,Yes,Annual,11.2,Anime,2,8,6,1,0,26,Churned,Lack of content
CUST_2250,37,Male,Asia Pacific,2024-10-05,Premium,20.44,Direct Debit,Yes,Monthly,13.6,Action,2,9,10,1,0,19,Churned,Lack of content
CUST_2251,42,Female,North America,2024-03-05,Basic,7.92,Digital Wallet,No,Annual,11.1,Comedy,2,6,12,4,2,30,Active,Not Churned
CUST_2252,38,Male,Latin America,2024-08-26,Basic,7.94,PayPal,Yes,Monthly,6.6,Drama,4,5,8,1,2,23,Churned,Too expensive
CUST_2253,52,Female,North America,2023-02-18,Basic,8.05,Credit Card,No,Annual,12.2,Thriller,5,5,14,1,0,23,Active,Not Churned
CUST_2254,36,Male,Asia Pacific,2025-01-19,Standard,14.3,PayPal,Yes,Monthly,5.0,Action,2,2,6,2,0,17,Active,Not Churned
CUST_2255,29,Male,Latin America,2021-12-08,Basic,7.48,Credit Card,Yes,Monthly,5.3,Drama,4,4,4,0,0,26,Active,Not Churned
CUST_2256,33,Female,North America,2021-07-11,Premium,20.25,Direct Debit,No,Annual,15.3,Documentary,4,10,13,1,0,16,Active,Not Churned
CUST_2257,21,Male,Europe,2022-05-12,Standard,13.98,Credit Card,Yes,Monthly,12.8,Anime,2,5,5,1,1,36,Active,Not Churned
CUST_2258,42,Female,North America,2021-04-07,Premium,19.62,PayPal,No,Monthly,8.9,Thriller,2,4,2,1,0,22,Active,Not Churned
CUST_2259,20,Female,North America,2022-02-10,Standard,13.26,Credit Card,Yes,Monthly,5.9,Thriller,3,4,8,1,1,33,Active,Not Churned
CUST_2260,24,Male,Europe,2024-06-15,Premium,19.94,Credit Card,Yes,Monthly,7.7,Thriller,2,7,7,1,2,18,Active,Not Churned
CUST_2261,33,Male,Europe,2022-09-04,Basic,8.5,PayPal,Yes,Monthly,11.3,Thriller,4,6,11,1,0,31,Active,Not Churned
CUST_2262,24,Female,Europe,2024-04-03,Standard,14.58,Direct Debit,Yes,Annual,10.8,Drama,2,7,5,1,3,33,Churned,Lack of content
CUST_2263,38,Male,Middle East & Africa,2021-05-07,Basic,8.11,Direct Debit,Yes,Monthly,5.0,Sci-Fi,6,4,9,0,1,31,Churned,Lack of content
CUST_2264,37,Male,North America,2025-03-18,Premium,20.68,Digital Wallet,Yes,Monthly,14.0,Action,2,8,12,1,1,18,Active,Not Churned
CUST_2265,41,Female,Europe,2024-02-11,Standard,13.97,PayPal,Yes,Monthly,7.4,Sci-Fi,4,6,6,2,2,22,Churned,Too expensive
CUST_2266,40,Female,North America,2025-02-27,Premium,20.32,Credit Card,Yes,Monthly,6.4,Thriller,1,2,6,1,0,24,Churned,Technical issues
CUST_2267,36,Female,Latin America,2024-09-15,Basic,7.83,Credit Card,Yes,Monthly,6.1,Sci-Fi,4,3,6,1,2,21,Churned,Lack of content
CUST_2268,33,Female,Middle East & Africa,2023-05-25,Premium,19.81,Credit Card,Yes,Annual,10.4,Comedy,4,9,5,2,1,20,Active,Not Churned
CUST_2269,41,Female,Europe,2023-04-19,Standard,13.75,PayPal,Yes,Monthly,12.5,Family,3,10,8,1,2,14,Active,Not Churned
CUST_2270,34,Female,Middle East & Africa,2022-10-17,Standard,13.27,Credit Card,No,Annual,12.1,Comedy,1,9,10,1,0,17,Active,Not Churned
CUST_2271,48,Male,Latin America,2023-06-08,Premium,20.44,Direct Debit,Yes,Monthly,9.5,Drama,6,8,6,0,3,21,Active,Not Churned
CUST_2272,43,Male,Europe,2023-05-20,Standard,13.77,Direct Debit,Yes,Annual,9.7,Sci-Fi,3,3,3,0,1,18,Active,Not Churned
CUST_2273,31,Female,North America,2022-08-12,Standard,13.71,PayPal,No,Monthly,7.8,Sci-Fi,5,4,7,5,1,36,Churned,Too expensive
CUST_2274,46,Female,Middle East & Africa,2022-03-02,Standard,13.58,Direct Debit,Yes,Annual,5.7,Comedy,3,4,8,1,1,25,Active,Not Churned
CUST_2275,49,Male,Latin America,2021-08-14,Basic,7.92,PayPal,No,Annual,7.7,Drama,5,10,9,1,1,20,Active,Not Churned
CUST_2276,55,Female,Asia Pacific,2021-11-10,Basic,8.61,Credit Card,Yes,Monthly,2.2,Family,3,2,5,1,1,20,Churned,Payment issues
CUST_2277,45,Male,Europe,2021-10-30,Basic,8.72,Direct Debit,Yes,Annual,17.4,Comedy,3,12,14,0,0,3,Active,Not Churned
CUST_2278,23,Female,North America,2025-01-13,Basic,7.41,Direct Debit,Yes,Monthly,8.9,Sci-Fi,3,7,10,1,1,17,Active,Not Churned
CUST_2279,24,Male,Europe,2023-06-11,Premium,19.87,PayPal,Yes,Monthly,12.3,Action,3,8,9,4,0,21,Churned,Lack of content
CUST_2280,23,Female,Europe,2022-01-01,Standard,13.63,Credit Card,Yes,Annual,5.9,Sci-Fi,3,4,0,2,1,25,Churned,Technical issues
CUST_2281,44,Female,Asia Pacific,2025-06-27,Standard,14.34,PayPal,Yes,Monthly,9.6,Sci-Fi,5,4,11,0,1,33,Active,Not Churned
CUST_2282,59,Female,North America,2022-01-09,Standard,14.09,Credit Card,Yes,Monthly,10.4,Comedy,5,2,5,0,3,38,Churned,Technical issues
CUST_2283,38,Male,Asia Pacific,2021-11-28,Standard,13.77,Digital Wallet,No,Monthly,7.6,Action,2,8,3,2,2,15,Active,Not Churned
CUST_2284,34,Male,Latin America,2021-07-27,Standard,14.02,PayPal,Yes,Annual,7.9,Sci-Fi,1,4,3,0,0,42,Churned,Switched to competitor
CUST_2285,39,Male,Middle East & Africa,2023-02-06,Premium,19.82,Carrier Billing,No,Annual,5.4,Action,6,1,12,1,1,29,Active,Not Churned
CUST_2286,40,Female,Latin America,2022-05-13,Premium,20.55,PayPal,Yes,Monthly,22.5,Drama,5,14,16,0,0,14,Active,Not Churned
CUST_2287,47,Male,Middle East & Africa,2025-12-07,Standard,14.18,Carrier Billing,No,Monthly,5.8,Family,1,5,2,0,0,18,Churned,Payment issues
CUST_2288,28,Female,North America,2021-02-24,Basic,8.22,PayPal,Yes,Monthly,5.5,Comedy,3,6,3,1,2,27,Active,Not Churned
CUST_2289,39,Male,Middle East & Africa,2023-06-15,Standard,13.06,PayPal,No,Annual,18.7,Comedy,3,13,12,0,1,15,Active,Not Churned
CUST_2290,42,Male,Latin America,2021-08-09,Standard,13.97,PayPal,No,Monthly,11.3,Sci-Fi,2,5,10,1,1,12,Active,Not Churned
CUST_2291,37,Male,Asia Pacific,2023-05-21,Standard,14.72,Digital Wallet,No,Monthly,12.6,Thriller,1,6,10,3,2,37,Churned,Payment issues
CUST_2292,18,Male,Europe,2023-08-02,Standard,14.45,Credit Card,No,Annual,3.9,Drama,2,3,1,0,2,21,Active,Not Churned
CUST_2293,18,Female,North America,2021-09-23,Standard,13.34,Credit Card,No,Monthly,9.5,Family,2,8,8,1,2,17,Churned,Too expensive
CUST_2294,20,Female,North America,2025-04-28,Basic,7.88,PayPal,Yes,Monthly,3.2,Documentary,2,1,2,1,3,29,Active,Not Churned
CUST_2295,45,Female,Europe,2025-11-11,Basic,7.57,Credit Card,No,Annual,4.6,Action,3,4,8,1,0,19,Active,Not Churned
CUST_2296,50,Female,Europe,2025-10-30,Standard,14.59,Carrier Billing,Yes,Monthly,22.9,Thriller,4,15,15,1,1,2,Active,Not Churned
CUST_2297,23,Male,Latin America,2025-07-14,Basic,8.08,Carrier Billing,No,Monthly,4.1,Documentary,4,5,2,0,2,15,Active,Not Churned
CUST_2298,42,Male,Europe,2022-07-02,Basic,7.72,Credit Card,Yes,Annual,11.5,Anime,2,9,10,1,3,25,Churned,Payment issues
CUST_2299,18,Female,Europe,2023-03-10,Standard,14.0,Digital Wallet,Yes,Monthly,5.1,Comedy,3,6,6,1,1,22,Active,Not Churned
CUST_2300,28,Male,North America,2022-12-25,Standard,13.08,Direct Debit,Yes,Annual,5.4,Thriller,3,1,4,0,0,26,Active,Not Churned
CUST_2301,38,Female,Middle East & Africa,2021-10-04,Basic,7.61,Direct Debit,Yes,Monthly,29.7,Thriller,3,19,21,1,0,4,Active,Not Churned
CUST_2302,42,Female,North America,2022-02-09,Standard,14.0,Credit Card,Yes,Monthly,8.3,Action,4,6,8,1,1,33,Churned,Too expensive
CUST_2303,27,Female,Asia Pacific,2024-03-03,Standard,14.29,PayPal,Yes,Monthly,3.8,Comedy,5,6,8,2,0,9,Active,Not Churned
CUST_2304,33,Male,Europe,2023-06-17,Basic,7.31,Credit Card,Yes,Monthly,11.8,Sci-Fi,4,5,11,1,0,32,Active,Not Churned
CUST_2305,33,Male,Asia Pacific,2021-05-12,Premium,19.86,Credit Card,Yes,Monthly,17.5,Family,3,7,11,1,0,17,Active,Not Churned
CUST_2306,21,Female,North America,2024-03-27,Premium,20.34,Direct Debit,Yes,Monthly,14.4,Sci-Fi,2,12,5,2,1,3,Active,Not Churned
CUST_2307,45,Male,Middle East & Africa,2025-09-25,Standard,13.48,Digital Wallet,Yes,Annual,7.9,Comedy,1,4,7,2,3,32,Active,Not Churned
CUST_2308,36,Male,Europe,2025-03-14,Standard,14.07,Credit Card,Yes,Monthly,8.0,Action,2,5,7,1,0,20,Churned,Payment issues
CUST_2309,26,Male,Europe,2022-10-25,Basic,8.01,Direct Debit,Yes,Annual,5.8,Anime,6,5,5,0,0,26,Active,Not Churned
CUST_2310,33,Male,Europe,2022-05-21,Premium,20.59,Credit Card,Yes,Monthly,5.8,Thriller,3,6,0,0,0,19,Active,Not Churned
CUST_2311,45,Male,Middle East & Africa,2024-07-22,Standard,13.91,PayPal,Yes,Monthly,10.3,Family,6,9,10,1,1,18,Active,Not Churned
CUST_2312,26,Female,Europe,2025-04-20,Premium,19.93,Credit Card,No,Monthly,9.0,Anime,2,6,4,0,1,17,Churned,Switched to competitor
CUST_2313,23,Male,Asia Pacific,2023-11-16,Standard,14.29,Credit Card,No,Monthly,4.0,Anime,1,2,6,1,1,21,Active,Not Churned
CUST_2314,23,Female,Middle East & Africa,2024-03-23,Basic,7.53,Digital Wallet,Yes,Monthly,7.7,Anime,1,7,11,0,1,23,Active,Not Churned
CUST_2315,58,Other,Middle East & Africa,2023-04-20,Basic,7.91,PayPal,No,Annual,5.1,Thriller,2,5,4,0,1,18,Active,Not Churned
CUST_2316,43,Male,Middle East & Africa,2025-06-17,Standard,13.83,PayPal,Yes,Monthly,10.0,Sci-Fi,4,3,9,1,2,31,Churned,Lack of content
CUST_2317,24,Female,North America,2022-11-19,Standard,13.94,PayPal,Yes,Monthly,9.5,Drama,2,9,7,0,0,24,Active,Not Churned
CUST_2318,35,Male,Asia Pacific,2022-03-13,Basic,8.29,Credit Card,Yes,Monthly,6.4,Comedy,3,1,7,1,1,28,Churned,Technical issues
CUST_2319,37,Female,Asia Pacific,2021-01-26,Standard,14.18,PayPal,Yes,Monthly,8.6,Documentary,3,8,7,1,1,23,Active,Not Churned
CUST_2320,35,Male,Latin America,2022-08-25,Premium,19.73,Digital Wallet,No,Monthly,10.3,Thriller,5,6,6,1,2,23,Churned,Technical issues
CUST_2321,28,Female,Asia Pacific,2021-05-24,Standard,14.04,PayPal,No,Annual,14.0,Anime,4,10,7,0,0,9,Active,Not Churned
CUST_2322,20,Female,Asia Pacific,2021-02-04,Standard,14.51,PayPal,Yes,Monthly,8.4,Documentary,4,7,11,1,1,8,Churned,Lack of content
CUST_2323,27,Female,Europe,2023-07-17,Basic,7.7,Credit Card,Yes,Monthly,5.8,Action,4,4,7,2,1,25,Churned,Low usage
CUST_2324,29,Male,Latin America,2023-05-25,Premium,20.04,Credit Card,Yes,Monthly,8.8,Family,2,7,9,0,0,15,Churned,Too expensive
CUST_2325,42,Female,Asia Pacific,2022-09-11,Basic,7.92,Carrier Billing,No,Monthly,19.7,Drama,4,11,14,1,1,7,Active,Not Churned
CUST_2326,36,Male,Middle East & Africa,2022-11-19,Premium,19.97,Direct Debit,Yes,Annual,6.5,Drama,5,6,9,1,0,5,Active,Not Churned
CUST_2327,40,Female,Asia Pacific,2023-07-27,Standard,13.42,Credit Card,Yes,Annual,7.7,Drama,4,9,4,1,2,6,Active,Not Churned
CUST_2328,23,Male,Middle East & Africa,2025-09-27,Standard,14.48,Digital Wallet,No,Monthly,7.7,Drama,4,3,6,0,1,38,Active,Not Churned
CUST_2329,31,Female,Middle East & Africa,2021-12-16,Basic,7.72,Credit Card,Yes,Monthly,7.1,Drama,4,1,7,0,2,31,Active,Not Churned
CUST_2330,45,Female,North America,2024-11-30,Basic,8.35,Direct Debit,Yes,Monthly,2.4,Action,2,2,7,0,0,15,Churned,Switched to competitor
CUST_2331,21,Female,North America,2021-05-03,Standard,13.77,PayPal,No,Monthly,4.4,Family,5,3,12,0,0,19,Churned,Lack of content
CUST_2332,51,Male,Middle East & Africa,2025-09-05,Standard,13.77,Digital Wallet,Yes,Monthly,7.4,Comedy,3,5,7,1,2,25,Churned,Switched to competitor
CUST_2333,35,Male,Asia Pacific,2022-09-11,Standard,14.41,Carrier Billing,Yes,Monthly,6.4,Action,4,3,4,0,0,26,Active,Not Churned
CUST_2334,40,Male,Europe,2024-11-10,Premium,20.34,Credit Card,Yes,Monthly,11.3,Sci-Fi,2,9,5,0,1,13,Active,Not Churned
CUST_2335,18,Male,Europe,2024-01-12,Premium,20.06,Credit Card,Yes,Annual,16.4,Anime,4,7,8,1,0,32,Active,Not Churned
CUST_2336,41,Female,Europe,2022-09-03,Premium,20.26,Carrier Billing,No,Monthly,11.7,Thriller,3,8,6,0,2,33,Active,Not Churned
CUST_2337,25,Male,North America,2022-03-20,Basic,7.89,Carrier Billing,Yes,Monthly,8.5,Sci-Fi,4,7,0,1,1,22,Active,Not Churned
CUST_2338,35,Female,Middle East & Africa,2023-11-26,Standard,13.99,Credit Card,Yes,Monthly,11.0,Anime,4,8,6,0,2,16,Active,Not Churned
CUST_2339,22,Female,Europe,2021-08-21,Premium,19.76,PayPal,Yes,Monthly,10.9,Drama,4,8,10,0,2,21,Active,Not Churned
CUST_2340,44,Female,Asia Pacific,2024-06-01,Standard,14.31,PayPal,Yes,Monthly,8.5,Thriller,4,7,7,2,0,9,Active,Not Churned
CUST_2341,23,Female,Middle East & Africa,2021-03-30,Basic,7.75,Direct Debit,No,Monthly,13.0,Thriller,5,8,8,2,2,28,Active,Not Churned
CUST_2342,39,Male,Middle East & Africa,2024-09-17,Premium,20.51,Carrier Billing,Yes,Monthly,2.5,Action,4,2,0,1,0,27,Churned,Low usage
CUST_2343,38,Female,North America,2024-08-10,Standard,13.88,Direct Debit,Yes,Monthly,7.3,Comedy,2,6,9,1,1,13,Active,Not Churned
CUST_2344,37,Male,North America,2024-06-26,Standard,14.0,Digital Wallet,Yes,Monthly,4.4,Thriller,2,5,6,0,1,18,Active,Not Churned
CUST_2345,32,Male,North America,2025-06-24,Premium,20.26,Credit Card,Yes,Annual,7.5,Drama,7,7,6,0,0,21,Churned,Switched to competitor
CUST_2346,40,Female,North America,2021-09-24,Standard,14.0,PayPal,No,Monthly,5.8,Action,2,1,0,1,2,20,Churned,Technical issues
CUST_2347,33,Male,Europe,2022-04-30,Standard,13.89,Credit Card,Yes,Annual,23.3,Action,4,13,13,2,2,6,Active,Not Churned
CUST_2348,31,Male,Latin America,2022-12-10,Standard,13.98,Credit Card,Yes,Monthly,15.6,Drama,4,7,12,2,1,17,Active,Not Churned
CUST_2349,41,Male,North America,2025-08-02,Standard,14.3,PayPal,No,Annual,9.2,Drama,1,7,7,1,0,24,Active,Not Churned
CUST_2350,55,Male,North America,2021-03-06,Basic,7.76,Credit Card,Yes,Monthly,5.2,Documentary,3,5,5,0,1,34,Active,Not Churned
CUST_2351,34,Male,Europe,2021-11-10,Premium,19.95,PayPal,Yes,Annual,15.0,Action,4,9,12,2,1,20,Active,Not Churned
CUST_2352,21,Female,North America,2022-07-10,Premium,19.99,Credit Card,Yes,Monthly,10.3,Sci-Fi,7,5,8,2,0,0,Active,Not Churned
CUST_2353,31,Female,Europe,2022-10-08,Basic,8.29,Direct Debit,Yes,Monthly,6.6,Family,5,6,8,2,0,13,Churned,Too expensive
CUST_2354,40,Male,Europe,2024-11-08,Basic,7.96,PayPal,Yes,Monthly,8.4,Family,3,5,4,3,0,48,Active,Not Churned
CUST_2355,30,Female,Asia Pacific,2022-01-04,Premium,20.62,Credit Card,No,Monthly,8.7,Anime,5,8,3,0,0,16,Active,Not Churned
CUST_2356,20,Female,Asia Pacific,2022-11-01,Basic,7.94,PayPal,Yes,Monthly,10.2,Comedy,4,10,9,2,0,0,Active,Not Churned
CUST_2357,37,Female,Europe,2022-11-06,Standard,13.91,PayPal,Yes,Monthly,4.1,Comedy,1,5,6,0,0,37,Churned,Technical issues
CUST_2358,32,Male,Asia Pacific,2021-03-29,Standard,13.93,Carrier Billing,Yes,Monthly,10.9,Sci-Fi,7,7,10,1,1,10,Active,Not Churned
CUST_2359,28,Female,Latin America,2023-04-08,Standard,13.53,Credit Card,No,Monthly,7.4,Thriller,3,8,6,2,0,21,Active,Not Churned
CUST_2360,37,Female,Latin America,2025-12-13,Basic,7.63,Direct Debit,Yes,Monthly,13.1,Drama,2,8,8,2,2,13,Active,Not Churned
CUST_2361,43,Male,Asia Pacific,2022-07-06,Standard,13.8,Carrier Billing,Yes,Annual,15.7,Drama,3,8,11,1,4,39,Active,Not Churned
CUST_2362,30,Male,Latin America,2021-12-07,Standard,14.39,Direct Debit,Yes,Monthly,17.5,Drama,4,9,13,3,3,12,Churned,Technical issues
CUST_2363,42,Male,Europe,2022-04-17,Standard,13.98,Credit Card,Yes,Annual,26.7,Sci-Fi,2,14,18,2,2,6,Active,Not Churned
CUST_2364,35,Male,Middle East & Africa,2022-08-17,Basic,7.82,PayPal,Yes,Annual,23.6,Comedy,5,13,23,0,0,14,Active,Not Churned
CUST_2365,24,Female,Asia Pacific,2022-09-28,Standard,14.42,PayPal,Yes,Monthly,17.2,Family,4,11,9,0,4,13,Active,Not Churned
CUST_2366,18,Female,Asia Pacific,2021-05-14,Standard,14.53,Credit Card,Yes,Monthly,13.6,Comedy,5,6,19,2,2,27,Active,Not Churned
CUST_2367,36,Male,Latin America,2025-10-09,Basic,8.43,Credit Card,No,Monthly,3.8,Documentary,3,3,0,0,0,29,Active,Not Churned
CUST_2368,33,Female,North America,2025-05-21,Basic,7.69,Direct Debit,Yes,Annual,1.4,Thriller,3,3,4,0,2,28,Churned,Low usage
CUST_2369,27,Male,North America,2021-08-22,Basic,7.82,PayPal,No,Monthly,13.9,Thriller,5,10,6,2,1,8,Active,Not Churned
CUST_2370,28,Male,Asia Pacific,2022-08-15,Basic,8.62,Credit Card,Yes,Monthly,4.6,Drama,2,4,5,0,0,16,Churned,Low usage
CUST_2371,22,Male,Asia Pacific,2023-05-02,Basic,8.07,Carrier Billing,Yes,Monthly,32.6,Documentary,3,18,23,0,0,0,Active,Not Churned
CUST_2372,37,Male,Middle East & Africa,2022-04-03,Premium,19.9,PayPal,Yes,Monthly,4.8,Anime,2,2,5,0,2,33,Active,Not Churned
CUST_2373,23,Female,Asia Pacific,2024-08-11,Standard,14.24,PayPal,Yes,Monthly,13.3,Sci-Fi,2,7,12,1,1,25,Active,Not Churned
CUST_2374,31,Male,Europe,2025-01-13,Premium,20.34,Credit Card,Yes,Annual,10.9,Thriller,4,7,7,0,2,22,Active,Not Churned
CUST_2375,29,Female,Asia Pacific,2022-03-06,Premium,19.79,Carrier Billing,Yes,Monthly,5.1,Comedy,2,5,0,1,1,28,Active,Not Churned
CUST_2376,19,Female,Europe,2023-10-26,Basic,8.07,Credit Card,Yes,Annual,8.9,Action,5,6,9,2,2,13,Active,Not Churned
CUST_2377,40,Male,Asia Pacific,2022-04-09,Standard,14.31,PayPal,Yes,Annual,5.7,Action,3,3,5,0,1,27,Active,Not Churned
CUST_2378,32,Female,Asia Pacific,2025-08-26,Premium,19.58,Direct Debit,Yes,Annual,9.6,Anime,4,6,6,2,0,20,Active,Not Churned
CUST_2379,58,Female,North America,2022-06-25,Standard,13.99,Credit Card,Yes,Monthly,8.3,Sci-Fi,5,8,5,2,0,20,Active,Not Churned
CUST_2380,25,Male,Europe,2024-10-16,Standard,13.6,Credit Card,No,Monthly,5.8,Thriller,1,5,6,0,1,27,Active,Not Churned
CUST_2381,52,Male,Asia Pacific,2023-12-15,Standard,13.65,Digital Wallet,Yes,Monthly,7.1,Family,3,5,3,0,1,14,Active,Not Churned
CUST_2382,35,Female,Middle East & Africa,2022-02-19,Basic,7.79,PayPal,Yes,Annual,4.7,Anime,5,2,6,1,1,27,Active,Not Churned
CUST_2383,29,Female,Europe,2021-01-26,Standard,14.16,PayPal,Yes,Monthly,2.9,Sci-Fi,4,2,7,1,0,35,Active,Not Churned
CUST_2384,24,Male,Latin America,2022-04-02,Premium,19.88,Carrier Billing,No,Monthly,10.4,Drama,3,7,14,0,1,20,Churned,Technical issues
CUST_2385,21,Female,Europe,2025-11-08,Premium,19.76,Digital Wallet,Yes,Monthly,18.5,Anime,5,11,16,2,0,11,Active,Not Churned
CUST_2386,28,Female,Europe,2023-06-14,Basic,8.01,Credit Card,Yes,Monthly,4.9,Sci-Fi,5,5,5,2,1,15,Churned,Lack of content
CUST_2387,27,Male,Asia Pacific,2024-02-27,Standard,13.59,Carrier Billing,Yes,Monthly,21.8,Anime,2,13,15,0,0,10,Active,Not Churned
CUST_2388,30,Female,Middle East & Africa,2023-10-05,Basic,8.14,Credit Card,Yes,Monthly,23.5,Sci-Fi,7,13,14,2,1,1,Active,Not Churned
CUST_2389,27,Male,Europe,2023-03-08,Premium,20.39,Carrier Billing,Yes,Monthly,8.1,Anime,6,5,5,0,3,24,Churned,Too expensive
CUST_2390,43,Female,Europe,2023-05-14,Basic,7.96,Carrier Billing,Yes,Annual,7.0,Thriller,1,9,8,1,1,13,Active,Not Churned
CUST_2391,23,Male,North America,2022-04-29,Premium,19.92,Direct Debit,No,Monthly,8.1,Family,3,5,6,1,1,26,Active,Not Churned
CUST_2392,27,Male,Asia Pacific,2023-09-07,Premium,20.12,Direct Debit,Yes,Monthly,5.8,Sci-Fi,4,2,6,2,3,28,Active,Not Churned
CUST_2393,31,Male,Europe,2023-01-17,Basic,7.28,PayPal,No,Annual,7.0,Thriller,6,2,3,1,2,27,Active,Not Churned
CUST_2394,26,Other,North America,2025-12-19,Basic,8.18,Credit Card,Yes,Monthly,6.5,Anime,3,4,10,3,0,19,Active,Not Churned
CUST_2395,43,Male,Asia Pacific,2022-12-04,Premium,21.08,PayPal,No,Monthly,10.4,Comedy,2,8,7,2,1,17,Churned,Lack of content
CUST_2396,25,Female,Asia Pacific,2023-01-31,Basic,7.95,Credit Card,Yes,Annual,8.6,Comedy,3,5,10,1,0,23,Active,Not Churned
CUST_2397,31,Male,North America,2024-03-06,Standard,13.95,Credit Card,No,Monthly,4.3,Thriller,6,6,2,3,2,23,Churned,Too expensive
CUST_2398,30,Female,Asia Pacific,2022-12-28,Premium,20.25,PayPal,Yes,Annual,13.2,Sci-Fi,5,8,7,1,4,21,Active,Not Churned
CUST_2399,30,Male,Latin America,2023-01-26,Standard,14.57,Credit Card,Yes,Monthly,7.6,Thriller,4,7,10,1,1,21,Active,Not Churned
CUST_2400,55,Female,Asia Pacific,2024-11-30,Standard,14.33,Credit Card,Yes,Monthly,4.8,Anime,3,3,3,1,0,31,Active,Not Churned
CUST_2401,46,Male,Latin America,2022-10-22,Standard,13.24,Direct Debit,Yes,Monthly,7.5,Action,1,4,1,0,1,29,Churned,Too expensive
CUST_2402,39,Female,Asia Pacific,2025-05-22,Basic,8.19,PayPal,No,Annual,8.8,Sci-Fi,2,6,4,3,0,12,Churned,Low usage
CUST_2403,37,Female,North America,2021-07-23,Premium,20.89,PayPal,Yes,Annual,20.2,Sci-Fi,2,12,16,1,1,16,Active,Not Churned
CUST_2404,52,Female,North America,2022-06-28,Basic,8.21,Direct Debit,Yes,Annual,16.6,Documentary,2,9,13,2,0,25,Active,Not Churned
CUST_2405,32,Male,North America,2022-05-05,Basic,7.59,Direct Debit,Yes,Monthly,5.7,Thriller,3,5,3,2,1,29,Active,Not Churned
CUST_2406,31,Male,Asia Pacific,2025-05-25,Basic,8.09,Direct Debit,Yes,Annual,7.2,Action,5,6,4,2,3,9,Active,Not Churned
CUST_2407,33,Female,Europe,2023-11-10,Premium,19.54,PayPal,Yes,Monthly,6.7,Anime,3,2,8,0,0,27,Churned,Payment issues
CUST_2408,32,Female,Asia Pacific,2025-03-29,Basic,8.42,Direct Debit,Yes,Monthly,9.7,Documentary,2,6,11,2,2,34,Active,Not Churned
CUST_2409,37,Female,Latin America,2022-08-02,Premium,19.66,Credit Card,Yes,Monthly,7.9,Thriller,2,5,6,1,0,18,Active,Not Churned
CUST_2410,34,Male,North America,2022-06-04,Standard,14.02,Direct Debit,No,Monthly,7.8,Sci-Fi,4,5,8,1,0,41,Active,Not Churned
CUST_2411,18,Female,North America,2025-01-20,Premium,19.69,Carrier Billing,Yes,Monthly,16.1,Action,2,10,13,0,0,0,Active,Not Churned
CUST_2412,36,Female,Latin America,2022-03-20,Premium,19.8,Digital Wallet,No,Monthly,5.6,Action,2,3,12,1,1,27,Active,Not Churned
CUST_2413,38,Female,North America,2021-11-07,Premium,20.51,Digital Wallet,No,Monthly,18.6,Comedy,6,7,9,4,0,26,Active,Not Churned
CUST_2414,38,Female,North America,2024-07-01,Premium,20.03,PayPal,Yes,Annual,12.2,Documentary,2,7,7,1,1,21,Active,Not Churned
CUST_2415,27,Male,Europe,2025-03-26,Basic,7.79,PayPal,Yes,Annual,16.2,Family,2,8,9,0,0,16,Active,Not Churned
CUST_2416,20,Male,Middle East & Africa,2024-09-01,Premium,19.59,PayPal,No,Annual,14.2,Comedy,2,9,12,1,0,7,Active,Not Churned
CUST_2417,45,Female,Asia Pacific,2021-02-12,Standard,13.33,Direct Debit,Yes,Monthly,14.1,Anime,2,10,9,0,2,11,Active,Not Churned
CUST_2418,30,Female,North America,2024-08-19,Standard,13.55,Credit Card,No,Monthly,8.8,Documentary,7,2,8,0,2,33,Churned,Switched to competitor
CUST_2419,29,Female,Asia Pacific,2022-06-29,Premium,20.03,Direct Debit,Yes,Annual,6.0,Action,4,3,6,1,0,10,Active,Not Churned
CUST_2420,28,Male,Europe,2021-03-05,Premium,20.33,PayPal,Yes,Monthly,7.5,Sci-Fi,4,6,6,1,3,31,Churned,Lack of content
CUST_2421,39,Female,North America,2025-12-28,Standard,13.79,Credit Card,Yes,Monthly,5.5,Action,2,2,5,0,2,28,Churned,Low usage
CUST_2422,43,Other,Asia Pacific,2024-06-16,Standard,14.54,Credit Card,Yes,Monthly,2.6,Sci-Fi,4,4,7,1,2,30,Churned,Payment issues
CUST_2423,38,Male,Asia Pacific,2025-05-12,Standard,13.74,Credit Card,Yes,Monthly,14.8,Thriller,3,11,7,2,0,18,Active,Not Churned
CUST_2424,37,Male,Middle East & Africa,2025-09-18,Standard,13.91,Direct Debit,Yes,Monthly,8.3,Thriller,6,5,6,1,1,49,Active,Not Churned
CUST_2425,30,Male,Latin America,2024-05-22,Standard,13.61,Carrier Billing,Yes,Monthly,5.3,Documentary,1,3,1,1,0,34,Active,Not Churned
CUST_2426,29,Male,Latin America,2022-10-12,Standard,14.34,Credit Card,Yes,Monthly,23.7,Family,5,9,16,1,0,6,Active,Not Churned
CUST_2427,30,Male,Middle East & Africa,2022-02-13,Basic,8.72,Digital Wallet,Yes,Monthly,28.6,Comedy,3,17,17,1,2,19,Active,Not Churned
CUST_2428,38,Female,Europe,2021-09-30,Basic,7.37,Credit Card,Yes,Monthly,3.3,Sci-Fi,3,7,7,0,0,0,Active,Not Churned
CUST_2429,28,Female,Asia Pacific,2024-04-23,Standard,13.87,Credit Card,Yes,Annual,7.7,Drama,6,9,6,1,2,15,Active,Not Churned
CUST_2430,39,Male,Middle East & Africa,2024-01-31,Standard,14.43,Carrier Billing,Yes,Annual,7.4,Comedy,2,5,5,0,1,23,Active,Not Churned
CUST_2431,40,Male,Asia Pacific,2025-12-17,Premium,19.48,Digital Wallet,No,Monthly,6.4,Anime,4,3,5,3,0,24,Active,Not Churned
CUST_2432,40,Male,North America,2021-11-03,Standard,14.19,Credit Card,No,Monthly,14.6,Documentary,2,10,15,1,0,14,Active,Not Churned
CUST_2433,30,Female,Middle East & Africa,2025-11-28,Basic,8.42,Credit Card,Yes,Annual,1.9,Action,2,2,0,1,3,30,Churned,Technical issues
CUST_2434,25,Male,Europe,2022-01-29,Basic,8.02,Credit Card,Yes,Annual,19.7,Thriller,6,12,11,0,0,17,Active,Not Churned
CUST_2435,34,Male,Europe,2023-05-11,Basic,8.18,Credit Card,Yes,Monthly,8.3,Drama,7,6,7,2,1,19,Active,Not Churned
CUST_2436,29,Male,Asia Pacific,2021-04-16,Premium,20.61,PayPal,Yes,Annual,23.9,Drama,2,14,13,0,2,7,Active,Not Churned
CUST_2437,28,Male,Europe,2021-09-09,Basic,8.67,Direct Debit,No,Annual,7.9,Comedy,5,7,8,0,1,31,Active,Not Churned
CUST_2438,31,Female,Europe,2022-04-26,Standard,13.97,Credit Card,Yes,Monthly,7.4,Comedy,1,7,6,1,0,24,Churned,Lack of content
CUST_2439,40,Male,North America,2025-03-26,Premium,19.8,Credit Card,Yes,Monthly,16.6,Anime,4,9,12,1,2,17,Active,Not Churned
CUST_2440,25,Male,North America,2024-02-26,Premium,19.67,Credit Card,Yes,Annual,23.9,Documentary,5,12,15,2,0,14,Active,Not Churned
CUST_2441,51,Male,North America,2021-02-27,Basic,8.33,Digital Wallet,No,Annual,19.9,Documentary,3,7,13,3,2,37,Active,Not Churned
CUST_2442,39,Female,Europe,2022-02-22,Basic,7.51,Direct Debit,Yes,Monthly,2.5,Sci-Fi,4,2,0,1,3,22,Churned,Technical issues
CUST_2443,29,Female,Europe,2023-07-04,Basic,7.9,PayPal,Yes,Monthly,17.0,Drama,2,8,12,3,0,10,Active,Not Churned
CUST_2444,41,Female,Latin America,2023-09-30,Basic,8.03,Credit Card,Yes,Monthly,6.5,Drama,5,6,0,0,0,14,Active,Not Churned
CUST_2445,25,Female,North America,2023-06-25,Basic,7.81,Carrier Billing,No,Monthly,7.4,Family,7,5,4,2,2,27,Churned,Low usage
CUST_2446,36,Female,Asia Pacific,2024-11-12,Standard,14.09,Credit Card,Yes,Monthly,7.1,Drama,2,5,7,0,1,28,Churned,Too expensive
CUST_2447,38,Female,Middle East & Africa,2023-01-18,Premium,20.89,Direct Debit,No,Monthly,7.5,Sci-Fi,3,7,10,1,1,14,Active,Not Churned
CUST_2448,40,Male,Europe,2023-04-23,Standard,13.95,Direct Debit,No,Annual,7.7,Thriller,3,6,13,1,2,16,Churned,Lack of content
CUST_2449,33,Female,Middle East & Africa,2023-06-21,Standard,13.84,Carrier Billing,Yes,Monthly,5.0,Sci-Fi,3,4,3,2,2,18,Active,Not Churned
CUST_2450,23,Female,Asia Pacific,2025-05-07,Basic,8.35,Direct Debit,Yes,Annual,17.1,Family,4,13,9,0,2,3,Active,Not Churned
CUST_2451,34,Female,Middle East & Africa,2024-12-03,Premium,20.07,PayPal,No,Annual,14.1,Family,2,10,11,0,2,10,Active,Not Churned
CUST_2452,46,Other,Europe,2022-01-18,Standard,14.49,Credit Card,Yes,Monthly,10.0,Thriller,4,6,13,1,1,6,Active,Not Churned
CUST_2453,27,Female,Asia Pacific,2024-09-28,Premium,20.05,Credit Card,Yes,Annual,8.4,Comedy,7,5,11,0,0,16,Active,Not Churned
CUST_2454,27,Female,North America,2025-11-16,Premium,19.9,Direct Debit,Yes,Annual,7.7,Thriller,4,7,3,2,0,11,Active,Not Churned
CUST_2455,32,Male,Middle East & Africa,2024-06-01,Basic,7.37,PayPal,Yes,Monthly,10.5,Documentary,3,7,7,2,0,18,Active,Not Churned
CUST_2456,40,Female,Europe,2022-01-23,Basic,7.42,PayPal,No,Annual,9.4,Thriller,2,4,10,3,2,40,Churned,Lack of content
CUST_2457,23,Male,North America,2022-03-14,Basic,7.35,PayPal,No,Annual,15.2,Drama,3,11,13,0,1,0,Active,Not Churned
CUST_2458,28,Female,Asia Pacific,2024-04-09,Standard,14.12,Carrier Billing,Yes,Monthly,6.5,Action,4,7,7,1,1,26,Active,Not Churned
CUST_2459,24,Male,North America,2021-07-06,Premium,19.51,Credit Card,Yes,Monthly,7.4,Sci-Fi,3,7,5,0,0,28,Active,Not Churned
CUST_2460,48,Female,Europe,2023-09-14,Standard,14.43,Credit Card,No,Monthly,12.5,Sci-Fi,3,11,11,1,2,21,Active,Not Churned
CUST_2461,25,Male,Europe,2025-08-31,Standard,14.0,Credit Card,Yes,Monthly,13.9,Anime,2,12,12,0,2,14,Active,Not Churned
CUST_2462,35,Male,North America,2022-05-30,Standard,13.9,Credit Card,Yes,Annual,28.1,Thriller,3,19,15,1,1,8,Active,Not Churned
CUST_2463,27,Male,North America,2022-11-23,Basic,7.69,Credit Card,Yes,Monthly,2.4,Thriller,4,3,7,0,1,30,Active,Not Churned
CUST_2464,38,Female,Europe,2022-01-15,Basic,8.21,Credit Card,Yes,Monthly,17.6,Action,6,10,15,1,0,20,Active,Not Churned
CUST_2465,43,Female,North America,2025-06-23,Standard,13.71,Credit Card,Yes,Monthly,9.5,Drama,2,3,5,1,0,25,Churned,Lack of content
CUST_2466,32,Female,Asia Pacific,2021-06-01,Standard,13.65,Credit Card,Yes,Annual,6.7,Documentary,2,5,8,2,0,15,Active,Not Churned
CUST_2467,42,Female,North America,2021-01-03,Standard,14.41,PayPal,No,Monthly,11.2,Sci-Fi,2,8,11,0,2,27,Active,Not Churned
CUST_2468,40,Male,Asia Pacific,2024-12-17,Basic,8.11,Digital Wallet,No,Monthly,10.3,Drama,3,7,10,0,1,37,Active,Not Churned
CUST_2469,36,Female,Asia Pacific,2023-09-30,Standard,13.91,PayPal,Yes,Annual,6.8,Action,1,2,10,0,1,24,Active,Not Churned
CUST_2470,43,Female,Asia Pacific,2021-10-28,Basic,8.21,Carrier Billing,Yes,Monthly,2.6,Drama,6,2,3,2,1,29,Active,Not Churned
CUST_2471,56,Female,Asia Pacific,2024-12-20,Premium,19.99,Direct Debit,Yes,Annual,19.6,Drama,3,12,14,2,1,13,Active,Not Churned
CUST_2472,46,Male,Asia Pacific,2024-02-29,Basic,8.12,PayPal,Yes,Annual,5.1,Action,7,2,0,1,1,18,Churned,Too expensive
CUST_2473,18,Male,Asia Pacific,2023-12-23,Basic,7.7,Digital Wallet,Yes,Monthly,4.6,Family,2,4,8,1,0,17,Churned,Too expensive
CUST_2474,20,Female,Europe,2021-12-11,Standard,14.71,Direct Debit,No,Annual,6.1,Family,1,5,8,0,0,22,Churned,Switched to competitor
CUST_2475,33,Female,Europe,2021-01-06,Standard,13.79,Credit Card,Yes,Monthly,13.6,Drama,3,10,14,0,5,20,Active,Not Churned
CUST_2476,18,Male,Europe,2023-10-07,Standard,14.53,Credit Card,Yes,Annual,7.3,Documentary,2,8,3,0,1,17,Active,Not Churned
CUST_2477,32,Male,North America,2025-01-30,Standard,13.92,Digital Wallet,Yes,Annual,6.2,Thriller,4,4,8,1,5,32,Active,Not Churned
CUST_2478,19,Female,Europe,2021-07-03,Premium,20.27,Direct Debit,Yes,Monthly,12.1,Sci-Fi,2,8,12,2,2,20,Active,Not Churned
CUST_2479,36,Female,Asia Pacific,2024-03-28,Standard,14.25,PayPal,Yes,Monthly,10.0,Sci-Fi,3,7,6,1,1,14,Active,Not Churned
CUST_2480,38,Female,Latin America,2022-11-10,Standard,14.39,Direct Debit,No,Monthly,6.3,Drama,2,6,9,0,0,21,Active,Not Churned
CUST_2481,32,Male,Europe,2024-08-26,Standard,13.7,Direct Debit,Yes,Monthly,3.2,Documentary,1,4,5,0,3,29,Churned,Too expensive
CUST_2482,30,Female,Latin America,2024-04-09,Basic,8.37,PayPal,Yes,Monthly,12.7,Action,6,10,4,0,0,5,Active,Not Churned
CUST_2483,27,Female,Latin America,2025-06-29,Standard,14.64,Credit Card,No,Annual,10.1,Sci-Fi,2,2,9,0,1,30,Churned,Lack of content
CUST_2484,35,Male,Europe,2025-01-22,Basic,7.9,Direct Debit,Yes,Monthly,2.0,Comedy,6,3,1,1,0,20,Active,Not Churned
CUST_2485,22,Male,Asia Pacific,2022-08-29,Standard,14.0,Credit Card,Yes,Monthly,19.8,Thriller,5,12,8,0,0,13,Active,Not Churned
CUST_2486,25,Female,Europe,2025-09-10,Basic,7.81,Credit Card,Yes,Monthly,1.9,Thriller,3,2,4,0,0,25,Active,Not Churned
CUST_2487,38,Female,North America,2023-11-07,Premium,19.87,PayPal,Yes,Annual,6.9,Anime,2,1,6,1,0,31,Churned,Technical issues
CUST_2488,30,Female,Latin America,2025-05-12,Standard,14.59,Carrier Billing,No,Annual,5.8,Drama,3,4,9,0,2,26,Active,Not Churned
CUST_2489,29,Male,Latin America,2023-01-29,Premium,19.64,Credit Card,No,Annual,7.6,Anime,5,4,7,0,3,27,Active,Not Churned
CUST_2490,43,Female,North America,2022-03-11,Standard,13.66,Credit Card,Yes,Monthly,6.2,Anime,1,8,8,2,0,19,Active,Not Churned
CUST_2491,33,Female,Asia Pacific,2021-07-15,Basic,8.55,PayPal,Yes,Monthly,3.5,Anime,2,4,5,1,0,29,Active,Not Churned
CUST_2492,29,Male,Latin America,2021-12-24,Premium,20.21,Credit Card,Yes,Annual,10.9,Sci-Fi,4,6,11,1,4,27,Churned,Too expensive
CUST_2493,41,Female,North America,2024-08-20,Standard,14.73,Credit Card,Yes,Annual,14.6,Drama,2,5,7,1,1,24,Active,Not Churned
CUST_2494,25,Female,Europe,2022-04-18,Premium,19.83,Credit Card,Yes,Monthly,10.8,Anime,3,8,9,1,1,15,Active,Not Churned
CUST_2495,18,Female,North America,2025-07-19,Standard,14.03,Carrier Billing,Yes,Monthly,10.4,Comedy,2,8,7,3,1,7,Active,Not Churned
CUST_2496,48,Male,Asia Pacific,2025-11-13,Standard,13.76,Direct Debit,Yes,Monthly,7.3,Sci-Fi,6,5,8,0,1,22,Active,Not Churned
CUST_2497,22,Male,North America,2024-05-08,Premium,20.04,PayPal,Yes,Monthly,10.6,Thriller,3,8,9,0,1,8,Churned,Switched to competitor
CUST_2498,51,Female,North America,2025-11-29,Standard,13.37,Digital Wallet,Yes,Annual,10.8,Anime,5,6,6,1,0,15,Active,Not Churned
CUST_2499,28,Female,North America,2024-03-14,Basic,8.23,Credit Card,No,Monthly,12.1,Thriller,4,9,8,2,1,11,Active,Not Churned
CUST_2500,18,Female,Middle East & Africa,2025-12-06,Standard,14.1,PayPal,No,Annual,6.0,Comedy,4,6,10,1,1,16,Active,Not Churned
CUST_2501,25,Female,North America,2022-06-02,Standard,13.97,Direct Debit,Yes,Monthly,5.5,Comedy,4,1,0,0,1,24,Active,Not Churned
CUST_2502,38,Female,North America,2024-06-19,Premium,19.85,Digital Wallet,Yes,Monthly,3.4,Comedy,5,1,6,0,0,30,Churned,Low usage
CUST_2503,49,Female,Asia Pacific,2021-10-18,Standard,13.68,Carrier Billing,Yes,Monthly,22.9,Action,3,17,18,1,0,3,Active,Not Churned
CUST_2504,43,Male,Asia Pacific,2023-02-15,Standard,14.24,PayPal,Yes,Monthly,22.1,Action,4,14,16,0,2,9,Active,Not Churned
CUST_2505,44,Male,North America,2022-09-04,Premium,19.58,PayPal,Yes,Monthly,9.8,Thriller,2,4,13,0,0,30,Active,Not Churned
CUST_2506,21,Female,Asia Pacific,2025-02-23,Standard,14.17,PayPal,No,Monthly,8.7,Family,5,3,10,3,1,50,Churned,Switched to competitor
CUST_2507,42,Female,Europe,2022-12-19,Standard,14.72,Credit Card,Yes,Monthly,19.0,Action,4,11,14,1,0,14,Active,Not Churned
CUST_2508,32,Male,North America,2025-05-03,Standard,14.51,PayPal,Yes,Annual,4.3,Action,3,2,3,1,0,32,Active,Not Churned
CUST_2509,51,Male,Latin America,2025-03-07,Basic,7.46,Credit Card,Yes,Monthly,4.5,Drama,4,3,6,0,2,29,Active,Not Churned
CUST_2510,39,Male,Middle East & Africa,2022-06-25,Standard,13.8,Credit Card,Yes,Monthly,19.7,Thriller,4,11,15,1,1,17,Active,Not Churned
CUST_2511,38,Male,Europe,2022-08-24,Basic,8.14,Credit Card,No,Monthly,6.6,Documentary,4,5,6,1,0,10,Active,Not Churned
CUST_2512,20,Male,North America,2022-06-12,Basic,7.97,Credit Card,Yes,Annual,4.1,Family,4,6,2,1,2,4,Active,Not Churned
CUST_2513,40,Female,Europe,2023-09-10,Standard,13.5,Credit Card,No,Annual,11.2,Family,5,10,5,0,1,0,Active,Not Churned
CUST_2514,28,Female,Middle East & Africa,2025-12-02,Standard,14.12,Direct Debit,Yes,Monthly,6.0,Comedy,3,4,6,2,0,19,Active,Not Churned
CUST_2515,41,Female,Latin America,2025-04-27,Premium,19.99,Carrier Billing,Yes,Annual,19.1,Drama,6,9,8,1,0,24,Active,Not Churned
CUST_2516,32,Male,Latin America,2024-01-07,Basic,8.66,Carrier Billing,Yes,Annual,8.6,Action,3,6,5,0,1,22,Active,Not Churned
CUST_2517,29,Other,Middle East & Africa,2023-12-30,Basic,7.9,Credit Card,Yes,Annual,5.4,Sci-Fi,4,7,0,3,1,19,Active,Not Churned
CUST_2518,39,Male,North America,2025-12-28,Premium,20.4,Credit Card,Yes,Annual,7.6,Thriller,3,5,9,0,0,24,Active,Not Churned
CUST_2519,36,Female,Middle East & Africa,2022-08-18,Basic,7.55,Credit Card,Yes,Monthly,10.2,Documentary,7,8,11,2,1,21,Active,Not Churned
CUST_2520,21,Male,Middle East & Africa,2024-03-10,Basic,7.63,Carrier Billing,Yes,Monthly,7.1,Drama,4,4,6,1,3,19,Active,Not Churned
CUST_2521,49,Male,Asia Pacific,2022-10-10,Basic,8.24,Carrier Billing,Yes,Annual,6.5,Comedy,2,5,11,2,0,25,Active,Not Churned
CUST_2522,32,Male,Europe,2025-12-19,Standard,14.37,Digital Wallet,Yes,Monthly,13.0,Thriller,4,6,13,1,1,27,Churned,Payment issues
CUST_2523,43,Male,Middle East & Africa,2023-07-11,Premium,19.65,Digital Wallet,Yes,Monthly,20.5,Comedy,3,12,15,2,2,29,Active,Not Churned
CUST_2524,33,Male,North America,2023-08-10,Standard,14.0,Carrier Billing,Yes,Monthly,12.1,Comedy,2,7,8,0,1,18,Churned,Switched to competitor
CUST_2525,25,Male,Europe,2025-02-15,Standard,13.51,Credit Card,No,Monthly,5.7,Thriller,3,5,4,0,1,34,Active,Not Churned
CUST_2526,32,Female,North America,2025-01-26,Basic,7.93,PayPal,No,Monthly,3.9,Comedy,3,7,6,4,2,22,Churned,Lack of content
CUST_2527,40,Female,Europe,2022-12-20,Standard,14.28,Carrier Billing,Yes,Monthly,12.6,Action,2,7,9,2,1,37,Active,Not Churned
CUST_2528,58,Male,Latin America,2023-07-05,Standard,13.84,Digital Wallet,Yes,Monthly,12.1,Thriller,2,4,10,1,4,26,Active,Not Churned
CUST_2529,44,Male,Europe,2022-09-12,Basic,7.9,PayPal,Yes,Monthly,6.3,Family,2,4,7,0,0,26,Active,Not Churned
CUST_2530,29,Male,Asia Pacific,2025-07-25,Basic,7.59,Direct Debit,Yes,Annual,7.2,Thriller,3,6,5,1,1,23,Active,Not Churned
CUST_2531,19,Female,Europe,2021-03-31,Basic,7.76,Credit Card,No,Monthly,5.2,Sci-Fi,4,4,8,1,0,33,Churned,Lack of content
CUST_2532,34,Female,North America,2022-09-23,Basic,8.61,Credit Card,Yes,Annual,4.0,Thriller,7,3,4,1,1,36,Active,Not Churned
CUST_2533,35,Female,North America,2025-01-17,Standard,14.02,Credit Card,Yes,Monthly,6.2,Documentary,5,7,5,3,1,14,Active,Not Churned
CUST_2534,44,Male,North America,2023-08-22,Standard,13.64,Digital Wallet,No,Annual,1.9,Sci-Fi,3,3,0,0,0,21,Active,Not Churned
CUST_2535,47,Female,Latin America,2024-05-10,Basic,7.88,Direct Debit,Yes,Monthly,15.4,Comedy,3,9,10,1,0,29,Active,Not Churned
CUST_2536,40,Male,North America,2021-11-25,Standard,13.43,Digital Wallet,Yes,Monthly,3.9,Family,7,2,11,1,2,30,Active,Not Churned
CUST_2537,43,Male,Europe,2024-12-26,Premium,19.64,Credit Card,No,Monthly,9.9,Comedy,3,3,5,2,2,35,Churned,Switched to competitor
CUST_2538,32,Female,Asia Pacific,2025-01-13,Standard,14.47,Credit Card,Yes,Annual,2.4,Action,5,3,5,1,1,19,Churned,Switched to competitor
CUST_2539,43,Female,Asia Pacific,2021-12-27,Premium,19.94,Credit Card,Yes,Monthly,13.1,Action,3,8,8,3,1,18,Active,Not Churned
CUST_2540,37,Female,Asia Pacific,2022-08-06,Standard,14.65,PayPal,Yes,Monthly,13.8,Comedy,1,6,3,3,0,17,Active,Not Churned
CUST_2541,54,Female,Asia Pacific,2023-09-03,Premium,19.96,Direct Debit,Yes,Monthly,10.3,Comedy,3,7,9,1,2,28,Active,Not Churned
CUST_2542,36,Male,Asia Pacific,2021-01-18,Basic,7.98,Digital Wallet,Yes,Monthly,7.6,Action,3,5,5,1,1,28,Active,Not Churned
CUST_2543,32,Female,Asia Pacific,2022-05-04,Standard,14.21,Credit Card,Yes,Monthly,5.9,Sci-Fi,2,3,6,3,0,35,Churned,Technical issues
CUST_2544,42,Male,Europe,2022-01-23,Basic,7.05,Direct Debit,Yes,Monthly,15.1,Drama,2,8,13,0,1,9,Active,Not Churned
CUST_2545,49,Female,Europe,2023-06-22,Standard,14.06,Digital Wallet,No,Monthly,3.4,Family,3,4,5,0,1,27,Churned,Lack of content
CUST_2546,42,Male,Europe,2025-07-10,Standard,13.97,Credit Card,Yes,Monthly,6.7,Anime,4,4,7,1,1,25,Churned,Switched to competitor
CUST_2547,38,Male,Europe,2024-05-23,Basic,8.51,Carrier Billing,Yes,Monthly,4.8,Comedy,5,3,2,0,1,8,Active,Not Churned
CUST_2548,34,Male,Middle East & Africa,2023-02-28,Standard,14.33,Digital Wallet,Yes,Annual,5.4,Documentary,3,3,7,2,0,29,Active,Not Churned
CUST_2549,25,Female,Middle East & Africa,2025-06-21,Basic,7.59,Direct Debit,No,Annual,14.9,Family,1,9,10,0,2,26,Active,Not Churned
CUST_2550,46,Female,Asia Pacific,2021-08-21,Basic,8.42,PayPal,Yes,Monthly,7.3,Action,3,7,0,1,0,29,Active,Not Churned
CUST_2551,46,Male,Latin America,2021-10-16,Basic,7.9,Direct Debit,No,Monthly,5.2,Documentary,4,4,7,2,1,25,Active,Not Churned
CUST_2552,18,Male,Middle East & Africa,2024-01-25,Standard,13.67,Direct Debit,Yes,Annual,10.3,Comedy,2,6,11,1,1,27,Active,Not Churned
CUST_2553,26,Male,Europe,2023-12-31,Basic,8.06,Carrier Billing,Yes,Monthly,9.1,Anime,4,7,11,1,1,23,Active,Not Churned
CUST_2554,41,Other,Asia Pacific,2025-09-13,Standard,13.92,Direct Debit,Yes,Monthly,13.7,Anime,2,11,16,2,1,8,Active,Not Churned
CUST_2555,29,Female,Europe,2025-05-31,Basic,8.53,Digital Wallet,Yes,Monthly,10.2,Action,3,7,10,1,0,11,Churned,Technical issues
CUST_2556,40,Male,Middle East & Africa,2024-09-04,Standard,14.11,Carrier Billing,Yes,Annual,8.2,Documentary,2,6,8,0,1,20,Active,Not Churned
CUST_2557,24,Female,Asia Pacific,2023-03-30,Premium,20.06,Credit Card,No,Annual,9.8,Drama,4,8,11,1,2,18,Active,Not Churned
CUST_2558,26,Male,Asia Pacific,2024-03-13,Standard,14.31,Digital Wallet,No,Monthly,3.3,Thriller,2,3,1,1,1,27,Active,Not Churned
CUST_2559,23,Male,Europe,2022-08-21,Standard,14.37,Direct Debit,Yes,Monthly,10.6,Drama,6,7,3,2,0,16,Active,Not Churned
CUST_2560,33,Female,Asia Pacific,2024-02-05,Premium,20.26,Digital Wallet,Yes,Annual,6.3,Comedy,3,4,4,2,1,27,Active,Not Churned
CUST_2561,34,Female,Europe,2022-12-25,Premium,20.49,PayPal,No,Monthly,11.0,Thriller,1,4,12,2,2,20,Churned,Too expensive
CUST_2562,22,Male,Asia Pacific,2023-07-17,Standard,14.2,Digital Wallet,Yes,Annual,18.9,Drama,6,12,10,0,2,22,Active,Not Churned
CUST_2563,24,Female,North America,2023-02-24,Premium,20.05,Digital Wallet,Yes,Monthly,10.3,Anime,3,7,9,1,1,7,Active,Not Churned
CUST_2564,30,Male,North America,2023-02-09,Premium,20.42,Carrier Billing,Yes,Monthly,8.4,Action,4,5,8,0,2,23,Active,Not Churned
CUST_2565,31,Male,North America,2024-02-16,Premium,19.96,Carrier Billing,Yes,Annual,8.3,Action,4,8,7,0,1,15,Active,Not Churned
CUST_2566,26,Female,North America,2022-05-18,Standard,14.0,Credit Card,No,Annual,10.4,Family,3,5,4,1,1,22,Active,Not Churned
CUST_2567,40,Male,Asia Pacific,2025-11-30,Basic,8.59,Credit Card,Yes,Monthly,8.7,Action,5,3,8,1,0,18,Churned,Low usage
CUST_2568,30,Female,North America,2023-09-20,Basic,8.56,Direct Debit,Yes,Monthly,11.4,Drama,4,6,7,1,0,9,Active,Not Churned
CUST_2569,36,Male,Europe,2024-06-09,Standard,13.99,Direct Debit,Yes,Annual,6.1,Thriller,4,2,10,0,1,28,Active,Not Churned
CUST_2570,38,Female,Asia Pacific,2021-06-17,Standard,13.83,Direct Debit,Yes,Annual,7.7,Anime,3,6,10,1,0,18,Active,Not Churned
CUST_2571,25,Female,North America,2024-11-02,Standard,14.5,PayPal,Yes,Monthly,13.2,Drama,2,7,8,2,1,23,Active,Not Churned
CUST_2572,39,Male,Europe,2021-02-11,Standard,14.27,Credit Card,Yes,Monthly,13.8,Drama,5,10,15,2,1,4,Active,Not Churned
CUST_2573,36,Male,Asia Pacific,2022-05-27,Standard,14.1,PayPal,No,Annual,13.9,Drama,1,10,11,1,2,28,Active,Not Churned
CUST_2574,35,Male,Middle East & Africa,2023-12-25,Premium,19.88,PayPal,Yes,Annual,13.8,Comedy,7,7,5,2,2,22,Active,Not Churned
CUST_2575,26,Male,Europe,2023-09-02,Basic,8.11,Direct Debit,Yes,Monthly,12.0,Comedy,3,6,8,3,0,0,Active,Not Churned
CUST_2576,43,Male,North America,2022-09-07,Basic,7.98,Credit Card,Yes,Annual,9.0,Sci-Fi,2,7,12,1,0,19,Active,Not Churned
CUST_2577,18,Female,Asia Pacific,2021-02-24,Premium,19.76,PayPal,Yes,Monthly,5.1,Comedy,3,6,2,0,2,18,Churned,Too expensive
CUST_2578,33,Male,Middle East & Africa,2024-12-28,Premium,20.04,PayPal,Yes,Monthly,5.3,Thriller,2,1,5,3,1,24,Churned,Low usage
CUST_2579,25,Other,Middle East & Africa,2024-06-17,Premium,20.08,PayPal,No,Annual,10.2,Thriller,2,7,4,2,4,35,Churned,Technical issues
CUST_2580,30,Female,Europe,2024-11-10,Premium,19.86,Credit Card,Yes,Monthly,10.4,Sci-Fi,2,3,4,2,4,39,Churned,Too expensive
CUST_2581,20,Female,North America,2022-08-06,Premium,20.31,Direct Debit,No,Annual,6.6,Action,2,4,3,1,0,25,Active,Not Churned
CUST_2582,27,Female,Asia Pacific,2025-04-24,Basic,8.44,Credit Card,Yes,Monthly,4.8,Anime,5,6,1,1,0,20,Active,Not Churned
CUST_2583,23,Other,Latin America,2021-11-23,Standard,14.33,Digital Wallet,Yes,Monthly,8.2,Comedy,3,11,5,3,1,18,Active,Not Churned
CUST_2584,19,Female,Asia Pacific,2023-06-06,Basic,7.89,Direct Debit,Yes,Annual,24.0,Drama,3,13,20,2,2,1,Active,Not Churned
CUST_2585,39,Male,Europe,2021-02-19,Standard,14.25,Carrier Billing,No,Annual,4.8,Sci-Fi,4,2,5,1,1,29,Active,Not Churned
CUST_2586,27,Female,Europe,2025-04-05,Premium,20.02,PayPal,Yes,Annual,8.2,Family,4,5,9,0,0,29,Active,Not Churned
CUST_2587,32,Male,Europe,2022-05-20,Basic,7.56,PayPal,Yes,Monthly,13.0,Comedy,4,8,12,1,2,27,Active,Not Churned
CUST_2588,37,Male,North America,2024-04-20,Standard,14.23,Credit Card,Yes,Annual,12.3,Action,3,6,5,1,0,12,Active,Not Churned
CUST_2589,37,Female,Europe,2023-08-07,Basic,8.04,PayPal,Yes,Annual,9.4,Action,4,5,5,0,1,23,Active,Not Churned
CUST_2590,32,Male,Latin America,2025-08-12,Basic,8.9,Digital Wallet,Yes,Monthly,2.2,Comedy,4,2,6,5,0,23,Active,Not Churned
CUST_2591,27,Male,Asia Pacific,2021-06-21,Basic,8.5,Digital Wallet,No,Monthly,6.8,Anime,4,6,4,1,2,24,Churned,Too expensive
CUST_2592,30,Female,Europe,2023-05-01,Basic,8.24,Digital Wallet,No,Annual,20.4,Action,3,11,15,1,2,9,Active,Not Churned
CUST_2593,36,Male,Asia Pacific,2022-09-15,Premium,20.08,Direct Debit,Yes,Monthly,6.7,Thriller,3,3,11,1,2,22,Active,Not Churned
CUST_2594,44,Female,Europe,2024-05-15,Standard,14.05,Credit Card,No,Monthly,5.3,Family,3,3,1,1,1,29,Active,Not Churned
CUST_2595,18,Female,North America,2021-11-24,Premium,19.64,Direct Debit,Yes,Annual,19.8,Family,6,11,12,2,0,7,Active,Not Churned
CUST_2596,38,Female,North America,2022-04-01,Standard,13.38,Credit Card,No,Monthly,8.2,Sci-Fi,2,4,6,1,1,19,Active,Not Churned
CUST_2597,22,Male,Middle East & Africa,2022-12-12,Basic,7.68,PayPal,Yes,Annual,2.3,Action,5,1,2,1,1,32,Active,Not Churned
CUST_2598,29,Male,Asia Pacific,2025-01-10,Basic,7.97,PayPal,Yes,Monthly,3.7,Thriller,3,5,2,1,0,11,Active,Not Churned
CUST_2599,32,Female,North America,2021-09-02,Premium,19.25,Credit Card,Yes,Annual,7.5,Thriller,2,5,5,2,0,20,Active,Not Churned
CUST_2600,33,Male,Asia Pacific,2024-09-01,Basic,7.8,Credit Card,No,Monthly,9.2,Drama,2,3,7,0,2,16,Active,Not Churned
CUST_2601,28,Male,Europe,2023-11-07,Premium,19.9,Credit Card,Yes,Monthly,9.0,Anime,6,8,7,0,1,7,Active,Not Churned
CUST_2602,45,Male,Europe,2024-03-19,Basic,7.91,PayPal,Yes,Monthly,4.5,Comedy,4,5,7,0,1,30,Active,Not Churned
CUST_2603,39,Female,Middle East & Africa,2023-08-05,Standard,13.76,Direct Debit,Yes,Monthly,7.7,Documentary,2,3,6,2,0,23,Churned,Too expensive
CUST_2604,29,Female,Middle East & Africa,2021-09-27,Premium,19.87,Digital Wallet,Yes,Monthly,6.7,Thriller,3,4,9,1,2,21,Active,Not Churned
CUST_2605,50,Female,Latin America,2022-09-06,Basic,8.59,Credit Card,Yes,Monthly,21.1,Comedy,7,11,12,2,0,18,Active,Not Churned
CUST_2606,27,Male,North America,2023-04-30,Basic,8.22,Credit Card,Yes,Monthly,3.6,Action,3,5,0,0,3,37,Churned,Lack of content
CUST_2607,26,Male,North America,2022-04-20,Premium,19.79,Direct Debit,No,Monthly,7.9,Comedy,6,5,5,4,0,26,Churned,Low usage
CUST_2608,35,Female,North America,2025-11-29,Basic,7.97,Carrier Billing,Yes,Monthly,5.4,Drama,2,4,6,1,0,30,Churned,Lack of content
CUST_2609,28,Male,North America,2023-03-14,Standard,13.98,Credit Card,Yes,Monthly,6.1,Comedy,2,4,8,1,1,21,Active,Not Churned
CUST_2610,38,Female,Middle East & Africa,2025-12-17,Standard,13.72,Direct Debit,Yes,Monthly,4.6,Family,3,1,9,1,1,30,Active,Not Churned
CUST_2611,31,Female,North America,2021-02-26,Basic,7.72,PayPal,No,Monthly,17.0,Action,3,13,12,3,0,10,Active,Not Churned
CUST_2612,37,Male,Latin America,2025-10-09,Standard,14.34,Credit Card,Yes,Monthly,25.8,Comedy,2,16,18,1,1,6,Active,Not Churned
CUST_2613,25,Male,Europe,2022-07-16,Standard,13.84,Direct Debit,Yes,Monthly,10.5,Sci-Fi,5,5,12,0,2,30,Active,Not Churned
CUST_2614,52,Male,Latin America,2025-10-11,Standard,13.61,Credit Card,Yes,Monthly,10.0,Sci-Fi,2,7,5,3,3,15,Active,Not Churned
CUST_2615,29,Male,Latin America,2023-03-30,Premium,19.97,PayPal,Yes,Monthly,4.6,Drama,3,6,4,1,0,13,Active,Not Churned
CUST_2616,48,Male,Europe,2024-06-09,Basic,8.03,PayPal,No,Annual,16.8,Thriller,2,10,20,0,1,10,Active,Not Churned
CUST_2617,20,Female,Europe,2022-05-05,Basic,7.3,Credit Card,Yes,Monthly,4.7,Drama,4,7,7,3,0,13,Active,Not Churned
CUST_2618,52,Female,Asia Pacific,2024-03-26,Standard,13.98,Credit Card,Yes,Monthly,3.1,Drama,2,8,5,0,3,22,Churned,Low usage
CUST_2619,32,Female,North America,2025-06-24,Premium,20.29,Digital Wallet,Yes,Monthly,12.9,Thriller,4,8,12,0,0,16,Active,Not Churned
CUST_2620,31,Male,North America,2025-05-19,Basic,8.15,PayPal,Yes,Monthly,14.3,Thriller,2,8,6,1,0,16,Active,Not Churned
CUST_2621,18,Male,Latin America,2024-09-16,Basic,8.77,Credit Card,Yes,Annual,16.7,Anime,2,8,9,1,1,15,Active,Not Churned
CUST_2622,20,Female,Europe,2023-04-17,Standard,14.43,PayPal,No,Monthly,6.7,Drama,4,1,3,0,1,38,Active,Not Churned
CUST_2623,24,Male,Asia Pacific,2022-04-23,Premium,20.5,Credit Card,Yes,Annual,7.5,Family,2,7,7,0,1,20,Active,Not Churned
CUST_2624,22,Male,Asia Pacific,2022-08-05,Basic,8.97,PayPal,Yes,Monthly,8.9,Drama,2,5,6,1,0,20,Active,Not Churned
CUST_2625,40,Female,Europe,2022-03-28,Standard,14.26,Carrier Billing,Yes,Monthly,7.7,Sci-Fi,4,7,7,2,4,26,Active,Not Churned
CUST_2626,29,Male,Latin America,2025-05-14,Standard,14.05,PayPal,Yes,Monthly,11.7,Family,3,9,8,0,0,18,Active,Not Churned
CUST_2627,34,Other,North America,2021-01-13,Standard,14.33,Credit Card,Yes,Monthly,9.6,Thriller,2,4,2,3,1,28,Active,Not Churned
CUST_2628,36,Male,North America,2021-06-25,Basic,7.79,Digital Wallet,No,Monthly,4.5,Sci-Fi,2,2,7,2,3,27,Active,Not Churned
CUST_2629,18,Male,Middle East & Africa,2022-04-26,Basic,8.03,Direct Debit,Yes,Monthly,17.0,Sci-Fi,1,13,6,1,0,20,Active,Not Churned
CUST_2630,31,Female,Middle East & Africa,2022-12-25,Standard,13.76,Digital Wallet,No,Monthly,11.7,Drama,2,7,6,0,0,20,Active,Not Churned
CUST_2631,54,Female,North America,2025-12-18,Standard,14.13,Carrier Billing,Yes,Monthly,14.8,Thriller,3,8,6,0,0,7,Active,Not Churned
CUST_2632,44,Female,Asia Pacific,2025-04-17,Premium,19.76,Carrier Billing,Yes,Monthly,6.5,Family,4,3,3,0,1,12,Active,Not Churned
CUST_2633,38,Male,Latin America,2022-01-02,Standard,13.75,Digital Wallet,Yes,Annual,11.5,Thriller,4,7,9,1,2,26,Churned,Too expensive
CUST_2634,35,Female,Europe,2025-01-11,Standard,14.13,Credit Card,Yes,Annual,13.3,Sci-Fi,5,11,13,0,0,19,Active,Not Churned
CUST_2635,48,Female,North America,2024-05-05,Premium,19.94,Digital Wallet,Yes,Monthly,10.7,Family,5,8,3,0,0,18,Active,Not Churned
CUST_2636,39,Female,Asia Pacific,2022-12-20,Standard,13.32,Credit Card,No,Annual,4.6,Action,2,4,3,2,1,30,Active,Not Churned
CUST_2637,32,Female,Latin America,2023-01-17,Standard,13.48,Digital Wallet,Yes,Monthly,9.0,Comedy,4,9,2,3,1,23,Active,Not Churned
CUST_2638,37,Male,Latin America,2023-02-09,Premium,19.59,Carrier Billing,Yes,Monthly,13.9,Thriller,3,11,8,1,0,11,Active,Not Churned
CUST_2639,42,Male,North America,2025-02-06,Basic,7.68,Direct Debit,Yes,Annual,14.7,Family,4,9,10,3,0,5,Active,Not Churned
CUST_2640,46,Female,Asia Pacific,2022-12-10,Standard,14.14,Credit Card,Yes,Monthly,3.5,Family,5,8,6,1,2,15,Active,Not Churned
CUST_2641,20,Male,North America,2025-12-11,Standard,14.07,Credit Card,Yes,Monthly,9.3,Sci-Fi,3,6,1,2,1,28,Active,Not Churned
CUST_2642,35,Female,Asia Pacific,2024-10-17,Basic,8.36,Credit Card,Yes,Monthly,3.3,Family,3,5,5,0,2,28,Active,Not Churned
CUST_2643,43,Male,Asia Pacific,2023-01-29,Standard,14.25,Credit Card,Yes,Monthly,12.7,Anime,3,7,6,1,0,16,Active,Not Churned
CUST_2644,28,Male,Asia Pacific,2022-06-27,Basic,8.37,Digital Wallet,Yes,Monthly,13.8,Documentary,3,10,6,0,2,11,Active,Not Churned
CUST_2645,32,Male,Europe,2023-01-16,Basic,8.2,PayPal,Yes,Monthly,4.2,Sci-Fi,4,3,5,0,0,25,Active,Not Churned
CUST_2646,50,Male,Asia Pacific,2023-07-02,Standard,14.06,Digital Wallet,Yes,Monthly,4.4,Drama,3,5,6,0,1,19,Active,Not Churned
CUST_2647,36,Female,Asia Pacific,2025-10-27,Basic,8.37,Direct Debit,Yes,Monthly,5.4,Drama,5,9,5,1,1,15,Active,Not Churned
CUST_2648,26,Female,North America,2022-05-16,Premium,20.31,Credit Card,Yes,Monthly,9.1,Anime,1,8,4,0,0,16,Churned,Low usage
CUST_2649,19,Male,North America,2021-08-13,Premium,20.12,Credit Card,Yes,Annual,6.9,Thriller,4,6,5,0,1,15,Active,Not Churned
CUST_2650,32,Female,Asia Pacific,2025-01-30,Premium,20.43,Credit Card,Yes,Annual,14.6,Anime,4,7,8,0,0,22,Active,Not Churned
CUST_2651,28,Female,North America,2023-01-15,Basic,7.17,PayPal,Yes,Monthly,14.7,Anime,1,9,12,2,0,14,Active,Not Churned
CUST_2652,46,Female,Asia Pacific,2025-11-16,Basic,7.89,Direct Debit,No,Monthly,8.4,Comedy,6,4,10,1,1,28,Churned,Switched to competitor
CUST_2653,26,Male,North America,2023-10-10,Basic,7.88,Credit Card,Yes,Monthly,5.0,Comedy,4,6,8,1,1,22,Churned,Switched to competitor
CUST_2654,43,Female,Europe,2021-06-11,Basic,8.39,PayPal,No,Annual,7.0,Family,2,7,6,1,1,30,Churned,Lack of content
CUST_2655,33,Female,North America,2023-05-13,Premium,20.54,Digital Wallet,Yes,Annual,10.4,Action,5,6,11,0,0,22,Active,Not Churned
CUST_2656,29,Male,Europe,2023-03-31,Standard,13.48,PayPal,Yes,Monthly,7.5,Anime,4,8,3,2,0,20,Churned,Too expensive
CUST_2657,31,Female,Latin America,2025-03-21,Basic,8.48,PayPal,Yes,Monthly,7.5,Action,3,8,11,0,4,25,Active,Not Churned
CUST_2658,46,Male,Asia Pacific,2024-03-11,Premium,19.58,PayPal,Yes,Monthly,16.0,Anime,3,10,8,1,2,31,Active,Not Churned
CUST_2659,42,Male,North America,2022-03-22,Standard,13.59,Credit Card,Yes,Monthly,5.5,Comedy,3,5,0,0,2,23,Active,Not Churned
CUST_2660,36,Male,North America,2022-08-30,Basic,7.91,PayPal,Yes,Monthly,22.1,Action,3,11,18,0,0,11,Active,Not Churned
CUST_2661,28,Male,North America,2021-03-05,Basic,7.88,Credit Card,Yes,Annual,8.6,Action,7,5,5,0,1,22,Active,Not Churned
CUST_2662,41,Female,Latin America,2022-02-17,Standard,13.44,Credit Card,No,Monthly,7.3,Thriller,2,3,6,1,1,12,Active,Not Churned
CUST_2663,35,Female,Europe,2022-12-26,Premium,20.22,Carrier Billing,Yes,Monthly,6.7,Action,4,4,3,1,0,23,Active,Not Churned
CUST_2664,29,Female,Middle East & Africa,2021-05-16,Basic,8.23,Direct Debit,Yes,Annual,5.0,Family,7,4,12,2,1,33,Churned,Technical issues
CUST_2665,24,Male,Asia Pacific,2022-03-08,Premium,20.36,Credit Card,Yes,Monthly,10.0,Comedy,2,4,13,0,1,27,Active,Not Churned
CUST_2666,28,Male,Middle East & Africa,2023-06-05,Premium,19.84,Credit Card,Yes,Monthly,10.5,Family,1,8,12,2,0,28,Active,Not Churned
CUST_2667,23,Male,North America,2025-07-06,Premium,19.98,Digital Wallet,No,Monthly,8.4,Comedy,1,8,7,0,1,22,Active,Not Churned
CUST_2668,25,Female,Middle East & Africa,2022-08-24,Basic,7.98,Digital Wallet,Yes,Monthly,3.2,Thriller,6,3,7,1,3,33,Active,Not Churned
CUST_2669,61,Female,Middle East & Africa,2023-12-18,Basic,8.58,PayPal,No,Monthly,8.0,Drama,4,1,6,0,1,35,Churned,Technical issues
CUST_2670,18,Male,North America,2021-02-16,Premium,19.0,Direct Debit,Yes,Annual,7.1,Drama,1,5,9,0,3,28,Active,Not Churned
CUST_2671,43,Male,Middle East & Africa,2022-10-15,Basic,7.66,Credit Card,No,Monthly,2.3,Anime,4,1,2,1,0,26,Active,Not Churned
CUST_2672,39,Male,Europe,2023-09-21,Standard,13.99,PayPal,Yes,Annual,11.9,Family,2,6,13,0,1,19,Active,Not Churned
CUST_2673,18,Male,North America,2022-04-08,Standard,13.61,PayPal,No,Monthly,3.3,Family,4,6,2,0,1,3,Active,Not Churned
CUST_2674,42,Female,Europe,2024-03-24,Basic,7.9,Credit Card,Yes,Annual,6.3,Thriller,4,1,4,1,1,41,Active,Not Churned
CUST_2675,55,Male,North America,2021-11-06,Premium,19.95,Credit Card,Yes,Monthly,9.4,Thriller,3,5,6,2,1,23,Active,Not Churned
CUST_2676,34,Male,Asia Pacific,2025-10-15,Premium,19.76,Direct Debit,Yes,Monthly,17.8,Family,3,12,12,3,0,4,Active,Not Churned
CUST_2677,43,Female,Asia Pacific,2021-08-07,Standard,14.01,Credit Card,Yes,Monthly,3.1,Thriller,1,2,3,1,4,31,Churned,Too expensive
CUST_2678,32,Male,Europe,2023-04-13,Standard,14.21,Credit Card,Yes,Monthly,12.6,Comedy,1,6,10,0,3,36,Active,Not Churned
CUST_2679,38,Male,Europe,2023-10-12,Premium,19.91,Digital Wallet,Yes,Monthly,15.0,Comedy,6,13,9,0,1,9,Active,Not Churned
CUST_2680,18,Other,North America,2022-10-24,Standard,13.83,Direct Debit,Yes,Monthly,19.2,Sci-Fi,4,12,15,3,0,13,Active,Not Churned
CUST_2681,34,Female,Asia Pacific,2023-03-09,Standard,13.93,Credit Card,Yes,Monthly,15.1,Family,3,11,15,0,1,26,Active,Not Churned
CUST_2682,34,Female,Europe,2021-10-22,Premium,19.99,Credit Card,Yes,Annual,9.5,Action,3,7,7,1,0,23,Active,Not Churned
CUST_2683,30,Male,Asia Pacific,2022-06-05,Standard,13.38,Credit Card,No,Annual,12.9,Family,2,8,16,1,2,17,Active,Not Churned
CUST_2684,49,Other,Asia Pacific,2024-08-31,Basic,8.15,Carrier Billing,Yes,Monthly,16.2,Family,7,12,14,0,3,2,Active,Not Churned
CUST_2685,33,Female,Latin America,2024-10-25,Basic,7.83,Carrier Billing,No,Monthly,2.0,Action,3,6,10,1,0,24,Churned,Payment issues
CUST_2686,32,Male,Asia Pacific,2021-01-12,Basic,8.43,PayPal,Yes,Monthly,3.2,Action,3,1,4,0,0,22,Active,Not Churned
CUST_2687,30,Male,Middle East & Africa,2022-07-20,Standard,14.2,Credit Card,Yes,Annual,9.8,Anime,3,6,2,2,1,27,Active,Not Churned
CUST_2688,30,Male,Asia Pacific,2025-08-23,Standard,14.4,Direct Debit,Yes,Monthly,13.6,Action,2,8,7,1,1,17,Active,Not Churned
CUST_2689,33,Male,Europe,2024-07-24,Standard,13.64,Carrier Billing,No,Monthly,11.7,Documentary,3,7,7,0,2,23,Active,Not Churned
CUST_2690,31,Male,Middle East & Africa,2022-03-17,Standard,13.86,PayPal,Yes,Monthly,10.2,Comedy,6,8,5,1,0,22,Active,Not Churned
CUST_2691,38,Male,Asia Pacific,2023-12-23,Premium,19.56,Credit Card,Yes,Monthly,20.4,Drama,3,12,7,2,2,2,Active,Not Churned
CUST_2692,40,Male,North America,2021-08-18,Premium,19.74,Direct Debit,Yes,Monthly,8.4,Drama,1,9,10,1,1,17,Active,Not Churned
CUST_2693,49,Male,Asia Pacific,2021-06-27,Basic,8.43,Credit Card,Yes,Monthly,4.9,Thriller,1,6,0,2,0,20,Active,Not Churned
CUST_2694,30,Male,North America,2023-10-23,Standard,14.51,Digital Wallet,Yes,Annual,6.4,Family,1,7,8,2,1,23,Active,Not Churned
CUST_2695,24,Female,Europe,2023-06-09,Standard,13.59,Carrier Billing,Yes,Annual,9.9,Action,3,4,14,1,2,30,Churned,Technical issues
CUST_2696,36,Male,North America,2024-01-18,Standard,13.83,PayPal,Yes,Annual,8.1,Action,3,4,4,1,1,26,Churned,Lack of content
CUST_2697,36,Female,North America,2024-10-28,Basic,7.96,Credit Card,Yes,Monthly,13.3,Documentary,2,7,10,1,1,15,Active,Not Churned
CUST_2698,43,Female,North America,2024-02-14,Premium,20.19,Digital Wallet,Yes,Annual,7.1,Family,1,7,5,1,3,15,Active,Not Churned
CUST_2699,20,Female,Asia Pacific,2023-08-01,Premium,19.37,Digital Wallet,No,Monthly,11.9,Family,2,6,11,1,1,10,Churned,Technical issues
CUST_2700,33,Male,Asia Pacific,2022-02-26,Standard,13.43,PayPal,No,Monthly,13.0,Thriller,4,6,6,1,1,22,Churned,Low usage
CUST_2701,46,Male,Europe,2024-12-21,Premium,20.16,Credit Card,Yes,Annual,18.2,Comedy,3,9,12,2,2,23,Active,Not Churned
CUST_2702,43,Female,Asia Pacific,2025-02-10,Premium,19.31,Direct Debit,Yes,Monthly,5.6,Action,2,9,8,1,0,12,Active,Not Churned
CUST_2703,46,Female,North America,2023-06-08,Standard,13.83,Credit Card,No,Monthly,6.3,Action,3,4,5,1,3,34,Active,Not Churned
CUST_2704,30,Female,Asia Pacific,2021-05-03,Standard,14.05,Direct Debit,Yes,Annual,7.7,Action,5,6,1,1,3,24,Active,Not Churned
CUST_2705,18,Female,Asia Pacific,2024-11-15,Standard,14.14,Credit Card,Yes,Monthly,3.6,Sci-Fi,4,1,8,2,1,30,Active,Not Churned
CUST_2706,36,Female,North America,2025-12-06,Premium,19.94,Direct Debit,Yes,Monthly,11.5,Drama,6,9,4,0,1,5,Active,Not Churned
CUST_2707,39,Female,Asia Pacific,2021-09-13,Basic,7.86,Digital Wallet,Yes,Monthly,9.4,Family,3,3,7,1,3,27,Active,Not Churned
CUST_2708,27,Male,North America,2023-05-22,Standard,14.29,PayPal,Yes,Annual,9.6,Anime,3,5,9,2,0,29,Active,Not Churned
CUST_2709,38,Male,Asia Pacific,2022-03-09,Premium,20.09,Digital Wallet,Yes,Monthly,8.8,Thriller,2,5,7,0,1,31,Active,Not Churned
CUST_2710,35,Male,North America,2022-03-14,Basic,7.76,Direct Debit,Yes,Monthly,15.2,Family,1,9,18,1,0,13,Churned,Low usage
CUST_2711,19,Female,North America,2022-04-02,Premium,20.0,Direct Debit,No,Monthly,7.7,Comedy,3,4,8,2,1,32,Churned,Payment issues
CUST_2712,44,Male,North America,2024-01-05,Standard,14.12,Carrier Billing,Yes,Monthly,15.2,Action,2,12,10,0,1,20,Active,Not Churned
CUST_2713,19,Female,Asia Pacific,2022-12-08,Premium,20.59,Digital Wallet,Yes,Monthly,7.6,Action,2,6,8,0,1,13,Active,Not Churned
CUST_2714,41,Male,Asia Pacific,2022-12-27,Premium,20.27,Carrier Billing,No,Annual,5.6,Thriller,4,3,6,1,2,30,Churned,Payment issues
CUST_2715,25,Male,Europe,2024-05-16,Basic,8.42,Digital Wallet,No,Annual,7.6,Action,3,7,6,2,1,22,Active,Not Churned
CUST_2716,36,Female,Europe,2021-06-20,Standard,13.78,Credit Card,Yes,Annual,9.1,Anime,2,5,8,0,0,27,Active,Not Churned
CUST_2717,35,Male,Europe,2022-04-17,Basic,7.81,Credit Card,Yes,Monthly,10.0,Sci-Fi,3,5,6,2,2,20,Churned,Lack of content
CUST_2718,35,Male,Middle East & Africa,2022-03-03,Standard,13.91,Credit Card,Yes,Annual,2.2,Sci-Fi,3,4,4,1,2,29,Active,Not Churned
CUST_2719,45,Female,Latin America,2022-08-05,Standard,13.94,Digital Wallet,Yes,Annual,7.0,Family,4,1,4,3,2,32,Active,Not Churned
CUST_2720,42,Male,Middle East & Africa,2024-07-09,Premium,19.64,Digital Wallet,No,Monthly,23.2,Action,1,14,9,3,2,14,Active,Not Churned
CUST_2721,26,Male,Latin America,2022-04-08,Basic,8.43,Carrier Billing,Yes,Monthly,5.4,Anime,4,3,8,0,2,35,Churned,Lack of content
CUST_2722,35,Male,Europe,2025-01-02,Basic,8.3,Carrier Billing,Yes,Monthly,13.0,Drama,3,7,7,3,1,32,Churned,Too expensive
CUST_2723,40,Other,Asia Pacific,2022-01-23,Standard,13.88,PayPal,Yes,Monthly,33.7,Action,4,22,21,1,1,3,Active,Not Churned
CUST_2724,39,Female,Asia Pacific,2023-05-13,Standard,14.21,Credit Card,Yes,Monthly,24.1,Anime,2,13,13,0,0,0,Churned,Too expensive
CUST_2725,39,Female,Middle East & Africa,2025-12-28,Standard,14.07,Direct Debit,No,Annual,4.6,Comedy,4,6,2,1,3,21,Active,Not Churned
CUST_2726,35,Female,Latin America,2023-09-13,Basic,8.24,PayPal,Yes,Monthly,12.4,Action,3,8,6,0,3,27,Active,Not Churned
CUST_2727,43,Female,Asia Pacific,2021-01-18,Basic,7.52,PayPal,Yes,Annual,12.8,Anime,5,9,12,2,0,20,Active,Not Churned
CUST_2728,42,Male,Asia Pacific,2023-03-24,Premium,19.94,PayPal,Yes,Annual,13.3,Family,3,8,13,0,0,13,Active,Not Churned
CUST_2729,38,Female,Middle East & Africa,2024-03-12,Basic,7.97,Credit Card,Yes,Monthly,3.5,Action,3,3,4,3,2,24,Active,Not Churned
CUST_2730,32,Female,North America,2021-11-03,Standard,14.21,PayPal,Yes,Monthly,9.6,Drama,2,9,6,2,1,0,Active,Not Churned
CUST_2731,51,Female,Middle East & Africa,2022-05-14,Premium,19.77,Digital Wallet,Yes,Annual,10.9,Documentary,2,9,3,1,0,3,Active,Not Churned
CUST_2732,31,Female,Europe,2023-03-04,Basic,7.12,Credit Card,Yes,Monthly,3.2,Thriller,5,2,6,1,2,28,Active,Not Churned
CUST_2733,25,Female,Europe,2021-12-15,Standard,13.61,Direct Debit,Yes,Monthly,7.3,Anime,3,3,4,0,0,21,Active,Not Churned
CUST_2734,31,Female,North America,2023-03-02,Basic,7.97,Direct Debit,No,Monthly,9.1,Comedy,6,5,4,0,1,25,Churned,Technical issues
CUST_2735,36,Female,Europe,2021-12-14,Premium,20.01,PayPal,Yes,Annual,9.4,Drama,2,8,7,1,3,26,Active,Not Churned
CUST_2736,31,Male,Asia Pacific,2024-09-16,Standard,14.58,Credit Card,Yes,Monthly,12.5,Drama,1,10,8,1,0,28,Active,Not Churned
CUST_2737,26,Male,North America,2021-12-26,Premium,20.19,Credit Card,Yes,Annual,8.5,Family,3,7,2,0,2,15,Churned,Too expensive
CUST_2738,33,Male,North America,2021-04-26,Basic,8.02,PayPal,Yes,Annual,8.4,Action,4,3,2,0,4,17,Active,Not Churned
CUST_2739,45,Male,Europe,2025-10-28,Standard,13.98,PayPal,Yes,Monthly,14.2,Documentary,2,10,11,0,1,7,Active,Not Churned
CUST_2740,20,Female,North America,2022-04-04,Standard,14.38,Credit Card,Yes,Monthly,20.5,Anime,2,14,11,1,1,19,Active,Not Churned
CUST_2741,35,Male,Asia Pacific,2021-11-15,Basic,7.78,Digital Wallet,No,Monthly,3.5,Thriller,4,4,5,1,2,26,Active,Not Churned
CUST_2742,23,Male,North America,2023-11-08,Basic,7.94,Credit Card,Yes,Monthly,11.5,Action,3,11,9,0,1,19,Active,Not Churned
CUST_2743,23,Male,Middle East & Africa,2024-09-08,Basic,7.61,Credit Card,No,Monthly,5.8,Anime,3,2,8,2,1,25,Active,Not Churned
CUST_2744,18,Female,Europe,2022-02-03,Premium,20.49,Direct Debit,No,Monthly,12.0,Anime,4,9,6,0,3,15,Active,Not Churned
CUST_2745,34,Male,Europe,2024-09-15,Standard,14.13,Carrier Billing,Yes,Monthly,4.0,Thriller,1,2,5,0,2,17,Active,Not Churned
CUST_2746,18,Male,Middle East & Africa,2023-03-21,Standard,13.74,PayPal,No,Monthly,16.1,Family,1,11,13,0,0,7,Active,Not Churned
CUST_2747,35,Male,North America,2021-10-03,Standard,13.95,Credit Card,Yes,Monthly,5.4,Documentary,6,5,3,2,1,24,Active,Not Churned
CUST_2748,33,Male,Asia Pacific,2023-06-20,Standard,14.17,Direct Debit,Yes,Monthly,14.3,Anime,1,12,13,0,0,14,Active,Not Churned
CUST_2749,38,Male,Asia Pacific,2025-10-20,Standard,13.9,Carrier Billing,No,Monthly,4.3,Drama,4,5,0,0,3,29,Active,Not Churned
CUST_2750,18,Female,Asia Pacific,2021-10-17,Standard,13.8,Credit Card,Yes,Monthly,3.5,Sci-Fi,2,3,1,1,0,38,Active,Not Churned
CUST_2751,18,Female,Middle East & Africa,2022-11-29,Standard,13.76,Direct Debit,Yes,Annual,7.6,Thriller,5,4,1,0,1,22,Active,Not Churned
CUST_2752,30,Male,North America,2022-07-26,Basic,8.11,Digital Wallet,Yes,Monthly,8.9,Family,2,5,5,2,0,24,Active,Not Churned
CUST_2753,34,Other,Asia Pacific,2025-07-06,Premium,19.86,Direct Debit,No,Monthly,26.6,Drama,4,14,16,0,4,12,Active,Not Churned
CUST_2754,44,Male,Asia Pacific,2023-12-15,Premium,19.83,Credit Card,No,Monthly,10.8,Action,3,9,10,1,2,13,Active,Not Churned
CUST_2755,32,Female,Europe,2024-07-20,Basic,7.52,Credit Card,Yes,Annual,3.9,Thriller,3,6,4,2,0,23,Active,Not Churned
CUST_2756,26,Female,North America,2024-11-06,Standard,14.02,Carrier Billing,Yes,Monthly,13.1,Drama,4,5,7,1,0,19,Active,Not Churned
CUST_2757,45,Female,North America,2023-11-05,Basic,7.93,PayPal,Yes,Monthly,16.9,Anime,3,10,7,0,2,27,Active,Not Churned
CUST_2758,28,Male,Europe,2023-05-15,Premium,19.88,Credit Card,No,Monthly,6.5,Drama,3,5,2,1,2,19,Active,Not Churned
CUST_2759,19,Male,Asia Pacific,2023-06-01,Premium,20.06,Credit Card,Yes,Monthly,15.4,Family,4,8,11,0,0,12,Active,Not Churned
CUST_2760,37,Male,Asia Pacific,2021-01-25,Premium,20.25,Credit Card,Yes,Annual,17.7,Thriller,1,11,14,2,3,9,Active,Not Churned
CUST_2761,34,Male,North America,2025-08-13,Basic,8.24,PayPal,Yes,Monthly,12.6,Anime,1,10,8,1,0,15,Active,Not Churned
CUST_2762,42,Female,North America,2024-05-11,Basic,8.18,Direct Debit,Yes,Monthly,5.2,Action,6,6,8,1,2,14,Active,Not Churned
CUST_2763,23,Female,Europe,2025-01-23,Basic,7.91,PayPal,Yes,Monthly,9.0,Anime,3,8,4,1,0,16,Churned,Low usage
CUST_2764,34,Female,North America,2022-10-25,Basic,7.79,PayPal,Yes,Monthly,10.0,Action,2,5,6,0,0,12,Active,Not Churned
CUST_2765,27,Other,North America,2025-12-22,Basic,7.62,Credit Card,No,Annual,15.2,Action,6,9,9,1,1,9,Churned,Too expensive
CUST_2766,36,Male,Asia Pacific,2023-04-13,Basic,7.78,PayPal,Yes,Monthly,5.4,Documentary,4,3,10,1,0,19,Active,Not Churned
CUST_2767,27,Male,Asia Pacific,2021-09-13,Premium,20.0,Credit Card,Yes,Monthly,15.5,Drama,3,10,11,0,1,18,Active,Not Churned
CUST_2768,34,Male,Asia Pacific,2025-07-21,Basic,7.71,PayPal,Yes,Monthly,7.3,Action,2,6,1,0,2,21,Active,Not Churned
CUST_2769,46,Female,Europe,2024-03-09,Basic,8.02,Credit Card,Yes,Annual,6.3,Sci-Fi,1,6,8,1,1,20,Active,Not Churned
CUST_2770,35,Male,North America,2023-02-09,Premium,19.65,PayPal,Yes,Monthly,10.2,Family,1,9,13,2,0,19,Active,Not Churned
CUST_2771,31,Male,North America,2022-08-24,Standard,13.41,PayPal,Yes,Monthly,2.0,Thriller,6,4,2,1,1,20,Active,Not Churned
CUST_2772,48,Female,North America,2025-07-27,Standard,14.28,Carrier Billing,Yes,Monthly,2.4,Sci-Fi,3,1,1,2,3,21,Active,Not Churned
CUST_2773,33,Male,Middle East & Africa,2023-08-05,Standard,13.82,Credit Card,Yes,Annual,2.8,Drama,3,1,6,0,0,19,Active,Not Churned
CUST_2774,36,Female,Middle East & Africa,2022-05-12,Premium,19.7,Direct Debit,Yes,Monthly,12.3,Drama,6,9,15,0,2,15,Active,Not Churned
CUST_2775,42,Other,North America,2023-01-22,Standard,13.61,Carrier Billing,Yes,Annual,7.5,Thriller,1,8,9,0,1,16,Active,Not Churned
CUST_2776,32,Female,Middle East & Africa,2024-06-18,Standard,14.14,Digital Wallet,Yes,Annual,5.9,Action,2,4,0,1,1,28,Active,Not Churned
CUST_2777,33,Male,Europe,2025-06-21,Standard,14.47,Credit Card,No,Monthly,8.4,Anime,1,3,9,1,1,25,Active,Not Churned
CUST_2778,33,Female,Asia Pacific,2023-03-04,Standard,13.85,Direct Debit,No,Annual,14.4,Family,1,12,11,0,1,17,Active,Not Churned
CUST_2779,37,Male,Europe,2023-10-30,Basic,7.91,Credit Card,Yes,Monthly,7.5,Sci-Fi,2,6,3,0,1,23,Churned,Technical issues
CUST_2780,58,Female,Asia Pacific,2025-09-12,Standard,14.37,Credit Card,Yes,Annual,4.6,Family,3,4,8,1,0,13,Churned,Switched to competitor
CUST_2781,46,Male,Latin America,2023-03-23,Basic,7.36,Direct Debit,Yes,Monthly,26.8,Documentary,6,13,18,2,0,0,Active,Not Churned
CUST_2782,44,Female,Middle East & Africa,2024-09-13,Premium,20.68,Carrier Billing,Yes,Monthly,10.0,Documentary,2,7,11,2,2,15,Active,Not Churned
CUST_2783,25,Male,Middle East & Africa,2024-11-16,Basic,8.85,PayPal,No,Monthly,15.8,Comedy,3,11,8,1,0,12,Active,Not Churned
CUST_2784,30,Female,Europe,2022-04-10,Basic,7.04,Carrier Billing,Yes,Monthly,12.6,Drama,5,9,10,0,1,17,Active,Not Churned
CUST_2785,40,Female,Latin America,2021-09-28,Basic,7.96,Direct Debit,Yes,Monthly,6.1,Drama,2,3,3,0,1,24,Active,Not Churned
CUST_2786,18,Male,Europe,2023-04-14,Premium,19.74,PayPal,Yes,Monthly,21.6,Drama,4,12,15,1,3,15,Active,Not Churned
CUST_2787,26,Male,North America,2023-12-14,Basic,7.9,Credit Card,Yes,Monthly,5.5,Documentary,1,3,9,0,0,33,Churned,Lack of content
CUST_2788,46,Male,Europe,2025-08-05,Standard,13.84,Direct Debit,Yes,Annual,10.9,Anime,3,10,4,0,0,11,Churned,Lack of content
CUST_2789,45,Other,Europe,2022-10-26,Premium,20.27,Carrier Billing,Yes,Monthly,11.4,Anime,4,9,4,0,1,17,Active,Not Churned
CUST_2790,37,Male,Asia Pacific,2024-04-29,Basic,7.95,Credit Card,No,Monthly,9.9,Comedy,5,6,10,1,2,34,Active,Not Churned
CUST_2791,41,Male,Asia Pacific,2023-03-30,Standard,13.67,PayPal,Yes,Monthly,18.5,Drama,7,9,12,2,1,4,Active,Not Churned
CUST_2792,56,Male,Europe,2025-04-27,Basic,7.93,Credit Card,Yes,Annual,8.1,Thriller,4,6,10,0,0,30,Active,Not Churned
CUST_2793,31,Female,Latin America,2022-08-15,Basic,8.17,Credit Card,Yes,Monthly,9.1,Drama,3,5,5,0,0,2,Active,Not Churned
CUST_2794,55,Female,North America,2022-08-04,Standard,13.58,Credit Card,Yes,Monthly,10.0,Action,5,6,8,0,0,12,Active,Not Churned
CUST_2795,39,Female,Middle East & Africa,2023-04-28,Premium,19.41,Carrier Billing,Yes,Annual,26.0,Sci-Fi,3,12,18,0,0,4,Active,Not Churned
CUST_2796,32,Male,Latin America,2024-10-22,Basic,8.69,Direct Debit,No,Monthly,15.1,Documentary,4,7,11,1,2,10,Active,Not Churned
CUST_2797,48,Male,Europe,2022-01-21,Standard,13.77,Digital Wallet,Yes,Annual,3.4,Action,4,3,0,2,0,24,Churned,Payment issues
CUST_2798,26,Male,Asia Pacific,2021-09-07,Basic,7.94,Credit Card,Yes,Annual,5.6,Drama,3,4,14,0,1,23,Active,Not Churned
CUST_2799,35,Female,Europe,2023-09-25,Standard,13.85,Digital Wallet,No,Monthly,9.2,Documentary,3,11,8,0,0,15,Active,Not Churned
CUST_2800,32,Other,North America,2025-04-07,Standard,14.18,Credit Card,Yes,Monthly,18.3,Comedy,4,12,8,0,2,17,Active,Not Churned
CUST_2801,50,Male,Middle East & Africa,2025-04-16,Standard,14.61,Carrier Billing,No,Monthly,19.3,Action,2,9,14,1,1,17,Active,Not Churned
CUST_2802,30,Female,Europe,2023-09-25,Standard,14.19,Credit Card,Yes,Annual,8.5,Documentary,4,3,8,0,1,33,Churned,Too expensive
CUST_2803,32,Female,Latin America,2023-09-22,Basic,7.46,Credit Card,Yes,Annual,5.5,Drama,3,5,8,0,2,28,Churned,Technical issues
CUST_2804,33,Female,Latin America,2021-04-10,Standard,13.51,Carrier Billing,Yes,Monthly,7.9,Drama,2,5,9,0,1,19,Active,Not Churned
CUST_2805,18,Female,Latin America,2022-05-24,Standard,13.85,Digital Wallet,Yes,Monthly,9.3,Sci-Fi,2,9,6,1,1,17,Active,Not Churned
CUST_2806,47,Male,North America,2022-05-08,Standard,13.9,Direct Debit,Yes,Monthly,7.6,Family,3,6,1,2,1,18,Active,Not Churned
CUST_2807,34,Female,Latin America,2025-09-30,Basic,7.39,Carrier Billing,No,Monthly,16.0,Comedy,4,6,12,1,0,11,Active,Not Churned
CUST_2808,30,Male,Asia Pacific,2023-06-28,Standard,14.28,Credit Card,No,Monthly,7.2,Action,2,3,1,1,0,27,Active,Not Churned
CUST_2809,42,Other,Middle East & Africa,2022-10-11,Standard,13.61,Carrier Billing,Yes,Annual,5.3,Sci-Fi,5,3,9,1,2,18,Churned,Technical issues
CUST_2810,32,Male,Europe,2023-08-01,Basic,8.51,Credit Card,Yes,Monthly,7.1,Comedy,4,6,4,2,1,21,Active,Not Churned
CUST_2811,38,Male,Asia Pacific,2024-11-10,Basic,8.63,Digital Wallet,Yes,Monthly,9.7,Action,3,4,9,1,3,12,Active,Not Churned
CUST_2812,25,Female,Europe,2024-09-16,Standard,13.9,PayPal,Yes,Monthly,16.9,Drama,5,10,9,0,0,12,Active,Not Churned
CUST_2813,27,Female,Latin America,2023-07-12,Standard,14.14,Carrier Billing,Yes,Annual,5.0,Anime,2,2,3,0,1,22,Active,Not Churned
CUST_2814,37,Male,Middle East & Africa,2023-10-07,Basic,7.56,Direct Debit,Yes,Monthly,9.7,Family,6,6,5,1,1,25,Active,Not Churned
CUST_2815,28,Female,Europe,2024-03-17,Premium,20.21,Credit Card,Yes,Annual,11.9,Thriller,2,8,11,2,0,15,Active,Not Churned
CUST_2816,18,Female,Europe,2024-12-06,Standard,13.82,Credit Card,No,Annual,11.7,Thriller,1,10,7,1,3,17,Active,Not Churned
CUST_2817,48,Male,Latin America,2021-12-14,Standard,13.61,PayPal,Yes,Annual,7.2,Drama,2,6,8,1,1,21,Active,Not Churned
CUST_2818,20,Female,Asia Pacific,2025-01-24,Standard,13.89,Credit Card,Yes,Monthly,11.6,Anime,1,6,7,0,2,18,Active,Not Churned
CUST_2819,43,Male,Europe,2024-10-26,Standard,13.83,Carrier Billing,Yes,Monthly,13.1,Action,1,11,9,1,2,10,Churned,Too expensive
CUST_2820,32,Female,Middle East & Africa,2024-01-14,Standard,13.88,Carrier Billing,Yes,Monthly,7.1,Comedy,3,5,6,4,1,22,Active,Not Churned
CUST_2821,45,Other,North America,2023-11-02,Premium,20.32,Credit Card,Yes,Monthly,11.0,Documentary,3,8,9,1,1,17,Active,Not Churned
CUST_2822,34,Female,Middle East & Africa,2022-01-30,Standard,13.72,Direct Debit,Yes,Annual,8.0,Drama,2,4,4,1,0,19,Active,Not Churned
CUST_2823,33,Female,North America,2023-08-08,Standard,14.6,Digital Wallet,No,Monthly,5.7,Thriller,3,5,7,2,1,27,Churned,Too expensive
CUST_2824,39,Female,Asia Pacific,2024-04-11,Standard,13.53,PayPal,Yes,Monthly,4.0,Documentary,4,2,3,1,2,17,Churned,Technical issues
CUST_2825,34,Female,Europe,2021-08-21,Standard,14.56,Carrier Billing,Yes,Annual,6.2,Documentary,2,5,7,0,2,13,Active,Not Churned
CUST_2826,36,Male,Asia Pacific,2023-03-11,Basic,7.63,Credit Card,Yes,Annual,5.7,Thriller,3,6,5,1,2,36,Active,Not Churned
CUST_2827,33,Female,Asia Pacific,2022-04-20,Standard,13.99,Direct Debit,Yes,Annual,4.0,Drama,6,3,6,1,1,23,Active,Not Churned
CUST_2828,43,Male,Europe,2021-05-21,Standard,13.82,Credit Card,Yes,Annual,11.2,Family,4,6,7,0,0,11,Active,Not Churned
CUST_2829,27,Male,Europe,2025-07-29,Premium,19.87,Credit Card,Yes,Monthly,15.0,Comedy,4,10,8,2,1,15,Active,Not Churned
CUST_2830,48,Male,Latin America,2023-05-21,Standard,14.27,PayPal,Yes,Monthly,7.9,Comedy,3,4,8,0,2,31,Active,Not Churned
CUST_2831,38,Female,North America,2022-06-07,Standard,14.51,Digital Wallet,Yes,Monthly,8.6,Thriller,4,3,5,3,0,31,Churned,Too expensive
CUST_2832,45,Male,Europe,2025-01-19,Premium,20.41,Direct Debit,Yes,Monthly,8.0,Thriller,2,6,11,3,1,18,Churned,Low usage
CUST_2833,27,Male,North America,2021-06-19,Standard,13.85,Digital Wallet,Yes,Monthly,8.3,Documentary,1,5,7,1,0,17,Active,Not Churned
CUST_2834,54,Female,Asia Pacific,2023-03-07,Basic,8.05,Direct Debit,Yes,Monthly,10.9,Comedy,4,7,4,2,0,16,Active,Not Churned
CUST_2835,40,Male,North America,2024-01-10,Basic,7.72,Direct Debit,Yes,Monthly,9.7,Family,5,7,6,2,1,23,Active,Not Churned
CUST_2836,53,Male,Asia Pacific,2022-10-31,Basic,7.64,Carrier Billing,Yes,Annual,7.6,Thriller,1,6,3,0,1,20,Churned,Technical issues
CUST_2837,31,Female,Latin America,2024-02-09,Basic,7.59,Credit Card,Yes,Monthly,5.7,Comedy,2,4,8,1,0,16,Active,Not Churned
CUST_2838,24,Male,Europe,2021-12-22,Standard,13.84,Carrier Billing,Yes,Annual,13.0,Comedy,2,6,11,0,1,16,Active,Not Churned
CUST_2839,33,Male,Asia Pacific,2022-06-27,Standard,14.08,Carrier Billing,Yes,Monthly,6.8,Sci-Fi,7,4,6,1,4,28,Churned,Technical issues
CUST_2840,42,Female,Asia Pacific,2023-10-13,Standard,13.32,Direct Debit,Yes,Annual,4.2,Thriller,3,5,5,0,0,30,Active,Not Churned
CUST_2841,47,Male,North America,2021-04-27,Basic,7.97,Direct Debit,Yes,Monthly,8.7,Thriller,6,6,7,1,0,18,Active,Not Churned
CUST_2842,28,Male,Latin America,2022-04-13,Standard,14.52,Credit Card,Yes,Monthly,3.1,Action,1,2,6,1,3,55,Churned,Lack of content
CUST_2843,45,Female,Europe,2023-06-05,Basic,8.38,Digital Wallet,No,Monthly,9.5,Documentary,4,5,9,1,0,19,Churned,Lack of content
CUST_2844,38,Male,Asia Pacific,2024-02-07,Premium,19.79,Credit Card,Yes,Annual,11.9,Sci-Fi,3,9,11,1,4,10,Active,Not Churned
CUST_2845,44,Female,Middle East & Africa,2024-08-17,Basic,7.5,PayPal,Yes,Monthly,5.4,Action,3,4,4,1,1,27,Active,Not Churned
CUST_2846,23,Male,Asia Pacific,2021-01-12,Standard,14.15,Credit Card,No,Monthly,6.6,Action,3,6,4,0,1,27,Active,Not Churned
CUST_2847,27,Male,Europe,2021-05-27,Basic,7.18,Credit Card,Yes,Annual,13.4,Comedy,5,10,11,1,2,19,Active,Not Churned
CUST_2848,21,Female,Asia Pacific,2022-10-23,Standard,14.38,Credit Card,No,Annual,23.4,Drama,1,13,20,1,0,9,Active,Not Churned
CUST_2849,34,Female,Middle East & Africa,2025-07-04,Standard,13.92,Direct Debit,Yes,Annual,8.8,Drama,3,8,10,1,1,15,Active,Not Churned
CUST_2850,44,Male,Asia Pacific,2024-10-19,Standard,14.63,Credit Card,No,Annual,2.4,Anime,3,3,8,1,1,24,Active,Not Churned
CUST_2851,47,Female,Asia Pacific,2024-07-17,Basic,7.39,Carrier Billing,Yes,Monthly,5.5,Sci-Fi,1,5,6,2,2,9,Active,Not Churned
CUST_2852,27,Female,Europe,2021-02-22,Premium,20.31,Credit Card,Yes,Annual,12.0,Drama,3,4,6,0,2,31,Active,Not Churned
CUST_2853,38,Female,Latin America,2023-07-02,Standard,13.95,Credit Card,No,Monthly,8.1,Family,7,4,4,1,0,20,Active,Not Churned
CUST_2854,38,Male,North America,2021-07-02,Standard,13.87,Credit Card,Yes,Annual,10.3,Sci-Fi,6,5,12,1,1,31,Active,Not Churned
CUST_2855,18,Other,Asia Pacific,2024-12-26,Premium,19.51,Credit Card,Yes,Monthly,10.7,Action,5,6,2,2,2,20,Active,Not Churned
CUST_2856,37,Male,Asia Pacific,2025-11-06,Premium,20.2,Credit Card,Yes,Annual,10.9,Drama,1,7,13,2,1,20,Active,Not Churned
CUST_2857,18,Female,North America,2022-12-06,Basic,8.23,Carrier Billing,Yes,Monthly,1.8,Family,2,3,1,0,1,34,Churned,Technical issues
CUST_2858,33,Male,Latin America,2021-01-17,Basic,8.61,Carrier Billing,Yes,Monthly,5.9,Sci-Fi,4,5,11,1,2,34,Active,Not Churned
CUST_2859,28,Female,Asia Pacific,2024-04-21,Basic,8.34,Credit Card,Yes,Annual,5.6,Documentary,4,3,5,0,4,36,Active,Not Churned
CUST_2860,40,Male,Asia Pacific,2024-10-22,Basic,7.78,Credit Card,Yes,Monthly,5.5,Family,3,5,7,1,3,13,Active,Not Churned
CUST_2861,41,Male,Asia Pacific,2021-03-21,Standard,13.64,Direct Debit,Yes,Monthly,12.1,Comedy,2,11,16,2,0,3,Active,Not Churned
CUST_2862,48,Male,Middle East & Africa,2022-10-20,Premium,19.51,Direct Debit,Yes,Annual,5.7,Action,6,4,4,2,1,31,Active,Not Churned
CUST_2863,35,Female,Asia Pacific,2025-01-12,Premium,20.51,Digital Wallet,Yes,Annual,3.8,Anime,5,2,3,0,2,24,Active,Not Churned
CUST_2864,37,Male,Latin America,2022-06-12,Standard,13.72,Digital Wallet,No,Monthly,6.1,Action,4,3,3,1,2,29,Active,Not Churned
CUST_2865,26,Female,Asia Pacific,2023-02-13,Standard,14.51,Credit Card,Yes,Monthly,5.5,Comedy,5,4,2,0,0,23,Churned,Low usage
CUST_2866,28,Male,Latin America,2024-07-24,Premium,20.17,Digital Wallet,Yes,Monthly,10.2,Drama,5,6,7,0,3,25,Churned,Technical issues
CUST_2867,29,Male,Latin America,2021-06-15,Premium,20.11,PayPal,Yes,Monthly,6.7,Thriller,3,2,4,0,0,18,Active,Not Churned
CUST_2868,33,Male,Middle East & Africa,2025-03-27,Basic,7.88,Digital Wallet,Yes,Annual,6.8,Action,3,2,2,0,2,36,Active,Not Churned
CUST_2869,54,Female,Asia Pacific,2024-01-27,Standard,14.22,Direct Debit,Yes,Monthly,6.9,Thriller,5,7,5,0,1,15,Churned,Too expensive
CUST_2870,35,Female,Europe,2023-03-08,Premium,19.98,PayPal,Yes,Monthly,17.7,Comedy,2,13,13,0,1,12,Active,Not Churned
CUST_2871,48,Female,Middle East & Africa,2023-01-03,Basic,7.86,PayPal,Yes,Monthly,4.8,Sci-Fi,5,7,2,1,0,16,Active,Not Churned
CUST_2872,40,Other,Asia Pacific,2021-01-01,Standard,14.23,Credit Card,Yes,Monthly,11.7,Action,3,8,8,0,0,28,Active,Not Churned
CUST_2873,42,Male,Asia Pacific,2023-12-19,Premium,19.94,PayPal,No,Monthly,9.6,Documentary,5,5,11,4,2,38,Churned,Too expensive
CUST_2874,36,Male,Latin America,2025-06-03,Premium,19.71,Credit Card,Yes,Monthly,15.5,Documentary,2,8,6,1,2,34,Churned,Technical issues
CUST_2875,33,Male,Asia Pacific,2022-10-24,Premium,20.2,PayPal,Yes,Monthly,20.4,Documentary,2,9,19,2,2,30,Churned,Switched to competitor
CUST_2876,36,Male,Asia Pacific,2025-07-02,Premium,19.97,Credit Card,Yes,Monthly,9.5,Drama,4,3,5,0,1,24,Active,Not Churned
CUST_2877,26,Male,Middle East & Africa,2023-12-02,Basic,8.16,PayPal,Yes,Annual,2.4,Comedy,2,3,4,2,1,24,Churned,Lack of content
CUST_2878,28,Male,Asia Pacific,2023-12-18,Basic,7.83,Carrier Billing,Yes,Monthly,3.7,Thriller,3,4,8,2,0,16,Active,Not Churned
CUST_2879,34,Female,Latin America,2024-04-08,Standard,13.57,PayPal,Yes,Monthly,3.8,Action,4,7,9,1,2,23,Active,Not Churned
CUST_2880,35,Female,Asia Pacific,2022-03-16,Standard,14.6,Credit Card,Yes,Annual,6.6,Thriller,2,5,7,1,1,23,Active,Not Churned
CUST_2881,18,Female,Asia Pacific,2024-08-03,Standard,14.53,Direct Debit,Yes,Monthly,6.1,Thriller,3,2,3,2,1,29,Active,Not Churned
CUST_2882,24,Female,Asia Pacific,2025-11-03,Standard,14.3,Direct Debit,No,Annual,9.7,Family,1,6,5,0,0,12,Active,Not Churned
CUST_2883,40,Female,Middle East & Africa,2025-02-11,Standard,13.85,Credit Card,Yes,Monthly,13.6,Anime,3,8,8,2,1,21,Active,Not Churned
CUST_2884,41,Female,Asia Pacific,2023-03-07,Standard,13.88,Credit Card,No,Monthly,2.9,Comedy,5,2,9,1,1,25,Churned,Switched to competitor
CUST_2885,18,Female,North America,2024-10-23,Basic,8.47,Credit Card,Yes,Monthly,7.9,Action,3,6,5,2,0,17,Active,Not Churned
CUST_2886,36,Male,North America,2025-07-18,Basic,7.87,PayPal,Yes,Annual,4.9,Thriller,1,2,6,0,1,28,Active,Not Churned
CUST_2887,68,Female,Europe,2025-02-21,Basic,7.77,PayPal,Yes,Monthly,8.1,Sci-Fi,2,6,3,1,0,19,Active,Not Churned
CUST_2888,45,Female,Asia Pacific,2022-03-20,Basic,8.65,Carrier Billing,Yes,Monthly,6.0,Comedy,3,6,2,1,4,17,Active,Not Churned
CUST_2889,22,Female,North America,2021-03-28,Premium,19.97,PayPal,Yes,Monthly,13.7,Thriller,2,11,10,1,1,7,Active,Not Churned
CUST_2890,36,Female,Middle East & Africa,2025-07-25,Standard,14.61,Credit Card,No,Annual,4.6,Documentary,3,4,4,0,2,29,Active,Not Churned
CUST_2891,36,Female,North America,2021-11-23,Basic,7.5,Credit Card,Yes,Monthly,5.1,Action,5,6,4,0,2,21,Churned,Too expensive
CUST_2892,32,Male,Latin America,2024-10-04,Standard,14.17,Credit Card,No,Monthly,7.9,Anime,1,5,2,0,1,8,Churned,Low usage
CUST_2893,44,Male,Middle East & Africa,2021-10-21,Standard,14.71,Credit Card,Yes,Monthly,7.0,Thriller,1,4,6,3,0,30,Churned,Technical issues
CUST_2894,45,Female,Middle East & Africa,2023-03-22,Basic,8.0,Carrier Billing,Yes,Monthly,7.2,Drama,2,8,11,1,1,17,Active,Not Churned
CUST_2895,29,Male,North America,2022-04-19,Basic,7.9,PayPal,Yes,Annual,2.6,Drama,4,1,1,0,1,21,Active,Not Churned
CUST_2896,40,Female,Asia Pacific,2021-03-26,Basic,7.58,Credit Card,Yes,Monthly,16.8,Family,4,9,14,1,2,13,Active,Not Churned
CUST_2897,27,Female,Latin America,2024-07-19,Standard,14.37,Digital Wallet,Yes,Monthly,6.4,Documentary,2,7,0,1,1,21,Active,Not Churned
CUST_2898,33,Male,Middle East & Africa,2022-11-28,Basic,7.72,PayPal,Yes,Annual,4.1,Thriller,4,3,2,1,1,11,Active,Not Churned
CUST_2899,50,Female,Asia Pacific,2024-11-10,Basic,7.96,Direct Debit,Yes,Annual,7.3,Comedy,3,5,0,0,1,25,Active,Not Churned
CUST_2900,25,Male,North America,2025-04-23,Basic,7.56,Credit Card,Yes,Annual,7.9,Family,1,5,10,0,2,30,Active,Not Churned
CUST_2901,42,Male,Europe,2021-12-28,Standard,14.53,PayPal,Yes,Monthly,21.7,Anime,3,13,17,1,1,15,Active,Not Churned
CUST_2902,21,Male,Europe,2024-05-14,Basic,8.39,PayPal,Yes,Monthly,14.1,Sci-Fi,2,11,7,1,0,19,Active,Not Churned
CUST_2903,28,Male,Latin America,2023-09-10,Premium,19.98,PayPal,No,Annual,8.3,Drama,6,7,7,0,1,13,Active,Not Churned
CUST_2904,27,Female,Middle East & Africa,2022-06-29,Basic,7.59,Carrier Billing,Yes,Monthly,18.9,Action,3,11,16,1,2,22,Active,Not Churned
CUST_2905,25,Female,Europe,2022-10-28,Standard,14.53,PayPal,Yes,Monthly,17.6,Sci-Fi,3,12,16,1,1,13,Active,Not Churned
CUST_2906,20,Male,Middle East & Africa,2024-01-02,Standard,13.86,Digital Wallet,No,Annual,4.8,Family,4,5,3,2,1,18,Active,Not Churned
CUST_2907,21,Other,Asia Pacific,2025-11-16,Standard,13.6,Digital Wallet,Yes,Monthly,24.4,Comedy,4,15,9,5,2,15,Active,Not Churned
CUST_2908,18,Male,Europe,2025-08-31,Basic,7.37,PayPal,Yes,Annual,5.7,Family,3,2,2,0,0,28,Active,Not Churned
CUST_2909,26,Female,North America,2022-09-21,Premium,19.76,Direct Debit,Yes,Annual,10.5,Action,5,10,10,2,1,26,Active,Not Churned
CUST_2910,25,Female,Asia Pacific,2022-12-25,Premium,19.48,Carrier Billing,Yes,Monthly,17.4,Drama,6,11,18,1,2,23,Active,Not Churned
CUST_2911,34,Female,Europe,2025-12-10,Basic,7.77,PayPal,Yes,Annual,2.2,Drama,3,1,3,0,0,22,Active,Not Churned
CUST_2912,47,Female,North America,2022-02-18,Basic,8.25,Credit Card,No,Annual,7.2,Comedy,3,8,4,1,0,18,Active,Not Churned
CUST_2913,39,Female,Middle East & Africa,2024-08-28,Premium,19.86,Carrier Billing,Yes,Annual,11.3,Sci-Fi,2,7,15,1,1,22,Active,Not Churned
CUST_2914,37,Male,North America,2025-03-26,Standard,14.11,Direct Debit,No,Monthly,14.5,Thriller,5,8,11,1,0,18,Active,Not Churned
CUST_2915,27,Male,Middle East & Africa,2021-04-21,Basic,7.74,Credit Card,Yes,Monthly,7.7,Anime,2,4,3,1,0,21,Churned,Lack of content
CUST_2916,39,Male,North America,2023-09-13,Basic,8.01,PayPal,No,Monthly,2.3,Action,2,3,3,0,0,36,Churned,Lack of content
CUST_2917,40,Female,North America,2021-08-22,Standard,14.66,Credit Card,No,Annual,21.6,Action,1,11,17,2,2,11,Active,Not Churned
CUST_2918,28,Female,Asia Pacific,2023-11-10,Standard,13.87,PayPal,Yes,Monthly,8.6,Documentary,4,5,7,2,1,36,Active,Not Churned
CUST_2919,45,Male,Middle East & Africa,2023-06-06,Standard,14.12,Direct Debit,Yes,Monthly,10.2,Documentary,3,6,10,0,2,12,Active,Not Churned
CUST_2920,30,Female,North America,2025-08-17,Premium,19.44,Carrier Billing,Yes,Monthly,4.9,Action,3,3,0,2,1,25,Churned,Too expensive
CUST_2921,31,Male,Europe,2021-04-10,Standard,14.52,PayPal,Yes,Monthly,17.2,Action,6,9,7,1,1,21,Active,Not Churned
CUST_2922,38,Female,Asia Pacific,2023-01-06,Basic,7.82,Credit Card,No,Annual,5.8,Thriller,4,6,3,2,0,13,Active,Not Churned
CUST_2923,21,Male,Middle East & Africa,2024-03-03,Standard,14.36,Direct Debit,Yes,Annual,5.6,Anime,5,5,4,2,3,22,Active,Not Churned
CUST_2924,28,Male,Europe,2024-08-30,Standard,13.95,Direct Debit,No,Monthly,15.1,Sci-Fi,2,10,11,2,2,21,Active,Not Churned
CUST_2925,32,Female,Asia Pacific,2023-09-16,Basic,8.2,Direct Debit,Yes,Monthly,3.1,Action,4,4,6,0,4,17,Churned,Technical issues
CUST_2926,28,Female,Europe,2025-04-30,Basic,8.22,Credit Card,Yes,Annual,9.6,Drama,2,6,15,0,1,28,Active,Not Churned
CUST_2927,39,Male,North America,2021-12-07,Standard,13.83,Credit Card,Yes,Monthly,5.5,Documentary,4,2,3,2,0,38,Active,Not Churned
CUST_2928,26,Female,North America,2023-12-27,Standard,14.37,Direct Debit,Yes,Monthly,10.9,Anime,2,10,7,1,1,25,Active,Not Churned
CUST_2929,28,Other,Asia Pacific,2023-05-04,Basic,7.72,Direct Debit,Yes,Monthly,11.8,Sci-Fi,7,9,6,0,0,15,Active,Not Churned
CUST_2930,43,Male,Middle East & Africa,2024-01-12,Standard,14.26,Credit Card,No,Monthly,6.4,Thriller,2,8,9,0,1,14,Active,Not Churned
CUST_2931,34,Male,North America,2023-11-20,Standard,13.85,Direct Debit,Yes,Monthly,16.6,Documentary,3,12,15,0,0,5,Active,Not Churned
CUST_2932,41,Female,Asia Pacific,2023-06-22,Standard,14.11,Credit Card,Yes,Monthly,8.6,Drama,5,5,5,1,0,23,Active,Not Churned
CUST_2933,39,Male,Latin America,2021-02-22,Standard,13.83,Direct Debit,No,Monthly,21.7,Family,1,8,20,0,4,23,Active,Not Churned
CUST_2934,51,Male,Europe,2021-06-14,Premium,20.01,Carrier Billing,No,Annual,16.5,Anime,2,8,9,2,1,16,Active,Not Churned
CUST_2935,29,Female,Europe,2025-05-22,Standard,13.61,PayPal,Yes,Monthly,9.1,Action,4,7,10,0,4,35,Churned,Too expensive
CUST_2936,21,Male,Middle East & Africa,2022-06-04,Basic,8.08,Credit Card,Yes,Monthly,8.4,Sci-Fi,1,6,11,2,3,24,Churned,Lack of content
CUST_2937,18,Male,Europe,2023-04-29,Standard,14.01,PayPal,No,Monthly,4.0,Comedy,3,3,0,0,1,35,Churned,Low usage
CUST_2938,28,Female,Europe,2022-11-30,Standard,13.8,Direct Debit,Yes,Annual,15.1,Thriller,2,5,12,4,0,25,Active,Not Churned
CUST_2939,44,Male,North America,2022-06-18,Basic,7.97,Credit Card,No,Monthly,5.3,Family,2,4,0,0,2,25,Active,Not Churned
CUST_2940,40,Male,Asia Pacific,2022-04-08,Basic,8.04,Credit Card,Yes,Annual,9.0,Drama,5,4,9,2,1,29,Churned,Low usage
CUST_2941,32,Female,Europe,2023-10-24,Basic,7.77,Credit Card,Yes,Annual,20.9,Documentary,3,11,10,0,2,17,Active,Not Churned
CUST_2942,55,Female,Middle East & Africa,2022-05-15,Standard,13.94,Carrier Billing,Yes,Monthly,16.4,Sci-Fi,4,11,13,0,0,9,Active,Not Churned
CUST_2943,21,Female,Asia Pacific,2025-08-16,Standard,13.64,PayPal,Yes,Annual,5.0,Family,2,2,7,4,0,33,Churned,Too expensive
CUST_2944,44,Female,North America,2025-05-13,Basic,8.81,PayPal,Yes,Monthly,7.9,Action,3,4,10,1,0,28,Active,Not Churned
CUST_2945,28,Male,North America,2022-09-01,Premium,20.36,Direct Debit,Yes,Monthly,11.5,Documentary,4,8,11,0,2,30,Churned,Switched to competitor
CUST_2946,51,Male,Middle East & Africa,2023-12-14,Premium,20.09,Credit Card,No,Monthly,18.8,Family,3,12,13,4,0,13,Active,Not Churned
CUST_2947,30,Male,Latin America,2025-10-03,Basic,8.4,Direct Debit,Yes,Annual,15.5,Anime,4,9,9,0,0,8,Active,Not Churned
CUST_2948,45,Male,Asia Pacific,2025-09-16,Premium,19.3,Credit Card,Yes,Monthly,12.9,Comedy,3,11,9,0,2,9,Active,Not Churned
CUST_2949,32,Male,Europe,2022-11-01,Basic,7.09,Digital Wallet,Yes,Annual,10.4,Documentary,3,4,4,1,0,39,Active,Not Churned
CUST_2950,59,Male,North America,2023-04-07,Premium,19.85,PayPal,Yes,Annual,9.8,Action,2,4,7,1,1,11,Active,Not Churned
CUST_2951,36,Male,Asia Pacific,2024-09-27,Premium,19.51,PayPal,Yes,Monthly,11.3,Sci-Fi,3,4,7,2,0,15,Active,Not Churned
CUST_2952,34,Female,North America,2024-02-24,Basic,7.91,PayPal,No,Monthly,6.8,Comedy,6,2,3,1,0,26,Active,Not Churned
CUST_2953,37,Male,Latin America,2023-05-10,Standard,14.06,Credit Card,No,Monthly,13.2,Action,3,9,4,2,0,11,Active,Not Churned
CUST_2954,41,Male,Middle East & Africa,2023-11-10,Premium,20.31,PayPal,Yes,Monthly,12.7,Family,5,6,5,2,2,30,Active,Not Churned
CUST_2955,50,Male,Middle East & Africa,2021-04-19,Premium,19.59,Credit Card,Yes,Monthly,16.1,Sci-Fi,6,7,1,2,1,26,Churned,Too expensive
CUST_2956,49,Male,North America,2025-09-15,Premium,20.13,Carrier Billing,Yes,Monthly,15.9,Thriller,6,10,10,0,2,11,Active,Not Churned
CUST_2957,18,Female,Europe,2024-10-30,Standard,14.0,Digital Wallet,Yes,Monthly,6.0,Drama,2,6,6,1,2,33,Active,Not Churned
CUST_2958,31,Female,Asia Pacific,2021-08-04,Basic,8.11,PayPal,No,Annual,1.5,Comedy,3,4,0,0,2,17,Churned,Technical issues
CUST_2959,28,Male,Europe,2021-07-26,Premium,19.81,Carrier Billing,Yes,Annual,7.1,Family,3,7,7,2,0,14,Active,Not Churned
CUST_2960,42,Female,Asia Pacific,2022-07-23,Standard,14.47,Direct Debit,Yes,Monthly,10.0,Sci-Fi,4,5,7,2,3,39,Active,Not Churned
CUST_2961,28,Female,Asia Pacific,2025-12-10,Standard,13.95,Credit Card,Yes,Monthly,7.5,Comedy,2,6,3,1,1,12,Active,Not Churned
CUST_2962,54,Female,North America,2024-10-04,Standard,14.61,Credit Card,Yes,Monthly,7.3,Thriller,3,6,5,1,0,22,Churned,Switched to competitor
CUST_2963,26,Female,North America,2025-09-08,Standard,13.71,PayPal,Yes,Monthly,5.6,Action,1,3,8,0,0,34,Churned,Too expensive
CUST_2964,19,Male,Asia Pacific,2024-11-15,Basic,8.25,Credit Card,Yes,Annual,10.1,Thriller,1,7,5,1,1,1,Active,Not Churned
CUST_2965,36,Male,Latin America,2024-10-11,Standard,13.97,Direct Debit,Yes,Monthly,3.0,Drama,3,1,4,0,0,24,Active,Not Churned
CUST_2966,42,Male,North America,2021-07-19,Basic,7.88,Credit Card,Yes,Monthly,10.9,Action,4,6,9,0,0,25,Active,Not Churned
CUST_2967,24,Male,Europe,2021-10-18,Standard,14.21,Carrier Billing,No,Monthly,11.7,Family,1,8,6,0,2,17,Active,Not Churned
CUST_2968,47,Male,North America,2023-10-09,Premium,19.89,Carrier Billing,No,Monthly,15.9,Drama,1,12,14,1,1,11,Active,Not Churned
CUST_2969,28,Male,Middle East & Africa,2023-01-27,Standard,13.06,PayPal,No,Annual,35.5,Family,3,21,23,0,1,0,Active,Not Churned
CUST_2970,30,Male,Europe,2022-03-28,Standard,12.92,Direct Debit,Yes,Annual,2.0,Sci-Fi,5,4,2,4,2,32,Active,Not Churned
CUST_2971,35,Male,Europe,2022-12-28,Basic,8.44,Credit Card,No,Monthly,10.7,Drama,2,7,15,1,0,12,Churned,Lack of content
CUST_2972,28,Male,Latin America,2025-03-29,Premium,20.42,Carrier Billing,No,Monthly,14.0,Sci-Fi,2,8,13,0,2,24,Churned,Low usage
CUST_2973,54,Male,North America,2021-06-09,Standard,14.65,Digital Wallet,No,Monthly,5.8,Drama,3,2,0,3,3,35,Churned,Switched to competitor
CUST_2974,21,Female,Europe,2024-10-18,Standard,13.98,Direct Debit,Yes,Monthly,7.8,Action,2,4,5,0,0,14,Active,Not Churned
CUST_2975,19,Male,Middle East & Africa,2024-03-07,Basic,7.54,Credit Card,No,Monthly,5.8,Comedy,2,3,13,0,4,27,Churned,Too expensive
CUST_2976,27,Female,Asia Pacific,2023-10-12,Basic,7.84,PayPal,Yes,Monthly,11.1,Sci-Fi,4,8,5,1,1,8,Active,Not Churned
CUST_2977,22,Male,Asia Pacific,2022-05-11,Standard,13.99,Direct Debit,Yes,Annual,15.5,Documentary,3,11,11,2,0,13,Active,Not Churned
CUST_2978,18,Female,Asia Pacific,2024-02-19,Premium,19.64,Digital Wallet,Yes,Annual,5.6,Comedy,2,6,9,1,0,23,Active,Not Churned
CUST_2979,37,Male,Asia Pacific,2024-01-23,Standard,14.57,Digital Wallet,Yes,Annual,10.8,Drama,2,9,10,1,1,17,Active,Not Churned
CUST_2980,22,Other,North America,2025-08-19,Basic,8.77,Direct Debit,Yes,Annual,16.6,Sci-Fi,3,10,14,2,0,17,Active,Not Churned
CUST_2981,33,Female,Middle East & Africa,2024-01-05,Premium,20.16,Credit Card,Yes,Monthly,7.3,Sci-Fi,1,3,8,0,1,26,Active,Not Churned
CUST_2982,29,Female,Europe,2021-01-07,Standard,13.99,PayPal,Yes,Monthly,1.8,Thriller,4,2,3,1,1,33,Active,Not Churned
CUST_2983,48,Male,Europe,2025-01-29,Premium,19.54,Digital Wallet,No,Annual,6.5,Action,1,3,3,1,0,24,Active,Not Churned
CUST_2984,21,Female,North America,2024-02-27,Basic,8.53,PayPal,No,Monthly,4.2,Action,3,5,6,0,2,28,Active,Not Churned
CUST_2985,38,Male,Asia Pacific,2021-06-04,Standard,14.02,Direct Debit,No,Annual,5.4,Sci-Fi,4,4,4,1,1,15,Active,Not Churned
CUST_2986,33,Male,Asia Pacific,2021-05-14,Premium,19.89,Carrier Billing,Yes,Monthly,22.7,Anime,5,13,13,0,2,0,Active,Not Churned
CUST_2987,27,Other,Asia Pacific,2023-02-13,Basic,8.16,Credit Card,Yes,Monthly,23.4,Drama,2,14,19,2,0,7,Active,Not Churned
CUST_2988,33,Male,Latin America,2025-10-03,Standard,13.79,Credit Card,No,Monthly,18.5,Drama,2,9,11,0,2,21,Active,Not Churned
CUST_2989,38,Female,Europe,2021-05-07,Premium,20.04,Digital Wallet,No,Monthly,8.7,Thriller,2,8,12,0,2,16,Active,Not Churned
CUST_2990,19,Female,Asia Pacific,2022-10-18,Basic,7.49,Carrier Billing,Yes,Monthly,18.1,Drama,6,8,13,0,2,23,Active,Not Churned
CUST_2991,36,Male,North America,2025-01-09,Basic,8.37,PayPal,No,Monthly,1.5,Anime,4,3,2,2,4,35,Churned,Payment issues
CUST_2992,34,Male,Middle East & Africa,2022-04-20,Standard,13.95,Digital Wallet,Yes,Annual,4.7,Documentary,5,4,0,0,1,9,Churned,Technical issues
CUST_2993,42,Female,Latin America,2022-10-03,Basic,8.4,PayPal,Yes,Monthly,12.6,Anime,3,9,15,2,0,32,Active,Not Churned
CUST_2994,38,Female,North America,2021-01-10,Basic,7.92,Credit Card,Yes,Monthly,5.6,Comedy,2,2,5,1,0,17,Active,Not Churned
CUST_2995,50,Other,North America,2024-12-16,Standard,13.94,Credit Card,No,Annual,4.3,Thriller,2,1,0,0,1,22,Active,Not Churned
CUST_2996,45,Female,North America,2021-01-21,Standard,13.57,Carrier Billing,No,Annual,10.7,Comedy,4,8,11,2,1,27,Active,Not Churned
CUST_2997,32,Male,North America,2024-11-24,Basic,8.26,PayPal,No,Monthly,10.1,Action,3,6,7,2,2,24,Active,Not Churned
CUST_2998,48,Male,Asia Pacific,2025-11-06,Basic,7.68,Credit Card,Yes,Monthly,10.7,Action,2,7,5,3,1,16,Active,Not Churned
CUST_2999,36,Male,North America,2022-03-02,Premium,19.82,PayPal,Yes,Monthly,13.4,Family,6,7,12,0,0,13,Active,Not Churned
CUST_3000,45,Female,Europe,2024-11-21,Standard,13.99,Credit Card,No,Monthly,10.4,Thriller,2,8,0,1,2,13,Active,Not Churned
CUST_3001,33,Male,Europe,2025-03-07,Premium,20.03,Credit Card,No,Annual,9.5,Thriller,7,7,5,2,2,17,Active,Not Churned
CUST_3002,38,Male,North America,2025-09-14,Standard,13.39,Direct Debit,No,Monthly,9.0,Drama,7,6,6,3,1,29,Active,Not Churned
CUST_3003,18,Female,Europe,2021-11-15,Premium,19.91,Direct Debit,No,Annual,14.7,Drama,4,7,13,1,0,14,Active,Not Churned
CUST_3004,36,Male,Latin America,2022-12-11,Standard,14.27,PayPal,Yes,Annual,10.2,Anime,6,8,14,0,0,7,Active,Not Churned
CUST_3005,40,Female,Latin America,2025-10-26,Basic,7.86,Direct Debit,Yes,Monthly,6.0,Family,5,3,5,2,4,27,Active,Not Churned
CUST_3006,40,Female,Europe,2022-07-13,Premium,19.91,PayPal,Yes,Monthly,7.0,Family,2,4,7,3,2,27,Churned,Technical issues
CUST_3007,18,Male,Asia Pacific,2023-10-14,Standard,14.05,Credit Card,Yes,Annual,9.0,Comedy,7,4,15,0,0,16,Active,Not Churned
CUST_3008,30,Male,Latin America,2024-09-05,Basic,7.95,Direct Debit,Yes,Annual,16.5,Thriller,4,9,11,2,1,15,Active,Not Churned
CUST_3009,26,Female,North America,2023-10-10,Basic,7.63,Direct Debit,Yes,Monthly,11.5,Comedy,3,9,10,0,3,21,Active,Not Churned
CUST_3010,34,Male,Latin America,2024-06-07,Standard,13.98,PayPal,Yes,Monthly,17.7,Drama,3,11,8,4,0,11,Active,Not Churned
CUST_3011,18,Female,Latin America,2023-04-30,Basic,8.34,Direct Debit,No,Monthly,6.6,Drama,4,4,12,2,2,21,Active,Not Churned
CUST_3012,27,Female,Asia Pacific,2025-10-05,Basic,7.62,Credit Card,Yes,Monthly,9.1,Anime,2,6,5,0,2,17,Active,Not Churned
CUST_3013,35,Male,Europe,2021-09-05,Basic,7.86,Credit Card,No,Monthly,9.9,Action,2,7,8,1,2,31,Churned,Lack of content
CUST_3014,29,Female,Asia Pacific,2022-01-24,Standard,13.51,PayPal,Yes,Monthly,13.8,Anime,3,9,10,1,3,35,Active,Not Churned
CUST_3015,51,Female,North America,2023-01-18,Standard,14.32,Credit Card,No,Monthly,7.3,Action,2,5,6,0,2,24,Active,Not Churned
CUST_3016,30,Male,Latin America,2023-11-05,Standard,13.96,Credit Card,Yes,Monthly,12.2,Drama,4,6,7,4,0,28,Active,Not Churned
CUST_3017,33,Female,Asia Pacific,2024-09-16,Basic,7.69,Carrier Billing,Yes,Monthly,16.0,Thriller,2,10,12,0,2,8,Active,Not Churned
CUST_3018,18,Female,Asia Pacific,2023-12-10,Basic,8.02,Direct Debit,No,Monthly,7.7,Family,3,2,12,2,0,23,Active,Not Churned
CUST_3019,24,Female,Latin America,2023-01-28,Standard,13.57,Credit Card,Yes,Annual,5.3,Documentary,2,5,12,0,1,25,Active,Not Churned
CUST_3020,42,Male,North America,2024-07-23,Standard,13.63,Carrier Billing,Yes,Annual,17.0,Action,2,8,11,0,0,0,Active,Not Churned
CUST_3021,28,Male,Asia Pacific,2022-10-25,Standard,13.48,PayPal,No,Monthly,12.8,Family,2,10,8,1,2,22,Churned,Technical issues
CUST_3022,33,Female,Europe,2025-11-03,Basic,7.62,Direct Debit,Yes,Monthly,3.1,Drama,3,1,1,0,1,25,Churned,Lack of content
CUST_3023,29,Male,Asia Pacific,2024-08-30,Basic,8.47,PayPal,Yes,Monthly,7.8,Action,3,8,14,1,0,8,Active,Not Churned
CUST_3024,41,Male,North America,2025-08-06,Basic,7.73,PayPal,Yes,Annual,21.4,Comedy,3,9,14,1,3,22,Active,Not Churned
CUST_3025,22,Male,Europe,2025-03-17,Standard,14.15,Direct Debit,Yes,Monthly,11.7,Drama,2,5,12,0,1,32,Active,Not Churned
CUST_3026,28,Female,North America,2024-09-22,Standard,13.7,PayPal,Yes,Monthly,9.0,Documentary,4,7,9,0,1,16,Active,Not Churned
CUST_3027,38,Male,Europe,2023-06-02,Premium,20.26,Direct Debit,No,Monthly,6.2,Comedy,2,6,12,1,2,25,Churned,Payment issues
CUST_3028,31,Male,Middle East & Africa,2022-12-01,Standard,13.63,PayPal,Yes,Monthly,4.9,Anime,2,3,4,1,1,29,Churned,Technical issues
CUST_3029,18,Female,North America,2023-09-02,Standard,14.0,Direct Debit,Yes,Monthly,13.3,Family,3,10,6,1,3,20,Churned,Lack of content
CUST_3030,33,Other,Middle East & Africa,2022-11-19,Standard,14.01,Carrier Billing,Yes,Annual,5.2,Sci-Fi,4,3,10,2,1,20,Active,Not Churned
CUST_3031,18,Female,Asia Pacific,2024-01-14,Basic,8.8,Direct Debit,Yes,Monthly,9.9,Comedy,1,6,10,1,0,21,Active,Not Churned
CUST_3032,33,Female,Middle East & Africa,2024-05-19,Standard,14.21,Digital Wallet,No,Monthly,8.4,Anime,2,5,8,2,0,23,Churned,Lack of content
CUST_3033,42,Male,Latin America,2022-10-20,Basic,7.78,Digital Wallet,No,Annual,9.6,Anime,2,5,12,1,1,4,Active,Not Churned
CUST_3034,28,Female,Europe,2022-11-09,Standard,14.23,Credit Card,No,Monthly,8.0,Anime,2,2,8,1,1,34,Churned,Technical issues
CUST_3035,44,Male,Europe,2024-01-02,Basic,8.74,Direct Debit,Yes,Monthly,10.7,Action,4,7,13,0,0,6,Active,Not Churned
CUST_3036,40,Male,North America,2024-09-25,Premium,19.42,Direct Debit,Yes,Monthly,15.9,Action,3,9,11,0,1,16,Active,Not Churned
CUST_3037,42,Other,Asia Pacific,2021-07-10,Premium,19.7,Credit Card,Yes,Monthly,9.4,Thriller,4,8,10,0,1,27,Active,Not Churned
CUST_3038,18,Female,Asia Pacific,2025-09-01,Basic,7.91,PayPal,Yes,Monthly,13.2,Drama,2,6,11,0,0,16,Active,Not Churned
CUST_3039,31,Male,Latin America,2025-10-12,Standard,13.84,Credit Card,Yes,Annual,18.1,Action,4,9,11,1,1,9,Active,Not Churned
CUST_3040,40,Female,Asia Pacific,2024-01-19,Standard,13.87,PayPal,Yes,Monthly,10.6,Anime,5,9,7,0,0,17,Active,Not Churned
CUST_3041,28,Female,Europe,2024-05-20,Basic,7.53,Direct Debit,No,Monthly,12.4,Drama,2,8,8,0,1,26,Churned,Lack of content
CUST_3042,18,Male,North America,2024-04-15,Premium,20.48,Credit Card,No,Monthly,5.7,Family,2,5,6,0,1,14,Active,Not Churned
CUST_3043,44,Female,Latin America,2025-03-29,Standard,13.49,Digital Wallet,Yes,Monthly,8.2,Documentary,5,6,5,1,1,5,Active,Not Churned
CUST_3044,43,Female,Asia Pacific,2024-05-28,Premium,19.92,Carrier Billing,Yes,Annual,4.8,Family,4,5,6,0,1,30,Churned,Lack of content
CUST_3045,47,Female,North America,2024-11-02,Premium,20.36,Direct Debit,No,Monthly,7.9,Thriller,2,9,8,0,1,21,Active,Not Churned
CUST_3046,18,Female,Latin America,2024-01-25,Basic,7.98,Digital Wallet,Yes,Monthly,7.5,Comedy,1,5,7,2,0,25,Active,Not Churned
CUST_3047,32,Female,Europe,2022-09-11,Standard,13.65,Credit Card,Yes,Monthly,23.2,Documentary,2,11,15,0,0,0,Active,Not Churned
CUST_3048,29,Female,Europe,2023-07-27,Standard,13.52,Credit Card,No,Annual,5.7,Comedy,4,5,3,0,0,24,Active,Not Churned
CUST_3049,24,Male,North America,2021-09-28,Basic,7.91,Credit Card,No,Monthly,8.0,Drama,2,4,6,1,1,32,Active,Not Churned
CUST_3050,35,Female,North America,2025-01-10,Basic,7.73,Credit Card,No,Monthly,4.5,Sci-Fi,2,4,0,1,1,40,Active,Not Churned
CUST_3051,37,Other,North America,2022-06-11,Premium,20.06,Direct Debit,No,Monthly,9.2,Family,1,7,7,0,0,15,Active,Not Churned
CUST_3052,31,Male,Latin America,2021-06-10,Basic,7.5,PayPal,No,Monthly,10.8,Action,3,5,5,1,2,26,Active,Not Churned
CUST_3053,50,Male,Asia Pacific,2024-08-01,Standard,14.27,Digital Wallet,Yes,Monthly,12.5,Family,3,7,9,0,1,3,Active,Not Churned
CUST_3054,18,Female,Middle East & Africa,2024-07-20,Premium,20.03,PayPal,Yes,Monthly,8.6,Drama,3,7,5,1,2,28,Active,Not Churned
CUST_3055,38,Male,North America,2024-08-28,Basic,8.06,Digital Wallet,Yes,Monthly,5.5,Action,1,3,0,2,1,34,Active,Not Churned
CUST_3056,20,Male,Europe,2021-12-02,Standard,14.49,Direct Debit,Yes,Monthly,1.6,Family,4,4,10,0,1,26,Churned,Too expensive
CUST_3057,35,Female,Asia Pacific,2024-11-09,Premium,19.84,PayPal,No,Monthly,20.7,Action,2,10,13,0,2,23,Active,Not Churned
CUST_3058,38,Male,Asia Pacific,2024-12-24,Standard,13.74,Direct Debit,Yes,Monthly,7.0,Family,5,3,10,1,1,21,Active,Not Churned
CUST_3059,47,Female,Asia Pacific,2023-11-30,Basic,7.8,Digital Wallet,Yes,Monthly,1.7,Anime,3,6,1,2,1,21,Active,Not Churned
CUST_3060,31,Male,North America,2024-01-28,Basic,7.92,Credit Card,Yes,Annual,16.0,Thriller,1,7,16,1,2,20,Active,Not Churned
CUST_3061,35,Male,North America,2021-08-10,Premium,19.96,PayPal,No,Monthly,4.1,Anime,2,4,1,0,0,29,Active,Not Churned
CUST_3062,18,Male,Latin America,2023-01-19,Basic,7.7,Credit Card,Yes,Monthly,16.0,Action,4,13,11,2,2,20,Active,Not Churned
CUST_3063,45,Female,Asia Pacific,2025-02-04,Standard,13.28,Direct Debit,Yes,Annual,3.6,Thriller,2,3,1,1,0,27,Active,Not Churned
CUST_3064,40,Male,North America,2023-02-12,Basic,7.79,Credit Card,Yes,Monthly,3.3,Documentary,3,6,12,3,0,23,Active,Not Churned
CUST_3065,35,Male,Latin America,2025-04-13,Standard,14.12,PayPal,Yes,Annual,4.6,Drama,5,5,4,0,1,26,Active,Not Churned
CUST_3066,35,Female,Latin America,2022-02-12,Premium,20.04,Credit Card,Yes,Monthly,8.0,Action,3,5,9,1,0,19,Churned,Technical issues
CUST_3067,27,Other,North America,2022-08-05,Standard,14.41,Credit Card,Yes,Annual,16.8,Comedy,2,10,13,1,1,24,Active,Not Churned
CUST_3068,29,Female,Asia Pacific,2022-09-24,Premium,20.67,Direct Debit,No,Monthly,6.0,Action,6,1,5,0,2,27,Active,Not Churned
CUST_3069,26,Female,Europe,2023-12-01,Basic,8.26,Credit Card,Yes,Monthly,10.8,Action,4,6,9,0,3,27,Active,Not Churned
CUST_3070,25,Male,Latin America,2021-10-15,Standard,14.47,Credit Card,Yes,Monthly,10.1,Thriller,1,7,12,1,2,17,Active,Not Churned
CUST_3071,36,Female,North America,2021-05-04,Premium,20.26,PayPal,Yes,Monthly,10.5,Thriller,4,7,10,1,2,28,Active,Not Churned
CUST_3072,48,Male,Latin America,2022-09-05,Standard,14.59,PayPal,No,Monthly,15.2,Sci-Fi,4,14,11,0,2,8,Active,Not Churned
CUST_3073,29,Male,Asia Pacific,2021-12-08,Basic,8.64,Credit Card,Yes,Monthly,8.9,Sci-Fi,5,6,8,1,1,36,Active,Not Churned
CUST_3074,35,Female,North America,2023-04-25,Premium,20.32,PayPal,Yes,Monthly,11.3,Comedy,4,8,14,1,1,17,Churned,Lack of content
CUST_3075,32,Female,Middle East & Africa,2021-02-21,Standard,14.24,PayPal,Yes,Monthly,13.1,Action,1,10,8,1,1,21,Active,Not Churned
CUST_3076,32,Female,Latin America,2022-02-12,Standard,13.92,Credit Card,No,Monthly,6.8,Anime,3,6,0,1,1,17,Active,Not Churned
CUST_3077,31,Male,Asia Pacific,2022-04-19,Premium,19.98,PayPal,Yes,Monthly,10.1,Comedy,3,6,4,1,1,19,Active,Not Churned
CUST_3078,50,Female,Asia Pacific,2021-01-14,Basic,7.87,Credit Card,Yes,Annual,9.8,Drama,5,6,4,1,3,24,Active,Not Churned
CUST_3079,33,Male,Asia Pacific,2023-05-27,Basic,8.21,Credit Card,Yes,Monthly,13.7,Action,4,8,7,1,1,20,Active,Not Churned
CUST_3080,43,Male,Asia Pacific,2025-01-28,Basic,7.74,Carrier Billing,Yes,Annual,7.5,Sci-Fi,4,6,4,1,0,14,Active,Not Churned
CUST_3081,33,Female,North America,2025-11-03,Standard,13.92,Direct Debit,Yes,Monthly,8.7,Family,5,6,7,2,1,18,Active,Not Churned
CUST_3082,51,Female,Europe,2025-01-03,Basic,7.17,Credit Card,Yes,Monthly,10.6,Family,3,8,9,0,2,19,Active,Not Churned
CUST_3083,47,Male,Middle East & Africa,2025-01-26,Standard,14.59,Credit Card,Yes,Annual,8.3,Drama,3,4,7,1,2,29,Active,Not Churned
CUST_3084,42,Female,Latin America,2025-07-16,Basic,7.91,Credit Card,No,Monthly,5.1,Sci-Fi,3,4,3,1,1,24,Active,Not Churned
CUST_3085,41,Male,North America,2022-11-13,Standard,14.15,Carrier Billing,No,Monthly,13.1,Sci-Fi,4,11,12,2,2,14,Active,Not Churned
CUST_3086,40,Female,Latin America,2021-10-20,Basic,8.5,Digital Wallet,No,Monthly,8.9,Comedy,4,6,8,1,2,14,Active,Not Churned
CUST_3087,29,Female,North America,2025-07-27,Standard,14.1,Credit Card,Yes,Monthly,7.1,Drama,2,8,11,0,0,18,Active,Not Churned
CUST_3088,36,Female,Asia Pacific,2021-08-27,Basic,8.5,Direct Debit,Yes,Annual,3.9,Documentary,5,4,7,3,1,33,Active,Not Churned
CUST_3089,57,Female,Europe,2024-04-09,Standard,13.56,Credit Card,No,Monthly,2.8,Comedy,2,3,2,0,1,32,Active,Not Churned
CUST_3090,38,Female,Europe,2022-02-11,Standard,14.83,Direct Debit,Yes,Annual,11.6,Thriller,3,8,12,1,2,21,Active,Not Churned
CUST_3091,28,Female,Asia Pacific,2024-04-25,Standard,14.37,Digital Wallet,Yes,Monthly,5.8,Action,1,4,6,3,1,22,Active,Not Churned
CUST_3092,19,Male,North America,2021-05-14,Premium,20.06,Credit Card,Yes,Monthly,4.7,Family,2,1,7,2,1,28,Active,Not Churned
CUST_3093,29,Male,Middle East & Africa,2023-07-17,Standard,14.49,Credit Card,No,Monthly,5.4,Thriller,3,6,7,0,1,21,Active,Not Churned
CUST_3094,22,Male,Middle East & Africa,2024-03-22,Basic,7.58,Carrier Billing,No,Annual,9.8,Comedy,2,10,7,1,1,14,Active,Not Churned
CUST_3095,38,Male,North America,2025-03-19,Premium,19.89,PayPal,Yes,Monthly,7.0,Documentary,2,6,6,0,1,14,Active,Not Churned
CUST_3096,20,Male,Middle East & Africa,2024-05-13,Basic,8.5,PayPal,No,Monthly,9.9,Anime,6,7,7,0,0,5,Active,Not Churned
CUST_3097,19,Female,Middle East & Africa,2023-10-01,Basic,7.34,PayPal,Yes,Monthly,5.7,Drama,2,4,3,4,1,24,Active,Not Churned
CUST_3098,36,Female,North America,2022-05-01,Standard,14.19,Credit Card,Yes,Monthly,8.8,Comedy,4,8,0,1,2,18,Active,Not Churned
CUST_3099,19,Female,North America,2025-03-11,Basic,8.18,PayPal,Yes,Monthly,8.5,Anime,4,6,5,3,0,24,Active,Not Churned
CUST_3100,36,Male,Europe,2024-07-18,Basic,8.68,Credit Card,Yes,Annual,12.0,Sci-Fi,4,8,9,0,4,19,Active,Not Churned
CUST_3101,50,Female,Europe,2022-10-28,Standard,13.44,Credit Card,Yes,Monthly,12.9,Drama,1,5,12,0,1,20,Active,Not Churned
CUST_3102,38,Male,Asia Pacific,2022-05-30,Basic,8.55,Credit Card,Yes,Monthly,8.2,Thriller,4,5,9,1,4,29,Churned,Switched to competitor
CUST_3103,41,Female,Asia Pacific,2021-12-17,Premium,19.79,Carrier Billing,Yes,Monthly,6.4,Family,2,5,5,0,0,31,Active,Not Churned
CUST_3104,40,Female,Latin America,2024-11-07,Premium,19.83,Credit Card,Yes,Monthly,17.4,Documentary,1,12,10,1,0,8,Active,Not Churned
CUST_3105,18,Male,Asia Pacific,2025-06-25,Standard,13.56,Direct Debit,Yes,Monthly,7.0,Anime,2,7,5,1,1,9,Active,Not Churned
CUST_3106,18,Female,Asia Pacific,2022-07-17,Standard,13.61,Digital Wallet,Yes,Annual,1.9,Documentary,3,1,0,0,0,22,Churned,Low usage
CUST_3107,38,Female,Asia Pacific,2021-12-19,Standard,14.13,Digital Wallet,No,Annual,10.3,Drama,5,4,1,0,1,36,Active,Not Churned
CUST_3108,41,Female,Middle East & Africa,2023-03-07,Premium,19.6,Direct Debit,Yes,Monthly,11.8,Drama,7,8,4,0,1,27,Active,Not Churned
CUST_3109,39,Male,Europe,2025-01-03,Basic,8.25,Credit Card,Yes,Annual,6.5,Action,6,3,10,1,0,31,Active,Not Churned
CUST_3110,37,Female,North America,2025-05-28,Basic,7.76,PayPal,Yes,Monthly,2.9,Action,4,5,9,2,1,29,Active,Not Churned
CUST_3111,27,Female,Europe,2025-11-16,Standard,13.57,PayPal,Yes,Annual,3.1,Drama,3,1,6,2,1,36,Active,Not Churned
CUST_3112,38,Male,Latin America,2024-10-22,Standard,13.81,Carrier Billing,Yes,Monthly,7.5,Action,4,5,6,0,1,20,Churned,Too expensive
CUST_3113,43,Male,Europe,2023-12-20,Basic,8.11,Direct Debit,Yes,Annual,4.1,Comedy,7,3,0,2,0,32,Active,Not Churned
CUST_3114,29,Male,Asia Pacific,2021-09-27,Standard,13.89,Digital Wallet,Yes,Annual,14.4,Drama,2,10,9,2,1,22,Active,Not Churned
CUST_3115,26,Other,Europe,2025-03-03,Basic,8.0,Credit Card,Yes,Monthly,6.6,Thriller,3,3,7,1,2,34,Active,Not Churned
CUST_3116,20,Female,Europe,2022-11-22,Premium,20.23,Digital Wallet,Yes,Monthly,8.1,Family,2,2,9,1,3,27,Active,Not Churned
CUST_3117,21,Female,Latin America,2022-03-05,Basic,8.37,Direct Debit,No,Monthly,21.2,Drama,2,12,16,2,1,10,Active,Not Churned
CUST_3118,30,Male,North America,2022-06-06,Basic,7.88,Digital Wallet,Yes,Monthly,1.4,Drama,2,3,6,0,1,21,Active,Not Churned
CUST_3119,36,Male,Asia Pacific,2023-06-08,Basic,7.62,Carrier Billing,Yes,Monthly,8.0,Drama,4,7,12,1,2,28,Churned,Lack of content
CUST_3120,48,Female,Asia Pacific,2023-03-12,Basic,8.02,Direct Debit,No,Monthly,2.2,Action,2,2,2,0,1,29,Active,Not Churned
CUST_3121,28,Male,Latin America,2025-11-10,Basic,8.15,Credit Card,Yes,Monthly,16.3,Sci-Fi,2,11,19,0,0,12,Active,Not Churned
CUST_3122,22,Female,Middle East & Africa,2022-03-07,Basic,7.48,Credit Card,Yes,Monthly,2.7,Thriller,3,4,0,0,1,27,Churned,Technical issues
CUST_3123,37,Male,North America,2023-02-03,Basic,7.68,Credit Card,Yes,Monthly,10.1,Comedy,3,9,5,1,1,6,Active,Not Churned
CUST_3124,29,Female,Europe,2021-03-17,Basic,7.74,PayPal,Yes,Monthly,9.2,Thriller,3,6,8,1,1,27,Churned,Switched to competitor
CUST_3125,46,Male,North America,2022-01-04,Standard,13.92,Direct Debit,Yes,Monthly,2.8,Family,7,1,5,1,2,28,Active,Not Churned
CUST_3126,41,Other,Middle East & Africa,2025-09-02,Standard,13.72,Credit Card,Yes,Annual,10.8,Action,3,7,7,1,2,18,Active,Not Churned
CUST_3127,40,Other,Asia Pacific,2025-11-28,Basic,8.24,Digital Wallet,Yes,Annual,5.7,Anime,3,5,4,3,1,19,Active,Not Churned
CUST_3128,20,Male,Middle East & Africa,2025-10-01,Basic,7.43,Direct Debit,Yes,Annual,11.3,Drama,2,8,15,1,3,22,Active,Not Churned
CUST_3129,28,Male,Middle East & Africa,2021-07-01,Basic,7.44,Direct Debit,Yes,Annual,5.5,Anime,3,1,3,4,1,32,Active,Not Churned
CUST_3130,44,Male,Middle East & Africa,2022-09-20,Basic,7.87,Digital Wallet,Yes,Annual,10.1,Action,3,6,4,1,0,10,Active,Not Churned
CUST_3131,32,Female,Europe,2025-11-06,Basic,7.93,PayPal,Yes,Monthly,7.5,Action,5,7,11,4,3,14,Active,Not Churned
CUST_3132,18,Female,Asia Pacific,2023-08-01,Standard,13.48,Credit Card,Yes,Monthly,10.8,Action,4,7,10,2,1,19,Active,Not Churned
CUST_3133,51,Female,North America,2023-02-25,Premium,19.78,PayPal,No,Monthly,13.1,Thriller,4,7,12,0,0,22,Active,Not Churned
CUST_3134,31,Female,Europe,2024-02-15,Premium,19.85,PayPal,Yes,Monthly,9.0,Comedy,5,9,8,1,1,21,Active,Not Churned
CUST_3135,37,Male,Europe,2024-06-20,Standard,13.85,Digital Wallet,No,Annual,7.0,Thriller,3,3,2,3,2,37,Active,Not Churned
CUST_3136,38,Female,Middle East & Africa,2022-02-07,Standard,14.04,Credit Card,Yes,Monthly,11.7,Drama,4,10,9,1,1,13,Active,Not Churned
CUST_3137,33,Female,Asia Pacific,2024-10-12,Basic,7.76,Credit Card,Yes,Monthly,5.8,Drama,1,6,1,1,0,17,Active,Not Churned
CUST_3138,46,Male,Latin America,2025-02-06,Standard,14.51,Direct Debit,Yes,Monthly,7.8,Action,7,5,7,2,1,23,Active,Not Churned
CUST_3139,32,Male,Latin America,2023-05-14,Standard,14.16,Direct Debit,Yes,Annual,18.7,Thriller,4,11,14,5,1,23,Active,Not Churned
CUST_3140,31,Male,Asia Pacific,2022-03-27,Premium,19.71,Carrier Billing,Yes,Annual,10.1,Thriller,2,6,11,1,1,32,Churned,Lack of content
CUST_3141,59,Female,Europe,2025-02-05,Premium,20.02,Digital Wallet,Yes,Monthly,14.2,Action,6,9,10,0,0,10,Churned,Technical issues
CUST_3142,18,Other,Latin America,2022-08-13,Standard,14.03,PayPal,Yes,Monthly,5.9,Thriller,3,3,7,1,3,28,Active,Not Churned
CUST_3143,36,Male,Europe,2024-02-02,Standard,14.42,Carrier Billing,Yes,Annual,10.8,Thriller,2,6,5,0,1,20,Active,Not Churned
CUST_3144,38,Male,Asia Pacific,2021-08-31,Premium,19.78,Digital Wallet,Yes,Annual,9.3,Action,4,6,10,1,1,19,Active,Not Churned
CUST_3145,40,Female,North America,2025-11-01,Basic,8.26,Credit Card,Yes,Monthly,6.4,Action,3,4,8,0,0,18,Active,Not Churned
CUST_3146,54,Female,Asia Pacific,2021-10-08,Premium,20.0,Direct Debit,Yes,Monthly,4.0,Documentary,2,3,2,1,1,25,Churned,Technical issues
CUST_3147,35,Male,Asia Pacific,2025-04-29,Basic,8.51,PayPal,Yes,Monthly,4.1,Drama,3,1,6,1,2,26,Active,Not Churned
CUST_3148,23,Female,Middle East & Africa,2023-12-17,Premium,20.44,Direct Debit,Yes,Annual,3.8,Action,4,4,7,2,0,29,Active,Not Churned
CUST_3149,36,Male,Europe,2023-01-10,Standard,14.06,Credit Card,Yes,Annual,22.6,Documentary,2,12,15,0,1,20,Active,Not Churned
CUST_3150,33,Female,Europe,2025-11-13,Basic,7.9,Carrier Billing,Yes,Monthly,7.5,Documentary,2,2,4,1,1,26,Active,Not Churned
CUST_3151,46,Male,North America,2022-06-17,Standard,14.17,PayPal,Yes,Monthly,8.8,Action,3,5,7,1,0,33,Churned,Technical issues
CUST_3152,41,Female,Asia Pacific,2021-05-15,Basic,7.93,PayPal,Yes,Monthly,13.5,Drama,2,8,11,0,1,16,Active,Not Churned
CUST_3153,32,Female,Latin America,2024-10-14,Standard,14.58,Direct Debit,No,Monthly,10.2,Drama,3,9,5,0,2,12,Active,Not Churned
CUST_3154,29,Male,Asia Pacific,2021-09-14,Premium,20.02,Credit Card,No,Monthly,8.4,Documentary,3,5,4,0,1,27,Active,Not Churned
CUST_3155,38,Female,North America,2021-05-18,Standard,13.85,Digital Wallet,Yes,Monthly,7.2,Drama,1,6,8,0,1,14,Active,Not Churned
CUST_3156,37,Other,Europe,2023-03-11,Premium,19.83,Carrier Billing,Yes,Annual,5.9,Drama,2,7,8,0,3,26,Active,Not Churned
CUST_3157,18,Female,Europe,2024-12-01,Basic,7.57,Credit Card,Yes,Monthly,10.5,Sci-Fi,2,6,14,2,1,24,Active,Not Churned
CUST_3158,20,Male,Asia Pacific,2023-11-06,Basic,8.18,Credit Card,No,Monthly,10.8,Drama,4,7,10,0,2,17,Active,Not Churned
CUST_3159,39,Male,Latin America,2025-11-17,Standard,13.7,Direct Debit,Yes,Monthly,8.9,Anime,5,9,3,0,2,13,Active,Not Churned
CUST_3160,24,Male,Middle East & Africa,2022-09-21,Basic,8.37,PayPal,Yes,Monthly,7.4,Action,5,6,12,1,2,17,Active,Not Churned
CUST_3161,20,Female,Europe,2021-12-15,Standard,13.54,Credit Card,Yes,Monthly,11.5,Anime,3,8,11,2,0,24,Active,Not Churned
CUST_3162,37,Male,North America,2021-07-11,Basic,8.03,PayPal,No,Monthly,3.8,Action,6,3,0,3,0,25,Churned,Technical issues
CUST_3163,22,Male,Europe,2021-04-06,Standard,14.39,Credit Card,Yes,Annual,10.5,Action,2,8,5,0,0,17,Active,Not Churned
CUST_3164,31,Other,Asia Pacific,2025-05-18,Standard,13.24,Credit Card,Yes,Monthly,19.3,Comedy,5,11,11,1,4,18,Active,Not Churned
CUST_3165,41,Female,Asia Pacific,2022-07-26,Premium,20.7,Credit Card,Yes,Annual,7.3,Thriller,1,2,9,1,1,26,Churned,Lack of content
CUST_3166,22,Male,Latin America,2024-01-31,Basic,7.84,Carrier Billing,Yes,Annual,6.9,Drama,3,4,0,0,0,24,Active,Not Churned
CUST_3167,39,Female,Europe,2024-02-14,Premium,20.04,Carrier Billing,Yes,Monthly,17.9,Drama,4,8,11,2,2,24,Active,Not Churned
CUST_3168,42,Male,Latin America,2025-06-24,Standard,14.19,Carrier Billing,No,Annual,8.9,Sci-Fi,3,6,9,0,0,19,Churned,Technical issues
CUST_3169,24,Female,Asia Pacific,2023-05-08,Basic,8.24,Credit Card,Yes,Annual,12.7,Anime,2,6,0,1,3,23,Active,Not Churned
CUST_3170,49,Female,North America,2024-02-01,Standard,14.09,Direct Debit,Yes,Monthly,10.8,Anime,2,8,10,0,1,9,Active,Not Churned
CUST_3171,26,Female,Middle East & Africa,2022-01-18,Standard,14.34,Direct Debit,Yes,Monthly,11.3,Anime,6,7,11,1,1,15,Active,Not Churned
CUST_3172,37,Female,Europe,2023-02-27,Basic,8.17,Direct Debit,Yes,Monthly,5.1,Anime,1,2,2,0,1,25,Active,Not Churned
CUST_3173,23,Male,North America,2021-11-04,Standard,14.61,Credit Card,Yes,Annual,5.7,Action,6,3,2,1,2,28,Active,Not Churned
CUST_3174,26,Male,Europe,2023-05-22,Basic,8.17,Credit Card,No,Monthly,11.8,Sci-Fi,3,9,6,2,1,5,Active,Not Churned
CUST_3175,48,Female,Asia Pacific,2022-07-07,Standard,14.68,Credit Card,Yes,Annual,3.8,Drama,3,5,0,0,0,24,Active,Not Churned
CUST_3176,51,Male,Europe,2023-12-11,Standard,14.31,Credit Card,Yes,Annual,7.8,Sci-Fi,5,4,5,2,0,26,Active,Not Churned
CUST_3177,43,Other,Latin America,2025-11-06,Standard,13.36,PayPal,Yes,Annual,11.5,Action,3,5,9,1,0,17,Churned,Switched to competitor
CUST_3178,29,Female,North America,2021-05-31,Premium,20.9,Credit Card,Yes,Annual,8.9,Anime,4,9,3,0,1,8,Active,Not Churned
CUST_3179,23,Male,Latin America,2025-11-08,Basic,7.79,PayPal,Yes,Annual,7.4,Thriller,2,5,9,1,1,18,Active,Not Churned
CUST_3180,18,Male,Asia Pacific,2022-05-16,Premium,20.51,Direct Debit,Yes,Annual,20.7,Family,4,12,14,1,0,0,Active,Not Churned
CUST_3181,36,Male,North America,2021-11-15,Premium,20.0,PayPal,No,Monthly,15.1,Thriller,4,8,11,2,1,16,Active,Not Churned
CUST_3182,18,Female,Middle East & Africa,2025-05-11,Premium,20.36,PayPal,Yes,Monthly,19.0,Drama,4,11,11,0,2,12,Active,Not Churned
CUST_3183,30,Male,Middle East & Africa,2021-08-10,Premium,19.75,Digital Wallet,Yes,Monthly,28.9,Sci-Fi,3,19,20,2,0,5,Active,Not Churned
CUST_3184,39,Female,Europe,2025-12-29,Basic,8.21,Direct Debit,Yes,Monthly,16.1,Action,2,10,15,3,0,18,Active,Not Churned
CUST_3185,24,Male,Asia Pacific,2024-01-09,Standard,13.9,Direct Debit,Yes,Monthly,6.7,Comedy,2,7,4,1,3,32,Active,Not Churned
CUST_3186,33,Female,North America,2023-09-18,Basic,8.54,Credit Card,No,Annual,4.6,Sci-Fi,6,4,7,0,1,24,Active,Not Churned
CUST_3187,29,Male,Asia Pacific,2021-05-21,Premium,20.14,Direct Debit,Yes,Annual,8.1,Documentary,5,4,9,0,0,15,Active,Not Churned
CUST_3188,39,Male,North America,2024-03-31,Standard,14.32,PayPal,No,Monthly,11.6,Drama,3,6,10,2,2,36,Active,Not Churned
CUST_3189,34,Male,Europe,2023-12-18,Basic,7.23,Digital Wallet,Yes,Annual,6.5,Comedy,2,3,11,1,0,22,Active,Not Churned
CUST_3190,27,Female,Europe,2024-11-10,Premium,19.96,Direct Debit,Yes,Monthly,7.2,Thriller,5,5,4,1,1,12,Active,Not Churned
CUST_3191,20,Female,Europe,2025-06-18,Basic,8.13,Carrier Billing,Yes,Monthly,18.1,Anime,1,13,11,0,1,10,Active,Not Churned
CUST_3192,53,Male,North America,2025-08-29,Standard,14.07,Direct Debit,Yes,Annual,7.1,Anime,4,5,4,1,1,12,Active,Not Churned
CUST_3193,27,Male,Asia Pacific,2024-09-30,Standard,14.33,Credit Card,Yes,Annual,11.1,Sci-Fi,5,6,10,2,0,20,Active,Not Churned
CUST_3194,25,Male,North America,2021-01-18,Basic,7.86,Direct Debit,No,Annual,10.3,Sci-Fi,4,5,7,1,1,19,Active,Not Churned
CUST_3195,46,Male,North America,2024-10-25,Standard,14.01,Digital Wallet,Yes,Monthly,2.7,Comedy,2,3,1,0,1,29,Active,Not Churned
CUST_3196,32,Female,Europe,2024-06-30,Premium,20.4,Credit Card,Yes,Monthly,19.5,Action,3,9,18,0,1,22,Active,Not Churned
CUST_3197,43,Male,Latin America,2025-07-10,Basic,7.19,Credit Card,Yes,Monthly,3.7,Anime,1,1,9,1,1,27,Active,Not Churned
CUST_3198,34,Male,Europe,2023-10-05,Standard,14.2,Credit Card,Yes,Annual,3.6,Thriller,3,5,3,0,1,19,Active,Not Churned
CUST_3199,36,Male,Latin America,2023-03-14,Basic,7.87,Direct Debit,Yes,Annual,5.9,Family,3,4,1,1,1,30,Active,Not Churned
CUST_3200,39,Female,Middle East & Africa,2021-10-23,Standard,13.67,Credit Card,Yes,Annual,5.3,Action,2,4,11,1,1,19,Active,Not Churned
CUST_3201,33,Female,Middle East & Africa,2023-09-21,Basic,8.11,Digital Wallet,Yes,Annual,16.0,Drama,6,9,12,0,1,15,Active,Not Churned
CUST_3202,24,Male,North America,2025-08-10,Premium,20.42,Direct Debit,Yes,Monthly,11.4,Documentary,2,9,10,0,0,17,Churned,Low usage
CUST_3203,29,Female,Middle East & Africa,2021-09-03,Premium,20.35,Direct Debit,No,Monthly,7.6,Sci-Fi,3,6,6,1,1,16,Active,Not Churned
CUST_3204,18,Female,Middle East & Africa,2024-05-18,Basic,7.94,Credit Card,No,Annual,2.8,Thriller,4,2,1,0,0,23,Active,Not Churned
CUST_3205,40,Male,North America,2023-07-24,Basic,8.3,PayPal,No,Annual,10.1,Comedy,4,5,6,1,0,22,Active,Not Churned
CUST_3206,26,Female,Middle East & Africa,2022-11-23,Standard,14.29,Credit Card,No,Monthly,7.4,Anime,6,5,8,2,3,37,Active,Not Churned
CUST_3207,21,Male,Middle East & Africa,2022-10-01,Standard,13.96,PayPal,Yes,Monthly,11.6,Family,4,8,7,1,1,9,Active,Not Churned
CUST_3208,40,Male,Latin America,2021-02-22,Standard,13.75,Credit Card,Yes,Annual,10.1,Documentary,5,6,9,1,1,20,Active,Not Churned
CUST_3209,34,Other,Asia Pacific,2022-08-19,Basic,7.77,PayPal,Yes,Monthly,4.7,Drama,2,4,5,1,1,34,Active,Not Churned
CUST_3210,45,Female,Middle East & Africa,2023-09-08,Basic,8.28,PayPal,No,Monthly,11.7,Thriller,3,7,5,2,5,34,Active,Not Churned
CUST_3211,18,Male,North America,2023-12-11,Premium,19.98,PayPal,Yes,Monthly,5.4,Action,4,4,10,1,1,23,Active,Not Churned
CUST_3212,30,Female,Latin America,2025-03-31,Standard,13.62,PayPal,No,Annual,7.3,Action,5,4,8,1,0,22,Active,Not Churned
CUST_3213,28,Male,Middle East & Africa,2025-07-18,Premium,19.4,Digital Wallet,Yes,Monthly,9.1,Comedy,2,8,8,3,1,23,Churned,Lack of content
CUST_3214,42,Male,Asia Pacific,2025-04-15,Standard,14.28,Digital Wallet,Yes,Monthly,8.4,Sci-Fi,6,5,8,1,2,28,Churned,Payment issues
CUST_3215,36,Female,Europe,2022-07-22,Premium,19.8,Direct Debit,Yes,Monthly,5.2,Documentary,5,4,0,0,3,37,Churned,Technical issues
CUST_3216,50,Male,Europe,2025-11-13,Basic,8.11,Credit Card,No,Monthly,15.5,Thriller,4,6,9,2,1,30,Active,Not Churned
CUST_3217,51,Male,Middle East & Africa,2023-01-27,Basic,8.42,Credit Card,Yes,Monthly,4.7,Anime,7,3,0,1,2,18,Active,Not Churned
CUST_3218,41,Male,Latin America,2021-12-20,Premium,19.53,Digital Wallet,Yes,Monthly,4.3,Documentary,2,2,5,0,0,14,Churned,Payment issues
CUST_3219,37,Female,Asia Pacific,2021-01-19,Premium,19.97,Direct Debit,Yes,Annual,11.6,Family,3,6,9,1,0,15,Active,Not Churned
CUST_3220,20,Male,North America,2025-01-29,Basic,7.93,Direct Debit,Yes,Annual,21.8,Action,3,17,14,0,1,0,Active,Not Churned
CUST_3221,40,Female,Asia Pacific,2024-03-24,Standard,14.12,Credit Card,Yes,Annual,2.7,Thriller,2,3,7,0,2,36,Active,Not Churned
CUST_3222,55,Male,Europe,2024-12-06,Standard,14.42,Digital Wallet,Yes,Annual,4.8,Sci-Fi,2,6,0,1,2,12,Active,Not Churned
CUST_3223,47,Female,Middle East & Africa,2021-10-21,Standard,13.52,Credit Card,Yes,Monthly,13.9,Comedy,3,10,7,2,2,15,Active,Not Churned
CUST_3224,28,Female,Asia Pacific,2024-11-20,Basic,8.19,PayPal,No,Monthly,8.1,Drama,1,7,8,1,0,12,Active,Not Churned
CUST_3225,31,Female,Asia Pacific,2023-09-07,Premium,20.35,Credit Card,Yes,Monthly,5.3,Family,3,4,6,2,1,14,Active,Not Churned
CUST_3226,52,Female,Middle East & Africa,2022-11-20,Basic,7.92,PayPal,Yes,Monthly,7.1,Anime,3,8,2,0,0,23,Active,Not Churned
CUST_3227,23,Male,Latin America,2023-10-13,Standard,13.94,Credit Card,Yes,Monthly,19.5,Anime,6,13,16,3,2,9,Active,Not Churned
CUST_3228,37,Female,Asia Pacific,2023-10-02,Basic,8.14,Credit Card,Yes,Monthly,16.5,Drama,4,10,16,2,1,29,Active,Not Churned
CUST_3229,27,Male,Asia Pacific,2024-09-24,Basic,8.11,Credit Card,Yes,Monthly,29.7,Thriller,3,17,20,0,3,15,Active,Not Churned
CUST_3230,29,Male,Middle East & Africa,2024-09-04,Standard,14.19,Credit Card,Yes,Monthly,12.7,Sci-Fi,3,8,4,0,3,20,Active,Not Churned
CUST_3231,38,Female,Middle East & Africa,2021-07-19,Basic,8.19,Credit Card,Yes,Monthly,5.8,Action,7,4,6,1,0,8,Active,Not Churned
CUST_3232,40,Female,Asia Pacific,2021-05-07,Standard,13.65,PayPal,Yes,Monthly,13.8,Action,1,8,11,2,1,16,Active,Not Churned
CUST_3233,29,Female,Europe,2023-04-10,Basic,8.34,Credit Card,Yes,Monthly,5.0,Family,2,5,4,3,0,39,Active,Not Churned
CUST_3234,43,Male,Latin America,2024-01-12,Premium,20.4,Credit Card,No,Monthly,9.4,Action,3,9,11,2,0,18,Active,Not Churned
CUST_3235,41,Female,North America,2025-07-12,Standard,14.06,Credit Card,No,Monthly,5.8,Thriller,5,2,5,1,1,27,Churned,Payment issues
CUST_3236,42,Female,Europe,2024-05-24,Premium,19.47,PayPal,Yes,Annual,14.0,Action,3,11,16,0,0,5,Active,Not Churned
CUST_3237,36,Male,North America,2024-03-25,Basic,7.95,Direct Debit,Yes,Annual,11.4,Documentary,3,7,11,1,1,26,Active,Not Churned
CUST_3238,49,Female,Latin America,2023-06-25,Basic,8.06,PayPal,Yes,Monthly,5.3,Drama,2,6,6,2,1,25,Active,Not Churned
CUST_3239,24,Female,North America,2021-10-18,Standard,13.59,PayPal,Yes,Monthly,15.5,Sci-Fi,3,9,13,0,3,20,Active,Not Churned
CUST_3240,36,Male,Asia Pacific,2025-06-17,Standard,13.86,Digital Wallet,No,Monthly,18.2,Action,4,11,17,0,0,18,Active,Not Churned
CUST_3241,30,Female,Middle East & Africa,2021-11-15,Basic,7.5,PayPal,No,Monthly,5.8,Thriller,3,4,8,0,1,31,Active,Not Churned
CUST_3242,38,Other,Europe,2025-03-02,Basic,8.2,PayPal,No,Monthly,10.2,Drama,3,3,7,0,2,30,Churned,Switched to competitor
CUST_3243,45,Female,Latin America,2023-05-22,Standard,14.05,PayPal,Yes,Monthly,18.8,Thriller,2,14,10,1,2,0,Active,Not Churned
CUST_3244,21,Male,North America,2025-07-06,Basic,7.41,Credit Card,Yes,Monthly,9.7,Thriller,6,5,4,2,1,17,Active,Not Churned
CUST_3245,34,Male,North America,2021-08-12,Standard,14.11,PayPal,No,Monthly,7.3,Sci-Fi,2,5,0,1,1,18,Churned,Switched to competitor
CUST_3246,29,Male,North America,2025-01-11,Basic,7.97,Credit Card,Yes,Annual,7.6,Family,2,3,7,0,1,25,Active,Not Churned
CUST_3247,46,Male,Latin America,2022-08-23,Basic,8.17,Credit Card,Yes,Monthly,5.8,Anime,3,2,4,0,0,35,Active,Not Churned
CUST_3248,50,Male,Asia Pacific,2024-05-24,Standard,13.85,Direct Debit,No,Monthly,15.8,Drama,3,9,10,0,1,29,Active,Not Churned
CUST_3249,23,Male,Latin America,2023-01-07,Standard,13.71,Credit Card,Yes,Annual,14.7,Comedy,3,8,13,2,2,23,Active,Not Churned
CUST_3250,40,Male,Europe,2025-10-25,Basic,7.72,PayPal,Yes,Monthly,24.1,Drama,1,11,15,2,1,18,Active,Not Churned
CUST_3251,67,Female,North America,2025-03-16,Standard,13.8,Direct Debit,Yes,Monthly,5.7,Documentary,5,4,11,2,1,15,Active,Not Churned
CUST_3252,36,Male,Asia Pacific,2022-08-15,Standard,14.0,Digital Wallet,No,Monthly,6.3,Thriller,1,2,4,1,2,27,Churned,Too expensive
CUST_3253,34,Female,North America,2022-10-23,Standard,14.04,Direct Debit,Yes,Annual,3.6,Action,2,4,1,0,0,18,Active,Not Churned
CUST_3254,38,Female,Asia Pacific,2025-11-15,Standard,13.92,Digital Wallet,Yes,Annual,11.7,Drama,2,7,5,3,1,17,Active,Not Churned
CUST_3255,43,Other,Middle East & Africa,2021-12-12,Premium,19.84,Credit Card,Yes,Monthly,5.7,Action,2,1,7,0,3,36,Churned,Technical issues
CUST_3256,48,Male,Asia Pacific,2022-05-08,Standard,13.87,Credit Card,Yes,Annual,24.1,Documentary,3,13,19,0,0,3,Active,Not Churned
CUST_3257,50,Female,Asia Pacific,2025-10-06,Premium,20.87,PayPal,Yes,Monthly,6.6,Anime,2,6,4,3,0,8,Churned,Switched to competitor
CUST_3258,24,Female,North America,2021-12-19,Premium,19.72,PayPal,Yes,Monthly,3.9,Drama,2,2,1,0,2,34,Churned,Lack of content
CUST_3259,46,Male,Europe,2023-01-12,Basic,7.79,Credit Card,Yes,Monthly,3.6,Anime,6,4,9,0,2,34,Churned,Too expensive
CUST_3260,33,Female,Asia Pacific,2025-05-13,Standard,15.14,Direct Debit,Yes,Annual,10.2,Comedy,3,7,3,1,1,21,Active,Not Churned
CUST_3261,32,Female,Asia Pacific,2021-12-10,Standard,14.14,PayPal,No,Monthly,8.3,Documentary,6,4,10,1,0,22,Active,Not Churned
CUST_3262,31,Female,Asia Pacific,2025-04-23,Premium,19.51,Direct Debit,Yes,Monthly,6.5,Thriller,3,5,4,2,0,16,Active,Not Churned
CUST_3263,41,Male,Middle East & Africa,2025-10-07,Standard,14.28,Digital Wallet,Yes,Monthly,8.0,Drama,1,7,8,2,1,15,Active,Not Churned
CUST_3264,29,Female,North America,2022-03-26,Basic,7.67,Credit Card,Yes,Monthly,5.4,Anime,4,3,8,2,3,38,Active,Not Churned
CUST_3265,48,Female,Europe,2025-01-11,Standard,14.31,Credit Card,Yes,Monthly,11.5,Anime,5,7,10,0,0,11,Active,Not Churned
CUST_3266,33,Male,North America,2022-11-01,Basic,7.92,Direct Debit,Yes,Annual,3.8,Comedy,3,5,3,0,1,36,Active,Not Churned
CUST_3267,42,Male,Europe,2023-10-02,Standard,13.84,PayPal,No,Monthly,9.4,Comedy,4,5,11,0,1,28,Active,Not Churned
CUST_3268,40,Male,North America,2021-09-16,Standard,14.55,Digital Wallet,No,Monthly,9.6,Family,4,7,8,0,1,21,Active,Not Churned
CUST_3269,24,Female,Europe,2024-02-12,Standard,14.19,Credit Card,No,Monthly,8.4,Action,5,4,18,0,2,44,Active,Not Churned
CUST_3270,25,Female,Europe,2021-12-22,Premium,20.33,PayPal,Yes,Monthly,12.1,Documentary,3,7,4,1,0,27,Active,Not Churned
CUST_3271,41,Male,Latin America,2024-06-30,Standard,14.14,Direct Debit,Yes,Monthly,8.0,Thriller,3,6,1,0,1,17,Churned,Lack of content
CUST_3272,20,Male,Middle East & Africa,2022-10-22,Standard,13.83,Direct Debit,No,Annual,12.6,Family,2,3,12,1,0,17,Active,Not Churned
CUST_3273,35,Female,Asia Pacific,2025-06-06,Standard,14.2,Credit Card,No,Monthly,8.4,Documentary,2,5,7,1,1,20,Churned,Lack of content
CUST_3274,29,Male,Latin America,2021-10-21,Premium,20.41,Direct Debit,Yes,Monthly,17.4,Comedy,5,11,14,0,0,9,Active,Not Churned
CUST_3275,30,Female,Europe,2023-02-17,Premium,20.04,PayPal,Yes,Monthly,10.7,Action,6,7,5,3,1,16,Active,Not Churned
CUST_3276,38,Male,Europe,2021-09-20,Basic,8.62,Digital Wallet,Yes,Annual,14.9,Anime,1,8,10,1,1,10,Active,Not Churned
CUST_3277,47,Male,North America,2021-03-12,Standard,14.29,Direct Debit,Yes,Annual,6.2,Thriller,1,3,7,3,1,30,Active,Not Churned
CUST_3278,39,Male,Europe,2022-09-04,Basic,8.06,Credit Card,Yes,Annual,4.1,Comedy,5,5,3,1,0,27,Churned,Payment issues
CUST_3279,20,Female,Latin America,2025-10-25,Premium,20.08,PayPal,Yes,Monthly,13.8,Sci-Fi,5,8,10,1,1,31,Churned,Switched to competitor
CUST_3280,34,Male,Asia Pacific,2025-01-02,Standard,14.04,Credit Card,Yes,Monthly,8.5,Drama,2,7,3,1,1,20,Active,Not Churned
CUST_3281,42,Male,North America,2024-10-22,Standard,13.55,Direct Debit,No,Monthly,2.1,Drama,4,3,4,1,1,30,Active,Not Churned
CUST_3282,31,Male,Latin America,2025-05-19,Basic,7.96,Carrier Billing,Yes,Monthly,4.9,Thriller,1,3,9,0,3,16,Active,Not Churned
CUST_3283,33,Female,North America,2021-12-20,Basic,8.07,Direct Debit,No,Monthly,9.5,Drama,4,8,4,1,2,26,Active,Not Churned
CUST_3284,29,Female,North America,2022-05-26,Standard,13.84,PayPal,No,Annual,8.1,Anime,4,4,3,0,2,18,Active,Not Churned
CUST_3285,45,Male,North America,2022-06-20,Basic,8.11,Credit Card,No,Annual,4.7,Comedy,3,6,8,2,2,26,Churned,Low usage
CUST_3286,24,Female,Asia Pacific,2025-08-17,Basic,8.0,Credit Card,Yes,Monthly,7.8,Sci-Fi,2,8,2,2,1,18,Churned,Too expensive
CUST_3287,30,Female,Europe,2025-11-04,Premium,20.26,Digital Wallet,Yes,Monthly,10.5,Anime,2,9,10,1,1,14,Active,Not Churned
CUST_3288,23,Female,Middle East & Africa,2021-01-12,Standard,14.22,PayPal,Yes,Monthly,3.0,Thriller,1,3,4,2,0,15,Active,Not Churned
CUST_3289,42,Other,North America,2024-03-23,Basic,8.05,Direct Debit,Yes,Monthly,14.7,Comedy,2,13,9,2,0,3,Churned,Too expensive
CUST_3290,24,Female,Middle East & Africa,2022-07-01,Basic,7.51,Digital Wallet,Yes,Monthly,16.5,Drama,6,10,15,2,0,7,Active,Not Churned
CUST_3291,27,Male,North America,2022-03-07,Premium,20.62,Credit Card,Yes,Monthly,6.9,Comedy,4,5,9,2,0,18,Active,Not Churned
CUST_3292,31,Female,Middle East & Africa,2023-12-06,Standard,13.94,Digital Wallet,Yes,Monthly,22.0,Documentary,4,12,15,0,1,18,Active,Not Churned
CUST_3293,35,Male,North America,2021-07-27,Standard,13.96,Credit Card,Yes,Monthly,8.1,Drama,1,4,0,1,4,27,Churned,Lack of content
CUST_3294,30,Female,North America,2025-06-23,Basic,7.87,Direct Debit,Yes,Monthly,5.2,Action,3,6,7,2,2,19,Active,Not Churned
CUST_3295,34,Male,Europe,2022-08-20,Basic,7.82,Credit Card,No,Annual,5.1,Drama,7,3,2,1,3,34,Active,Not Churned
CUST_3296,18,Female,Europe,2025-06-09,Basic,8.53,Carrier Billing,No,Monthly,20.5,Family,1,13,13,1,3,15,Active,Not Churned
CUST_3297,41,Male,Latin America,2021-07-17,Standard,14.48,PayPal,Yes,Annual,4.6,Drama,2,6,5,1,1,35,Active,Not Churned
CUST_3298,37,Male,Middle East & Africa,2024-11-18,Basic,8.15,PayPal,No,Monthly,8.6,Documentary,2,7,12,0,1,25,Active,Not Churned
CUST_3299,35,Female,Europe,2021-03-26,Basic,7.95,Direct Debit,Yes,Monthly,9.3,Family,3,5,6,1,2,11,Active,Not Churned
CUST_3300,18,Female,Europe,2023-02-13,Standard,14.21,Carrier Billing,Yes,Monthly,12.6,Comedy,2,7,5,2,0,24,Active,Not Churned
CUST_3301,34,Female,Europe,2021-12-25,Premium,20.02,Credit Card,Yes,Annual,10.2,Comedy,3,2,12,0,1,32,Active,Not Churned
CUST_3302,27,Female,Middle East & Africa,2025-06-19,Standard,13.92,Digital Wallet,Yes,Monthly,20.4,Sci-Fi,4,11,15,0,2,25,Active,Not Churned
CUST_3303,28,Female,North America,2022-07-21,Standard,14.11,Carrier Billing,Yes,Monthly,22.5,Family,4,14,17,1,0,4,Active,Not Churned
CUST_3304,34,Male,Europe,2021-02-11,Standard,13.84,PayPal,No,Monthly,17.9,Drama,4,10,16,0,0,19,Active,Not Churned
CUST_3305,46,Female,North America,2024-07-07,Standard,14.08,Credit Card,Yes,Annual,10.5,Documentary,2,6,13,0,0,16,Active,Not Churned
CUST_3306,52,Other,Europe,2021-03-16,Basic,8.06,Credit Card,Yes,Monthly,13.3,Comedy,5,8,7,1,1,20,Active,Not Churned
CUST_3307,46,Male,Europe,2024-09-14,Standard,14.2,PayPal,Yes,Monthly,7.2,Comedy,2,7,2,1,0,10,Active,Not Churned
CUST_3308,33,Female,Latin America,2024-06-09,Standard,13.77,Carrier Billing,Yes,Annual,15.7,Action,3,9,13,1,1,6,Active,Not Churned
CUST_3309,50,Male,Europe,2024-08-05,Standard,14.24,Digital Wallet,Yes,Monthly,6.1,Anime,3,8,5,0,0,21,Churned,Payment issues
CUST_3310,49,Male,Middle East & Africa,2021-12-17,Premium,19.67,PayPal,Yes,Annual,6.3,Action,5,4,5,1,0,23,Active,Not Churned
CUST_3311,35,Male,Asia Pacific,2024-06-04,Premium,19.79,Credit Card,Yes,Annual,6.3,Anime,4,5,2,2,1,15,Active,Not Churned
CUST_3312,18,Male,Europe,2025-12-23,Basic,7.8,Direct Debit,Yes,Annual,11.0,Thriller,5,6,10,2,1,28,Active,Not Churned
CUST_3313,25,Female,North America,2021-11-23,Standard,13.61,Credit Card,Yes,Monthly,19.1,Drama,3,15,14,0,2,0,Active,Not Churned
CUST_3314,18,Male,North America,2023-08-25,Basic,8.35,Direct Debit,Yes,Monthly,19.2,Sci-Fi,3,11,12,1,2,9,Active,Not Churned
CUST_3315,29,Male,Asia Pacific,2022-08-31,Standard,13.65,PayPal,No,Monthly,2.2,Comedy,4,6,0,1,0,8,Churned,Switched to competitor
CUST_3316,35,Other,Latin America,2021-09-19,Basic,7.75,Direct Debit,No,Monthly,13.8,Documentary,5,8,13,1,1,26,Active,Not Churned
CUST_3317,18,Male,Europe,2021-06-16,Basic,8.43,Credit Card,Yes,Annual,4.1,Thriller,1,6,5,0,0,15,Active,Not Churned
CUST_3318,43,Female,Europe,2025-10-09,Standard,13.79,Credit Card,Yes,Monthly,27.3,Comedy,3,15,20,2,1,7,Active,Not Churned
CUST_3319,36,Other,Middle East & Africa,2024-11-27,Standard,13.92,Credit Card,Yes,Annual,4.0,Documentary,2,5,0,1,3,29,Active,Not Churned
CUST_3320,18,Female,Europe,2022-07-19,Premium,19.64,Digital Wallet,Yes,Monthly,4.4,Action,3,2,5,0,3,36,Churned,Lack of content
CUST_3321,36,Female,North America,2022-03-04,Basic,8.28,Carrier Billing,No,Annual,13.9,Anime,3,9,7,2,1,22,Active,Not Churned
CUST_3322,18,Other,North America,2022-05-29,Basic,8.29,Carrier Billing,No,Monthly,6.3,Sci-Fi,7,3,6,2,2,35,Active,Not Churned
CUST_3323,55,Male,Latin America,2022-06-12,Standard,14.25,Direct Debit,Yes,Monthly,6.7,Action,6,5,9,1,0,19,Churned,Low usage
CUST_3324,21,Other,Asia Pacific,2021-08-30,Basic,8.18,PayPal,No,Annual,4.8,Thriller,2,1,6,2,1,37,Active,Not Churned
CUST_3325,25,Female,Latin America,2023-10-05,Basic,8.02,Credit Card,No,Monthly,5.4,Comedy,3,4,5,0,2,21,Active,Not Churned
CUST_3326,30,Male,Asia Pacific,2025-06-28,Premium,19.81,Direct Debit,Yes,Monthly,16.3,Thriller,6,12,11,0,0,5,Active,Not Churned
CUST_3327,35,Female,North America,2024-09-08,Basic,7.7,Credit Card,Yes,Monthly,4.2,Comedy,2,5,0,3,1,14,Active,Not Churned
CUST_3328,30,Male,North America,2024-10-26,Basic,8.44,Direct Debit,Yes,Monthly,7.3,Comedy,3,3,3,1,2,40,Churned,Technical issues
CUST_3329,18,Male,North America,2025-06-02,Standard,14.26,Credit Card,Yes,Monthly,4.6,Sci-Fi,1,1,8,1,0,21,Active,Not Churned
CUST_3330,35,Male,North America,2024-12-15,Standard,13.75,Credit Card,Yes,Annual,9.1,Comedy,1,7,5,0,1,28,Active,Not Churned
CUST_3331,28,Male,Asia Pacific,2021-11-23,Standard,14.0,Direct Debit,No,Annual,6.7,Action,4,8,9,0,0,19,Active,Not Churned
CUST_3332,28,Male,Latin America,2023-01-12,Standard,13.88,Digital Wallet,No,Monthly,11.1,Sci-Fi,2,5,11,2,1,25,Active,Not Churned
CUST_3333,50,Male,Asia Pacific,2022-04-10,Premium,19.6,PayPal,Yes,Monthly,13.2,Action,1,12,12,3,0,14,Active,Not Churned
CUST_3334,30,Female,Middle East & Africa,2024-02-19,Basic,8.05,Credit Card,Yes,Monthly,18.5,Action,2,11,13,0,1,4,Active,Not Churned
CUST_3335,31,Female,Middle East & Africa,2025-11-26,Standard,13.84,Direct Debit,Yes,Monthly,26.3,Sci-Fi,4,11,15,0,1,23,Active,Not Churned
CUST_3336,35,Male,Middle East & Africa,2024-06-21,Standard,13.66,PayPal,Yes,Monthly,5.8,Documentary,2,2,5,2,0,25,Active,Not Churned
CUST_3337,39,Female,Latin America,2021-11-06,Premium,19.47,Direct Debit,Yes,Monthly,14.0,Family,4,10,12,0,1,20,Active,Not Churned
CUST_3338,37,Female,Asia Pacific,2025-12-05,Standard,13.44,Digital Wallet,Yes,Monthly,6.6,Drama,3,5,0,2,1,20,Active,Not Churned
CUST_3339,18,Male,Europe,2023-12-16,Standard,13.86,Credit Card,Yes,Monthly,11.8,Sci-Fi,3,10,12,3,0,5,Active,Not Churned
CUST_3340,31,Male,North America,2023-10-11,Basic,7.96,Credit Card,Yes,Monthly,10.8,Family,2,5,6,3,1,39,Active,Not Churned
CUST_3341,30,Male,Middle East & Africa,2022-01-13,Basic,7.68,PayPal,Yes,Annual,10.6,Action,3,7,8,0,1,14,Active,Not Churned
CUST_3342,22,Male,Europe,2022-05-11,Basic,8.22,Credit Card,Yes,Monthly,12.5,Comedy,5,8,9,0,1,20,Active,Not Churned
CUST_3343,21,Male,North America,2025-02-11,Standard,13.97,Credit Card,No,Monthly,9.5,Drama,4,6,7,0,1,0,Active,Not Churned
CUST_3344,45,Female,North America,2021-08-07,Basic,8.19,PayPal,No,Monthly,6.3,Anime,2,4,2,1,1,24,Active,Not Churned
CUST_3345,35,Male,North America,2022-01-13,Standard,13.93,PayPal,Yes,Monthly,9.2,Family,3,5,8,2,1,28,Active,Not Churned
CUST_3346,28,Male,Latin America,2022-03-20,Basic,7.71,PayPal,Yes,Annual,24.6,Anime,4,14,17,0,3,11,Active,Not Churned
CUST_3347,37,Male,Middle East & Africa,2025-05-16,Premium,20.03,Direct Debit,No,Annual,7.5,Thriller,3,6,0,0,1,19,Active,Not Churned
CUST_3348,46,Male,Europe,2021-02-16,Premium,19.55,Digital Wallet,Yes,Annual,8.6,Documentary,4,6,3,0,1,19,Active,Not Churned
CUST_3349,39,Male,Latin America,2021-07-31,Basic,8.18,Digital Wallet,No,Monthly,4.9,Anime,3,6,7,1,0,25,Active,Not Churned
CUST_3350,47,Male,Asia Pacific,2021-09-20,Basic,7.66,PayPal,Yes,Annual,2.0,Comedy,2,1,5,0,0,18,Active,Not Churned
CUST_3351,37,Female,Europe,2021-10-07,Basic,8.31,Direct Debit,No,Monthly,7.7,Documentary,4,2,7,0,0,23,Active,Not Churned
CUST_3352,41,Male,Europe,2023-07-23,Premium,19.87,PayPal,Yes,Monthly,13.5,Action,4,10,7,3,2,28,Active,Not Churned
CUST_3353,32,Male,Europe,2025-06-16,Basic,8.36,Direct Debit,Yes,Monthly,4.4,Action,3,2,7,0,1,16,Active,Not Churned
CUST_3354,46,Female,North America,2021-01-10,Standard,13.6,PayPal,Yes,Annual,17.6,Documentary,1,10,8,1,2,15,Active,Not Churned
CUST_3355,51,Other,Asia Pacific,2025-09-02,Standard,13.75,Credit Card,Yes,Annual,11.0,Family,5,6,8,0,3,16,Active,Not Churned
CUST_3356,36,Female,North America,2021-06-25,Premium,20.12,PayPal,Yes,Monthly,16.4,Documentary,4,9,7,2,3,23,Active,Not Churned
CUST_3357,21,Male,Middle East & Africa,2022-04-29,Standard,14.4,Digital Wallet,Yes,Monthly,10.4,Drama,2,4,7,1,0,23,Active,Not Churned
CUST_3358,35,Female,Latin America,2021-04-02,Standard,14.57,Credit Card,No,Monthly,7.9,Thriller,3,4,3,0,0,15,Active,Not Churned
CUST_3359,33,Male,Europe,2025-10-22,Premium,20.0,Direct Debit,Yes,Annual,8.4,Sci-Fi,7,7,9,0,2,20,Active,Not Churned
CUST_3360,41,Female,Asia Pacific,2023-08-21,Basic,8.63,Credit Card,Yes,Annual,9.4,Drama,2,6,8,0,0,19,Active,Not Churned
CUST_3361,30,Female,Europe,2024-08-03,Premium,19.89,Direct Debit,Yes,Monthly,12.0,Anime,3,8,7,1,2,15,Active,Not Churned
CUST_3362,35,Female,Middle East & Africa,2021-02-14,Basic,8.37,PayPal,Yes,Monthly,5.8,Action,3,4,8,3,0,22,Active,Not Churned
CUST_3363,40,Male,Asia Pacific,2023-12-31,Standard,13.66,Direct Debit,Yes,Annual,7.8,Drama,4,7,3,0,4,19,Active,Not Churned
CUST_3364,27,Female,Middle East & Africa,2023-07-17,Premium,20.14,Carrier Billing,No,Monthly,23.9,Documentary,2,13,15,0,3,0,Active,Not Churned
CUST_3365,37,Other,Latin America,2022-10-16,Standard,13.17,Credit Card,Yes,Monthly,9.3,Family,2,2,5,1,0,33,Churned,Payment issues
CUST_3366,36,Female,Latin America,2024-01-24,Standard,13.6,Direct Debit,No,Annual,9.8,Comedy,2,7,10,0,1,27,Active,Not Churned
CUST_3367,18,Female,Asia Pacific,2022-07-31,Basic,8.15,Credit Card,Yes,Monthly,18.9,Drama,4,12,14,1,2,0,Active,Not Churned
CUST_3368,33,Male,Asia Pacific,2022-02-15,Standard,13.53,Digital Wallet,Yes,Annual,10.7,Drama,5,6,12,1,1,30,Active,Not Churned
CUST_3369,19,Female,Europe,2024-10-06,Standard,14.14,PayPal,No,Annual,8.7,Anime,3,8,7,1,0,19,Active,Not Churned
CUST_3370,48,Male,North America,2025-08-12,Standard,14.31,Credit Card,No,Monthly,14.8,Action,3,7,1,0,2,12,Active,Not Churned
CUST_3371,28,Male,Asia Pacific,2025-01-26,Standard,13.81,Direct Debit,Yes,Monthly,13.0,Documentary,3,9,8,0,2,15,Active,Not Churned
CUST_3372,29,Male,Latin America,2025-11-23,Basic,7.65,Direct Debit,No,Annual,9.3,Anime,5,9,12,1,0,9,Active,Not Churned
CUST_3373,42,Female,North America,2023-03-02,Basic,7.82,PayPal,Yes,Monthly,9.7,Documentary,3,6,6,0,0,25,Churned,Too expensive
CUST_3374,18,Male,Asia Pacific,2025-08-15,Basic,7.65,Digital Wallet,Yes,Annual,6.7,Comedy,6,4,0,1,0,16,Active,Not Churned
CUST_3375,22,Male,Europe,2025-07-06,Standard,13.95,Digital Wallet,Yes,Monthly,4.5,Action,6,4,6,0,1,38,Churned,Lack of content
CUST_3376,47,Male,Europe,2025-07-09,Basic,8.03,PayPal,Yes,Annual,11.3,Family,5,10,10,1,2,24,Active,Not Churned
CUST_3377,33,Male,North America,2021-10-12,Premium,19.88,Direct Debit,No,Monthly,4.8,Thriller,5,5,2,1,1,14,Churned,Switched to competitor
CUST_3378,19,Male,Asia Pacific,2021-05-27,Standard,14.58,Credit Card,Yes,Monthly,4.6,Sci-Fi,3,8,4,1,0,27,Active,Not Churned
CUST_3379,26,Female,Asia Pacific,2023-11-08,Basic,7.74,Credit Card,Yes,Monthly,7.1,Drama,4,6,3,2,0,26,Active,Not Churned
CUST_3380,20,Female,Europe,2022-08-18,Standard,14.48,Carrier Billing,Yes,Monthly,7.3,Family,3,4,8,0,2,24,Active,Not Churned
CUST_3381,27,Male,Europe,2023-01-25,Premium,19.63,Credit Card,Yes,Monthly,14.0,Comedy,2,7,10,2,1,25,Active,Not Churned
CUST_3382,30,Female,Europe,2022-04-18,Basic,8.02,Credit Card,Yes,Annual,13.9,Thriller,2,9,6,1,1,22,Active,Not Churned
CUST_3383,51,Female,North America,2021-12-06,Basic,8.4,Direct Debit,No,Monthly,23.7,Drama,4,10,15,0,0,6,Active,Not Churned
CUST_3384,23,Male,Middle East & Africa,2021-12-22,Basic,8.39,PayPal,No,Monthly,2.5,Drama,3,2,1,0,2,34,Churned,Lack of content
CUST_3385,20,Female,North America,2025-05-29,Basic,7.84,Digital Wallet,Yes,Monthly,10.6,Comedy,1,6,12,0,1,17,Active,Not Churned
CUST_3386,31,Female,Europe,2023-12-01,Standard,14.18,Digital Wallet,Yes,Annual,11.0,Comedy,2,7,11,1,1,25,Active,Not Churned
CUST_3387,34,Female,Asia Pacific,2024-04-22,Premium,20.14,Credit Card,Yes,Monthly,11.6,Family,6,11,8,0,1,11,Active,Not Churned
CUST_3388,31,Male,Asia Pacific,2025-03-06,Basic,7.8,Digital Wallet,Yes,Monthly,11.3,Family,2,7,8,2,1,13,Active,Not Churned
CUST_3389,33,Male,Latin America,2025-12-01,Standard,14.21,Direct Debit,Yes,Monthly,13.4,Action,1,5,12,0,1,26,Active,Not Churned
CUST_3390,50,Female,Europe,2025-04-26,Basic,8.64,PayPal,Yes,Monthly,17.2,Thriller,4,8,11,0,0,12,Active,Not Churned
CUST_3391,23,Female,Asia Pacific,2025-06-17,Standard,14.16,PayPal,Yes,Monthly,10.4,Comedy,3,7,10,1,1,20,Active,Not Churned
CUST_3392,32,Male,Middle East & Africa,2022-02-09,Standard,14.19,Digital Wallet,Yes,Monthly,20.9,Anime,2,12,18,0,0,11,Active,Not Churned
CUST_3393,48,Male,North America,2021-01-24,Standard,14.23,Credit Card,No,Monthly,10.5,Drama,2,10,6,3,1,27,Active,Not Churned
CUST_3394,51,Female,Europe,2022-11-14,Basic,7.48,Credit Card,Yes,Annual,6.1,Action,6,6,10,1,1,18,Active,Not Churned
CUST_3395,37,Male,North America,2023-03-18,Standard,14.15,PayPal,Yes,Monthly,10.0,Sci-Fi,4,8,12,1,0,10,Active,Not Churned
CUST_3396,18,Female,North America,2024-12-28,Premium,19.63,PayPal,Yes,Annual,6.6,Documentary,3,4,6,4,2,41,Churned,Low usage
CUST_3397,42,Male,North America,2021-10-12,Basic,7.78,Direct Debit,No,Monthly,4.8,Family,5,6,3,1,1,21,Active,Not Churned
CUST_3398,42,Male,North America,2024-11-11,Basic,8.75,Credit Card,Yes,Monthly,7.4,Family,4,4,7,1,5,28,Churned,Too expensive
CUST_3399,38,Male,Asia Pacific,2024-07-12,Basic,7.9,Direct Debit,Yes,Monthly,6.8,Thriller,5,7,5,0,2,23,Active,Not Churned
CUST_3400,30,Female,Latin America,2025-05-10,Standard,13.73,Digital Wallet,Yes,Monthly,17.7,Thriller,2,10,9,0,3,14,Active,Not Churned
CUST_3401,27,Female,Middle East & Africa,2023-10-13,Standard,14.39,PayPal,Yes,Monthly,8.1,Action,5,3,8,1,0,23,Active,Not Churned
CUST_3402,43,Female,Middle East & Africa,2021-06-24,Premium,19.66,PayPal,Yes,Monthly,6.2,Comedy,3,6,2,1,0,37,Active,Not Churned
CUST_3403,38,Male,Middle East & Africa,2024-12-15,Standard,13.83,Credit Card,No,Monthly,9.0,Documentary,4,9,6,0,0,6,Active,Not Churned
CUST_3404,45,Male,Asia Pacific,2021-07-28,Premium,20.43,Direct Debit,Yes,Annual,11.7,Sci-Fi,3,7,7,1,1,9,Active,Not Churned
CUST_3405,31,Other,Europe,2022-01-16,Premium,20.0,Direct Debit,No,Monthly,10.8,Drama,2,10,4,1,0,21,Active,Not Churned
CUST_3406,39,Female,Europe,2024-10-17,Basic,7.44,Direct Debit,No,Monthly,4.1,Drama,4,1,6,1,0,25,Churned,Lack of content
CUST_3407,24,Female,Middle East & Africa,2022-11-09,Standard,14.18,Digital Wallet,Yes,Monthly,18.7,Sci-Fi,2,9,12,1,0,16,Churned,Technical issues
CUST_3408,50,Female,Asia Pacific,2024-08-17,Basic,7.85,PayPal,Yes,Monthly,2.3,Thriller,3,2,7,2,1,33,Churned,Switched to competitor
CUST_3409,52,Female,Latin America,2024-11-23,Basic,8.53,PayPal,Yes,Monthly,8.7,Drama,1,5,6,1,0,9,Active,Not Churned
CUST_3410,34,Male,North America,2025-02-18,Premium,19.78,Digital Wallet,No,Monthly,6.0,Drama,2,3,4,0,1,33,Churned,Lack of content
CUST_3411,18,Male,Middle East & Africa,2022-10-10,Standard,14.36,Direct Debit,No,Annual,15.3,Family,5,9,8,0,2,13,Active,Not Churned
CUST_3412,46,Female,Asia Pacific,2025-09-26,Premium,20.61,Direct Debit,No,Monthly,12.6,Drama,5,7,9,1,2,34,Active,Not Churned
CUST_3413,55,Female,Asia Pacific,2022-07-25,Standard,13.69,Direct Debit,Yes,Annual,10.4,Action,1,6,8,1,0,14,Active,Not Churned
CUST_3414,31,Male,Latin America,2025-11-21,Standard,13.92,Credit Card,Yes,Annual,7.7,Comedy,5,6,8,4,0,34,Active,Not Churned
CUST_3415,31,Female,North America,2024-10-23,Standard,14.13,Credit Card,Yes,Monthly,17.8,Documentary,1,9,12,0,0,25,Active,Not Churned
CUST_3416,31,Male,North America,2023-07-07,Basic,7.69,Credit Card,Yes,Monthly,7.0,Family,3,5,12,0,1,18,Churned,Payment issues
CUST_3417,31,Male,Middle East & Africa,2025-06-10,Basic,8.08,Direct Debit,No,Monthly,21.2,Comedy,6,11,15,1,0,9,Active,Not Churned
CUST_3418,45,Male,North America,2025-02-11,Standard,13.91,PayPal,No,Monthly,5.4,Action,7,2,2,2,2,29,Active,Not Churned
CUST_3419,39,Male,North America,2023-12-11,Basic,7.9,Digital Wallet,Yes,Monthly,8.3,Comedy,4,7,3,3,3,36,Active,Not Churned
CUST_3420,23,Male,Middle East & Africa,2022-12-07,Premium,20.01,Credit Card,Yes,Annual,14.5,Sci-Fi,1,12,12,0,1,11,Active,Not Churned
CUST_3421,31,Female,Europe,2025-07-06,Basic,8.01,Direct Debit,Yes,Monthly,11.0,Drama,3,9,5,1,0,18,Active,Not Churned
CUST_3422,37,Female,Latin America,2025-04-07,Basic,8.05,Credit Card,Yes,Annual,7.9,Anime,2,6,8,2,0,19,Active,Not Churned
CUST_3423,28,Other,Middle East & Africa,2025-10-05,Standard,13.78,PayPal,Yes,Monthly,3.2,Drama,2,2,6,0,1,30,Churned,Too expensive
CUST_3424,38,Male,North America,2024-08-29,Basic,7.8,Carrier Billing,No,Monthly,9.1,Family,2,6,10,0,2,26,Active,Not Churned
CUST_3425,35,Female,North America,2024-07-03,Premium,19.95,PayPal,Yes,Monthly,8.5,Drama,4,8,4,1,1,14,Active,Not Churned
CUST_3426,45,Male,North America,2023-10-01,Standard,13.97,PayPal,Yes,Monthly,6.3,Documentary,4,1,8,0,0,39,Active,Not Churned
CUST_3427,42,Female,Europe,2025-06-10,Basic,7.84,Direct Debit,Yes,Monthly,12.9,Documentary,2,7,10,1,1,18,Active,Not Churned
CUST_3428,29,Female,North America,2022-10-08,Standard,14.1,Credit Card,Yes,Monthly,2.8,Sci-Fi,3,4,2,1,0,30,Active,Not Churned
CUST_3429,34,Male,Middle East & Africa,2022-04-25,Standard,13.35,Credit Card,Yes,Monthly,8.8,Drama,5,4,6,1,1,16,Active,Not Churned
CUST_3430,26,Male,Middle East & Africa,2025-03-14,Standard,13.73,Direct Debit,Yes,Annual,1.7,Comedy,5,3,4,1,1,31,Active,Not Churned
CUST_3431,55,Male,Europe,2023-06-21,Premium,19.89,PayPal,Yes,Monthly,13.1,Thriller,1,9,7,2,1,25,Active,Not Churned
CUST_3432,41,Male,Europe,2024-10-04,Standard,13.69,Carrier Billing,Yes,Annual,13.7,Comedy,4,6,10,1,0,21,Active,Not Churned
CUST_3433,20,Female,Europe,2023-02-03,Standard,14.56,Carrier Billing,Yes,Annual,9.7,Comedy,4,7,12,1,0,25,Active,Not Churned
CUST_3434,32,Other,Latin America,2023-12-29,Basic,8.0,Direct Debit,Yes,Monthly,6.1,Sci-Fi,3,3,8,2,1,22,Active,Not Churned
CUST_3435,18,Male,North America,2021-12-25,Standard,14.05,Digital Wallet,Yes,Monthly,17.7,Anime,2,11,12,0,1,15,Active,Not Churned
CUST_3436,30,Female,North America,2023-11-19,Premium,19.82,PayPal,Yes,Monthly,19.6,Thriller,5,13,13,0,1,0,Active,Not Churned
CUST_3437,35,Female,Europe,2023-11-30,Standard,13.98,Credit Card,No,Monthly,10.7,Family,3,8,6,1,1,19,Active,Not Churned
CUST_3438,43,Male,Asia Pacific,2021-10-19,Standard,13.56,PayPal,Yes,Annual,19.8,Action,2,12,11,3,2,9,Active,Not Churned
CUST_3439,44,Female,Asia Pacific,2022-06-05,Standard,13.93,Digital Wallet,No,Monthly,5.4,Thriller,5,5,0,1,2,24,Churned,Technical issues
CUST_3440,20,Male,Middle East & Africa,2023-09-27,Standard,13.66,Direct Debit,No,Monthly,8.3,Documentary,2,4,7,0,0,31,Active,Not Churned
CUST_3441,36,Male,North America,2025-03-27,Premium,19.89,Direct Debit,No,Monthly,3.4,Family,6,3,6,1,2,40,Churned,Payment issues
CUST_3442,37,Female,Europe,2021-11-24,Basic,7.09,Credit Card,No,Annual,3.8,Comedy,5,2,4,0,0,16,Active,Not Churned
CUST_3443,35,Male,Europe,2022-10-13,Basic,7.6,Direct Debit,No,Monthly,3.6,Family,2,5,1,3,3,37,Churned,Low usage
CUST_3444,19,Female,North America,2021-12-06,Standard,14.5,Direct Debit,Yes,Monthly,11.7,Action,3,9,9,1,0,24,Active,Not Churned
CUST_3445,26,Female,Latin America,2024-04-11,Standard,14.28,Carrier Billing,Yes,Monthly,4.7,Comedy,3,5,9,0,2,26,Active,Not Churned
CUST_3446,32,Male,Europe,2023-02-05,Standard,14.45,Direct Debit,Yes,Monthly,2.7,Comedy,3,6,6,1,0,29,Churned,Lack of content
CUST_3447,42,Male,Asia Pacific,2024-11-23,Basic,8.48,PayPal,Yes,Monthly,5.3,Action,4,4,5,1,2,23,Active,Not Churned
CUST_3448,25,Male,Europe,2025-07-26,Standard,14.23,Credit Card,Yes,Monthly,6.4,Comedy,4,4,12,0,1,20,Churned,Too expensive
CUST_3449,28,Male,Europe,2024-01-04,Standard,13.83,Credit Card,Yes,Monthly,4.0,Comedy,3,3,12,1,0,21,Active,Not Churned
CUST_3450,31,Male,North America,2023-10-13,Standard,13.63,Credit Card,Yes,Monthly,9.3,Thriller,3,3,6,3,0,32,Churned,Switched to competitor
CUST_3451,18,Female,Middle East & Africa,2025-01-20,Standard,14.39,Digital Wallet,Yes,Monthly,10.2,Sci-Fi,6,4,7,1,3,27,Churned,Too expensive
CUST_3452,30,Male,North America,2024-02-20,Standard,14.01,Credit Card,Yes,Monthly,3.4,Action,4,4,6,2,0,19,Churned,Low usage
CUST_3453,38,Male,Asia Pacific,2025-12-16,Standard,14.86,Credit Card,Yes,Monthly,12.7,Comedy,1,5,6,1,1,18,Churned,Too expensive
CUST_3454,24,Female,Middle East & Africa,2023-08-09,Premium,19.86,Digital Wallet,Yes,Monthly,6.5,Drama,6,3,8,0,1,25,Active,Not Churned
CUST_3455,29,Male,Europe,2021-07-11,Standard,14.68,Direct Debit,No,Annual,6.4,Drama,3,5,6,3,1,19,Active,Not Churned
CUST_3456,28,Female,Asia Pacific,2022-07-05,Standard,13.94,Credit Card,No,Monthly,11.3,Sci-Fi,1,6,9,1,4,31,Active,Not Churned
CUST_3457,40,Female,Latin America,2023-02-17,Standard,14.46,Credit Card,Yes,Monthly,6.4,Comedy,1,6,4,0,1,28,Active,Not Churned
CUST_3458,18,Male,Europe,2021-11-20,Basic,8.58,Credit Card,Yes,Monthly,3.8,Sci-Fi,3,4,2,2,1,32,Active,Not Churned
CUST_3459,28,Female,North America,2023-12-31,Basic,7.63,PayPal,Yes,Monthly,8.3,Sci-Fi,5,4,1,0,3,47,Active,Not Churned
CUST_3460,49,Female,North America,2025-10-08,Standard,13.82,Carrier Billing,Yes,Monthly,15.4,Drama,2,11,15,1,0,14,Active,Not Churned
CUST_3461,45,Male,North America,2023-11-05,Premium,19.63,Direct Debit,Yes,Monthly,15.7,Drama,1,11,13,1,1,24,Active,Not Churned
CUST_3462,44,Female,Europe,2023-01-29,Standard,13.56,Credit Card,Yes,Monthly,6.1,Anime,3,2,7,0,2,30,Churned,Lack of content
CUST_3463,48,Male,Asia Pacific,2022-12-18,Basic,8.22,Credit Card,Yes,Monthly,4.3,Anime,1,4,5,2,0,22,Active,Not Churned
CUST_3464,24,Male,North America,2023-07-31,Standard,13.92,Direct Debit,Yes,Monthly,5.6,Drama,2,3,0,0,3,30,Churned,Payment issues
CUST_3465,47,Female,Latin America,2024-12-24,Basic,8.01,PayPal,Yes,Monthly,13.8,Action,3,7,7,3,1,23,Active,Not Churned
CUST_3466,18,Female,Europe,2022-08-11,Standard,14.18,Direct Debit,Yes,Monthly,5.5,Thriller,5,8,4,2,2,20,Churned,Lack of content
CUST_3467,28,Female,Asia Pacific,2022-12-21,Premium,19.34,Digital Wallet,Yes,Monthly,20.6,Thriller,3,12,10,0,1,2,Active,Not Churned
CUST_3468,40,Female,Europe,2023-08-09,Standard,14.44,Direct Debit,Yes,Monthly,11.3,Sci-Fi,6,7,3,0,1,11,Active,Not Churned
CUST_3469,36,Female,Asia Pacific,2025-12-31,Standard,13.87,Direct Debit,No,Monthly,8.4,Sci-Fi,3,6,4,1,1,29,Active,Not Churned
CUST_3470,36,Male,Latin America,2025-09-09,Basic,8.18,Carrier Billing,Yes,Annual,5.3,Action,3,6,5,3,0,27,Active,Not Churned
CUST_3471,24,Female,North America,2021-08-12,Standard,14.21,PayPal,No,Annual,9.1,Thriller,1,5,7,1,2,37,Active,Not Churned
CUST_3472,18,Female,Middle East & Africa,2024-08-05,Premium,20.47,Direct Debit,Yes,Monthly,5.8,Comedy,3,3,8,1,1,23,Churned,Switched to competitor
CUST_3473,38,Male,Asia Pacific,2021-10-03,Standard,13.95,Carrier Billing,Yes,Monthly,3.5,Drama,3,4,10,0,4,25,Active,Not Churned
CUST_3474,44,Male,Asia Pacific,2024-10-10,Standard,13.25,Carrier Billing,Yes,Monthly,11.3,Comedy,6,4,10,0,0,14,Active,Not Churned
CUST_3475,35,Male,Asia Pacific,2023-08-10,Standard,14.01,PayPal,No,Annual,8.4,Action,3,7,6,2,0,26,Active,Not Churned
CUST_3476,36,Female,North America,2025-04-20,Basic,8.06,Credit Card,Yes,Monthly,12.3,Drama,2,5,14,0,0,14,Active,Not Churned
CUST_3477,38,Female,Europe,2022-01-28,Basic,7.63,Credit Card,No,Monthly,9.4,Comedy,1,6,2,1,2,23,Active,Not Churned
CUST_3478,25,Female,North America,2025-07-29,Basic,8.04,Carrier Billing,Yes,Monthly,5.2,Drama,5,1,0,0,1,31,Churned,Switched to competitor
CUST_3479,32,Male,Asia Pacific,2025-08-21,Standard,13.86,PayPal,Yes,Monthly,14.4,Drama,4,7,7,1,1,8,Active,Not Churned
CUST_3480,22,Female,Middle East & Africa,2024-10-23,Premium,19.52,PayPal,Yes,Monthly,7.7,Sci-Fi,4,8,9,0,0,20,Active,Not Churned
CUST_3481,44,Male,Asia Pacific,2022-10-07,Standard,14.23,Credit Card,Yes,Monthly,16.6,Documentary,2,12,12,1,1,18,Active,Not Churned
CUST_3482,18,Female,North America,2024-08-09,Basic,7.79,Credit Card,Yes,Annual,5.5,Sci-Fi,5,6,2,1,1,23,Active,Not Churned
CUST_3483,31,Male,Asia Pacific,2025-01-17,Basic,7.85,Credit Card,Yes,Monthly,3.1,Family,3,1,2,1,2,31,Active,Not Churned
CUST_3484,51,Male,Europe,2025-10-17,Basic,7.83,Credit Card,Yes,Monthly,17.5,Action,3,8,8,1,0,16,Active,Not Churned
CUST_3485,39,Male,Middle East & Africa,2022-08-23,Premium,20.42,Digital Wallet,Yes,Monthly,7.4,Sci-Fi,1,6,2,0,2,32,Active,Not Churned
CUST_3486,23,Male,Europe,2022-04-03,Standard,13.98,Direct Debit,Yes,Annual,6.4,Comedy,7,6,10,1,1,21,Active,Not Churned
CUST_3487,38,Male,Latin America,2023-02-24,Standard,14.02,Direct Debit,Yes,Annual,3.9,Drama,1,2,4,2,2,31,Active,Not Churned
CUST_3488,42,Male,Asia Pacific,2024-04-15,Premium,19.84,Direct Debit,Yes,Monthly,9.3,Action,4,5,12,2,1,19,Churned,Too expensive
CUST_3489,36,Male,North America,2025-07-29,Basic,8.15,Direct Debit,Yes,Monthly,3.5,Action,3,1,1,2,1,11,Active,Not Churned
CUST_3490,40,Female,Asia Pacific,2022-06-26,Standard,14.46,Digital Wallet,Yes,Monthly,17.6,Documentary,1,13,13,1,3,20,Active,Not Churned
CUST_3491,22,Male,North America,2022-02-11,Premium,20.22,Digital Wallet,Yes,Monthly,8.2,Anime,5,5,7,0,1,22,Active,Not Churned
CUST_3492,27,Female,Latin America,2022-02-16,Standard,14.23,Credit Card,No,Monthly,5.0,Anime,3,4,7,2,0,18,Active,Not Churned
CUST_3493,37,Male,Middle East & Africa,2023-02-20,Basic,8.2,Credit Card,Yes,Annual,8.1,Drama,2,6,7,0,3,38,Active,Not Churned
CUST_3494,31,Male,Asia Pacific,2021-09-26,Premium,19.51,Credit Card,Yes,Annual,27.3,Anime,3,17,20,0,1,4,Active,Not Churned
CUST_3495,30,Female,North America,2025-02-09,Premium,19.68,Digital Wallet,Yes,Monthly,10.3,Comedy,2,5,9,2,1,22,Active,Not Churned
CUST_3496,24,Other,North America,2023-09-08,Standard,13.92,Carrier Billing,Yes,Monthly,7.5,Family,3,7,3,2,4,33,Active,Not Churned
CUST_3497,48,Male,Latin America,2024-06-26,Standard,13.74,Digital Wallet,Yes,Monthly,8.7,Action,2,4,9,1,0,25,Active,Not Churned
CUST_3498,35,Male,North America,2024-06-01,Basic,7.62,Credit Card,Yes,Monthly,12.6,Family,3,10,9,0,2,17,Active,Not Churned
CUST_3499,44,Male,Asia Pacific,2025-02-04,Premium,19.33,Direct Debit,No,Monthly,14.0,Family,2,5,7,0,0,16,Active,Not Churned
CUST_3500,18,Male,Middle East & Africa,2022-11-01,Standard,13.52,Credit Card,Yes,Monthly,9.9,Family,3,6,10,1,2,28,Active,Not Churned
CUST_3501,43,Male,Latin America,2023-05-12,Basic,7.9,Credit Card,Yes,Monthly,14.0,Thriller,1,11,12,1,1,19,Active,Not Churned
CUST_3502,23,Female,North America,2022-03-20,Standard,13.97,Carrier Billing,Yes,Annual,9.0,Comedy,3,7,5,0,0,12,Active,Not Churned
CUST_3503,31,Male,Asia Pacific,2021-03-16,Premium,19.71,Direct Debit,Yes,Annual,9.1,Thriller,3,7,6,0,0,3,Active,Not Churned
CUST_3504,36,Male,North America,2023-09-10,Premium,20.02,PayPal,Yes,Monthly,10.2,Drama,4,5,3,3,2,33,Active,Not Churned
CUST_3505,54,Male,Europe,2024-07-08,Basic,7.84,Credit Card,Yes,Monthly,5.6,Comedy,6,3,0,0,2,31,Active,Not Churned
CUST_3506,52,Female,Europe,2022-09-15,Basic,8.37,Credit Card,Yes,Annual,12.8,Family,3,10,8,1,2,22,Active,Not Churned
CUST_3507,33,Female,Asia Pacific,2022-11-30,Premium,19.93,Credit Card,No,Annual,7.4,Drama,2,6,8,0,1,20,Active,Not Churned
CUST_3508,38,Male,Asia Pacific,2022-01-10,Premium,20.23,PayPal,Yes,Annual,3.8,Comedy,3,5,2,2,1,31,Active,Not Churned
CUST_3509,28,Female,Middle East & Africa,2021-06-27,Standard,14.06,Credit Card,Yes,Monthly,3.5,Thriller,6,3,8,1,0,20,Active,Not Churned
CUST_3510,34,Male,North America,2021-10-16,Standard,13.5,Credit Card,Yes,Annual,10.4,Thriller,3,6,7,1,4,25,Active,Not Churned
CUST_3511,34,Male,Asia Pacific,2024-07-21,Standard,13.96,Direct Debit,No,Monthly,5.5,Comedy,1,6,4,3,1,16,Churned,Too expensive
CUST_3512,37,Male,North America,2023-06-16,Standard,13.56,Direct Debit,Yes,Monthly,12.8,Thriller,6,8,8,2,1,27,Churned,Payment issues
CUST_3513,28,Male,Europe,2021-02-11,Basic,7.95,Credit Card,Yes,Annual,7.7,Sci-Fi,3,5,9,0,0,20,Active,Not Churned
CUST_3514,39,Female,Latin America,2023-01-28,Basic,7.73,Credit Card,Yes,Monthly,12.7,Anime,1,5,6,1,0,23,Active,Not Churned
CUST_3515,38,Female,North America,2022-08-24,Basic,8.12,Carrier Billing,Yes,Annual,2.0,Thriller,3,4,3,2,0,27,Churned,Too expensive
CUST_3516,23,Female,North America,2022-05-15,Premium,19.52,Credit Card,Yes,Monthly,7.4,Comedy,2,6,4,1,2,21,Active,Not Churned
CUST_3517,33,Male,Europe,2024-02-03,Basic,8.0,Credit Card,Yes,Annual,4.2,Action,4,3,3,1,0,30,Active,Not Churned
CUST_3518,29,Female,Europe,2022-07-21,Basic,8.19,Credit Card,Yes,Monthly,28.1,Thriller,6,18,18,1,0,11,Active,Not Churned
CUST_3519,54,Male,Europe,2021-02-21,Standard,14.31,Credit Card,Yes,Monthly,6.7,Anime,3,5,5,2,1,31,Active,Not Churned
CUST_3520,47,Male,Asia Pacific,2023-04-02,Basic,7.72,Credit Card,Yes,Annual,2.7,Family,3,3,7,1,1,14,Active,Not Churned
CUST_3521,44,Female,Latin America,2021-06-14,Basic,8.0,Credit Card,Yes,Annual,9.6,Anime,2,8,7,1,2,20,Active,Not Churned
CUST_3522,29,Female,Asia Pacific,2022-02-25,Standard,14.05,Credit Card,Yes,Monthly,4.7,Action,2,5,6,1,2,26,Active,Not Churned
CUST_3523,52,Female,Latin America,2025-12-12,Standard,14.53,Credit Card,No,Annual,14.2,Comedy,7,9,10,4,1,28,Active,Not Churned
CUST_3524,31,Other,Asia Pacific,2023-03-11,Standard,13.47,Direct Debit,No,Annual,15.5,Thriller,3,9,15,1,1,12,Active,Not Churned
CUST_3525,27,Male,Europe,2021-06-05,Premium,19.67,PayPal,Yes,Monthly,6.3,Drama,5,8,5,0,3,13,Active,Not Churned
CUST_3526,57,Male,North America,2022-01-22,Basic,8.97,Credit Card,Yes,Monthly,4.9,Thriller,2,3,4,0,0,29,Churned,Too expensive
CUST_3527,41,Male,Middle East & Africa,2021-12-07,Premium,19.89,Credit Card,Yes,Monthly,11.1,Family,5,8,10,0,3,20,Churned,Too expensive
CUST_3528,26,Male,Asia Pacific,2024-02-05,Premium,19.33,PayPal,No,Monthly,15.7,Sci-Fi,4,9,10,3,3,17,Active,Not Churned
CUST_3529,30,Female,North America,2022-03-04,Premium,19.79,Credit Card,Yes,Monthly,11.7,Thriller,3,8,10,3,1,18,Churned,Lack of content
CUST_3530,42,Male,Asia Pacific,2025-05-23,Standard,13.02,Digital Wallet,Yes,Monthly,6.7,Drama,4,7,13,1,1,10,Active,Not Churned
CUST_3531,31,Male,Asia Pacific,2023-06-22,Standard,14.07,Credit Card,No,Annual,3.8,Comedy,4,3,1,0,3,30,Active,Not Churned
CUST_3532,33,Female,Europe,2023-07-19,Standard,14.27,Direct Debit,Yes,Annual,20.3,Thriller,4,13,18,0,1,6,Active,Not Churned
CUST_3533,51,Other,Asia Pacific,2024-11-01,Standard,13.67,Credit Card,Yes,Annual,10.6,Drama,2,7,6,0,1,22,Active,Not Churned
CUST_3534,27,Female,North America,2025-06-11,Basic,7.83,PayPal,Yes,Annual,21.9,Comedy,5,11,18,3,0,12,Active,Not Churned
CUST_3535,29,Male,Middle East & Africa,2024-07-22,Premium,20.31,Credit Card,No,Monthly,12.7,Comedy,2,10,11,1,0,13,Active,Not Churned
CUST_3536,62,Male,Europe,2025-08-15,Standard,13.38,Credit Card,Yes,Monthly,21.0,Family,6,13,15,1,2,8,Active,Not Churned
CUST_3537,39,Female,Asia Pacific,2023-07-01,Premium,19.53,Credit Card,Yes,Annual,6.6,Sci-Fi,2,4,5,4,2,28,Active,Not Churned
CUST_3538,39,Female,North America,2023-05-26,Standard,13.91,Direct Debit,Yes,Monthly,5.6,Comedy,5,6,4,1,2,15,Active,Not Churned
CUST_3539,49,Male,Middle East & Africa,2023-01-30,Basic,7.73,Credit Card,Yes,Monthly,6.9,Comedy,1,3,4,1,0,32,Active,Not Churned
CUST_3540,40,Female,Asia Pacific,2021-10-08,Standard,13.89,Credit Card,Yes,Monthly,5.1,Comedy,3,4,5,4,1,28,Active,Not Churned
CUST_3541,47,Female,North America,2024-04-22,Standard,13.55,Credit Card,Yes,Monthly,3.1,Drama,2,2,3,0,1,13,Active,Not Churned
CUST_3542,20,Female,Europe,2022-10-30,Standard,14.07,Direct Debit,Yes,Monthly,5.9,Comedy,7,6,6,1,0,8,Active,Not Churned
CUST_3543,39,Male,Europe,2022-10-30,Basic,7.94,Credit Card,No,Monthly,10.6,Comedy,6,6,4,2,2,31,Active,Not Churned
CUST_3544,32,Male,Asia Pacific,2021-12-11,Basic,8.18,Direct Debit,Yes,Monthly,3.4,Documentary,5,5,4,0,1,21,Churned,Low usage
CUST_3545,39,Female,Europe,2025-12-16,Standard,14.06,Direct Debit,No,Monthly,4.4,Drama,2,5,8,0,1,22,Churned,Lack of content
CUST_3546,18,Male,Latin America,2021-03-07,Standard,14.06,Credit Card,No,Monthly,6.1,Anime,3,4,8,1,0,23,Active,Not Churned
CUST_3547,20,Male,Asia Pacific,2022-11-13,Premium,19.48,Direct Debit,No,Annual,6.1,Documentary,4,8,5,1,1,21,Churned,Switched to competitor
CUST_3548,34,Male,Europe,2021-08-13,Basic,8.16,Credit Card,Yes,Annual,5.6,Drama,6,3,13,2,1,38,Active,Not Churned
CUST_3549,42,Female,North America,2023-12-04,Basic,7.87,Credit Card,Yes,Monthly,7.3,Documentary,3,3,4,1,2,31,Active,Not Churned
CUST_3550,21,Female,Middle East & Africa,2024-06-02,Basic,7.93,Credit Card,Yes,Monthly,3.6,Anime,3,5,4,0,1,24,Active,Not Churned
CUST_3551,29,Male,Europe,2022-05-14,Standard,14.36,Digital Wallet,Yes,Annual,6.2,Comedy,2,1,1,1,0,24,Active,Not Churned
CUST_3552,38,Male,North America,2024-12-27,Standard,13.74,Credit Card,No,Annual,8.4,Anime,4,8,5,3,4,15,Active,Not Churned
CUST_3553,33,Female,Europe,2025-11-10,Standard,14.46,Carrier Billing,Yes,Monthly,5.2,Family,2,4,10,2,4,34,Churned,Lack of content
CUST_3554,44,Female,North America,2024-03-13,Premium,20.5,PayPal,No,Annual,5.1,Sci-Fi,2,1,4,4,0,35,Active,Not Churned
CUST_3555,45,Male,Europe,2021-05-28,Basic,8.25,Carrier Billing,No,Monthly,4.7,Thriller,3,2,0,3,2,40,Active,Not Churned
CUST_3556,24,Male,Latin America,2022-09-21,Standard,13.65,Carrier Billing,No,Annual,6.9,Documentary,1,2,8,1,1,40,Active,Not Churned
CUST_3557,33,Other,Europe,2024-12-21,Basic,7.22,Credit Card,Yes,Annual,2.3,Thriller,3,3,4,0,0,15,Active,Not Churned
CUST_3558,29,Male,Europe,2021-12-27,Basic,8.37,PayPal,No,Monthly,10.7,Action,4,4,10,3,1,22,Active,Not Churned
CUST_3559,47,Female,Latin America,2025-05-31,Standard,14.03,Credit Card,Yes,Monthly,7.1,Family,4,6,5,1,2,28,Active,Not Churned
CUST_3560,43,Male,Asia Pacific,2022-12-22,Basic,7.73,PayPal,No,Monthly,4.7,Drama,3,3,2,1,0,24,Churned,Too expensive
CUST_3561,25,Male,Latin America,2023-10-29,Standard,14.4,Digital Wallet,Yes,Monthly,3.3,Comedy,1,2,3,3,0,38,Active,Not Churned
CUST_3562,48,Female,Asia Pacific,2022-06-10,Standard,13.69,PayPal,Yes,Monthly,10.6,Documentary,3,8,9,1,2,18,Active,Not Churned
CUST_3563,21,Other,Europe,2024-07-16,Standard,13.84,Credit Card,Yes,Monthly,15.6,Comedy,4,10,10,2,0,28,Active,Not Churned
CUST_3564,29,Female,Asia Pacific,2025-06-23,Standard,14.17,PayPal,Yes,Monthly,6.0,Sci-Fi,2,7,6,0,3,22,Active,Not Churned
CUST_3565,23,Female,Middle East & Africa,2023-12-10,Standard,13.6,Direct Debit,Yes,Annual,21.5,Comedy,6,11,12,2,0,23,Active,Not Churned
CUST_3566,30,Female,North America,2025-03-01,Standard,13.95,Credit Card,Yes,Annual,8.2,Family,4,6,8,3,0,5,Active,Not Churned
CUST_3567,18,Male,Middle East & Africa,2021-11-19,Basic,8.37,PayPal,Yes,Monthly,7.6,Comedy,1,4,6,1,1,28,Active,Not Churned
CUST_3568,34,Male,Asia Pacific,2021-07-11,Basic,8.06,Carrier Billing,Yes,Annual,12.5,Drama,3,8,7,1,1,18,Active,Not Churned
CUST_3569,18,Female,Middle East & Africa,2025-07-13,Standard,14.43,Credit Card,Yes,Monthly,10.9,Action,3,6,8,0,4,11,Active,Not Churned
CUST_3570,29,Female,North America,2024-03-06,Premium,20.39,Carrier Billing,Yes,Annual,5.4,Action,5,3,4,0,2,27,Active,Not Churned
CUST_3571,46,Male,Europe,2025-10-10,Basic,7.99,Direct Debit,Yes,Annual,5.2,Family,1,3,7,1,0,16,Active,Not Churned
CUST_3572,36,Female,North America,2023-04-05,Standard,13.17,Direct Debit,Yes,Annual,14.4,Documentary,6,9,13,0,0,9,Active,Not Churned
CUST_3573,56,Male,North America,2025-10-11,Standard,13.6,Carrier Billing,No,Monthly,11.1,Anime,4,7,10,1,1,22,Active,Not Churned
CUST_3574,45,Female,Europe,2024-01-27,Premium,20.26,Direct Debit,No,Annual,22.9,Thriller,2,14,10,1,0,5,Active,Not Churned
CUST_3575,45,Male,North America,2022-11-12,Standard,13.45,PayPal,Yes,Monthly,10.1,Anime,5,6,5,1,1,24,Active,Not Churned
CUST_3576,29,Male,Asia Pacific,2023-06-12,Standard,13.88,Carrier Billing,Yes,Annual,11.3,Thriller,4,6,6,0,1,21,Active,Not Churned
CUST_3577,31,Male,Asia Pacific,2022-05-03,Standard,14.11,Direct Debit,Yes,Annual,5.4,Drama,3,5,3,0,2,40,Active,Not Churned
CUST_3578,39,Female,Middle East & Africa,2022-01-01,Premium,20.5,Credit Card,Yes,Monthly,16.7,Anime,2,8,10,0,1,18,Active,Not Churned
CUST_3579,29,Male,Middle East & Africa,2021-11-23,Basic,7.79,Credit Card,No,Annual,1.4,Thriller,2,3,6,0,2,28,Churned,Low usage
CUST_3580,34,Other,Europe,2022-12-27,Premium,19.76,PayPal,Yes,Annual,10.4,Action,4,6,10,1,1,24,Active,Not Churned
CUST_3581,45,Male,Middle East & Africa,2024-12-13,Basic,7.97,Direct Debit,Yes,Annual,10.7,Drama,7,7,7,0,2,20,Active,Not Churned
CUST_3582,35,Male,North America,2025-10-25,Premium,20.11,Credit Card,Yes,Monthly,11.1,Thriller,2,7,10,1,2,10,Active,Not Churned
CUST_3583,20,Female,Latin America,2025-08-12,Basic,7.94,Direct Debit,Yes,Monthly,7.5,Action,2,8,7,2,1,24,Active,Not Churned
CUST_3584,41,Male,Asia Pacific,2024-07-20,Basic,8.36,PayPal,No,Annual,7.0,Thriller,3,6,6,0,1,29,Churned,Lack of content
CUST_3585,30,Female,Europe,2021-05-07,Basic,7.71,Credit Card,Yes,Annual,7.7,Anime,4,5,10,1,1,34,Active,Not Churned
CUST_3586,29,Female,Latin America,2021-04-15,Standard,14.03,Direct Debit,Yes,Monthly,4.5,Anime,2,3,2,1,1,31,Active,Not Churned
CUST_3587,58,Female,Europe,2025-04-02,Basic,8.15,Digital Wallet,Yes,Monthly,9.0,Anime,5,7,7,1,1,18,Active,Not Churned
CUST_3588,36,Female,Asia Pacific,2023-12-10,Basic,7.85,Credit Card,Yes,Monthly,4.8,Thriller,3,3,1,1,0,26,Churned,Low usage
CUST_3589,55,Female,Asia Pacific,2022-11-06,Standard,14.28,Direct Debit,Yes,Annual,6.0,Documentary,2,2,2,1,1,40,Active,Not Churned
CUST_3590,27,Female,Europe,2021-12-31,Standard,14.04,Credit Card,Yes,Monthly,4.2,Drama,4,3,0,0,3,27,Active,Not Churned
CUST_3591,27,Male,North America,2025-04-12,Standard,14.27,Credit Card,No,Monthly,32.3,Thriller,1,18,17,1,3,0,Active,Not Churned
CUST_3592,29,Female,Asia Pacific,2024-07-04,Premium,20.06,Credit Card,Yes,Annual,10.7,Documentary,4,5,8,1,3,42,Churned,Low usage
CUST_3593,33,Male,North America,2023-12-22,Standard,14.12,Credit Card,Yes,Monthly,3.7,Thriller,1,3,3,0,0,16,Churned,Low usage
CUST_3594,31,Male,North America,2022-07-11,Basic,7.77,Credit Card,Yes,Monthly,8.1,Thriller,4,5,6,0,1,11,Churned,Switched to competitor
CUST_3595,24,Male,North America,2024-08-02,Basic,7.77,Direct Debit,Yes,Monthly,14.6,Comedy,2,9,9,1,1,18,Active,Not Churned
CUST_3596,43,Female,Latin America,2025-06-29,Premium,20.42,Digital Wallet,Yes,Monthly,11.0,Sci-Fi,2,9,13,0,2,20,Active,Not Churned
CUST_3597,35,Female,Europe,2025-06-07,Basic,8.21,Credit Card,No,Annual,7.4,Thriller,3,3,3,0,1,28,Active,Not Churned
CUST_3598,42,Male,Latin America,2021-11-01,Standard,13.63,Credit Card,No,Monthly,5.2,Comedy,4,8,1,0,0,21,Active,Not Churned
CUST_3599,37,Female,Asia Pacific,2022-09-10,Premium,20.05,Credit Card,No,Monthly,11.0,Family,3,7,6,0,1,17,Churned,Switched to competitor
CUST_3600,60,Male,Asia Pacific,2025-01-13,Premium,19.16,PayPal,Yes,Monthly,13.7,Anime,3,9,9,2,0,14,Active,Not Churned
CUST_3601,36,Male,Middle East & Africa,2021-12-27,Standard,13.79,PayPal,No,Annual,12.5,Thriller,3,8,10,0,1,13,Active,Not Churned
CUST_3602,44,Male,Asia Pacific,2021-05-30,Standard,14.33,Digital Wallet,Yes,Monthly,9.2,Anime,2,3,9,0,5,33,Active,Not Churned
CUST_3603,47,Female,North America,2022-03-09,Standard,13.95,Credit Card,Yes,Annual,9.2,Action,4,4,10,0,5,34,Active,Not Churned
CUST_3604,22,Male,Middle East & Africa,2023-03-05,Standard,14.03,PayPal,Yes,Monthly,16.7,Thriller,4,9,11,0,1,21,Active,Not Churned
CUST_3605,24,Female,Europe,2022-05-23,Basic,6.93,Carrier Billing,Yes,Monthly,15.1,Drama,2,11,9,1,3,10,Active,Not Churned
CUST_3606,24,Female,Asia Pacific,2024-03-05,Basic,7.85,Direct Debit,No,Monthly,6.7,Thriller,3,2,11,1,1,19,Churned,Switched to competitor
CUST_3607,30,Male,Europe,2022-10-05,Standard,14.11,Direct Debit,No,Annual,20.6,Drama,5,10,5,0,2,21,Active,Not Churned
CUST_3608,31,Female,Latin America,2023-06-09,Basic,8.15,Direct Debit,No,Monthly,3.0,Action,4,3,4,2,3,27,Active,Not Churned
CUST_3609,36,Male,Europe,2025-12-07,Standard,14.33,Carrier Billing,Yes,Annual,9.4,Documentary,3,7,8,1,0,11,Active,Not Churned
CUST_3610,50,Female,Europe,2022-07-02,Standard,13.92,PayPal,Yes,Annual,10.0,Comedy,2,7,13,0,0,4,Active,Not Churned
CUST_3611,18,Female,Asia Pacific,2023-05-07,Premium,19.93,PayPal,Yes,Annual,6.3,Action,3,3,0,2,0,35,Churned,Too expensive
CUST_3612,19,Female,Asia Pacific,2022-03-24,Premium,19.52,Credit Card,Yes,Monthly,4.6,Family,1,1,3,0,0,29,Active,Not Churned
CUST_3613,28,Female,North America,2022-07-21,Standard,13.92,Digital Wallet,Yes,Monthly,5.1,Sci-Fi,4,5,1,2,2,30,Active,Not Churned
CUST_3614,24,Female,Asia Pacific,2025-12-14,Standard,13.55,Digital Wallet,Yes,Monthly,13.8,Anime,2,11,4,1,2,17,Active,Not Churned
CUST_3615,19,Male,North America,2024-02-18,Basic,7.34,Direct Debit,No,Monthly,13.3,Comedy,4,8,9,1,0,17,Active,Not Churned
CUST_3616,31,Female,Middle East & Africa,2022-12-04,Standard,13.61,PayPal,Yes,Monthly,12.1,Comedy,2,5,11,0,0,20,Active,Not Churned
CUST_3617,36,Male,Latin America,2022-07-17,Basic,8.52,PayPal,Yes,Monthly,4.8,Drama,3,3,8,2,1,27,Active,Not Churned
CUST_3618,33,Female,Europe,2023-09-24,Premium,19.9,Credit Card,Yes,Monthly,15.4,Action,1,10,9,1,0,6,Active,Not Churned
CUST_3619,28,Male,North America,2022-05-02,Premium,20.07,Direct Debit,Yes,Annual,7.0,Sci-Fi,3,5,8,0,0,8,Active,Not Churned
CUST_3620,34,Female,Europe,2025-09-18,Premium,19.81,Direct Debit,Yes,Monthly,11.0,Documentary,2,10,7,5,0,33,Churned,Lack of content
CUST_3621,18,Female,Asia Pacific,2024-06-15,Premium,19.36,Direct Debit,Yes,Monthly,9.7,Anime,4,8,9,1,0,16,Active,Not Churned
CUST_3622,41,Female,Middle East & Africa,2021-11-03,Premium,20.32,Credit Card,Yes,Annual,8.0,Family,2,6,10,2,3,23,Active,Not Churned
CUST_3623,34,Female,Latin America,2023-12-16,Basic,7.23,Credit Card,Yes,Annual,11.0,Documentary,2,3,7,0,0,18,Churned,Switched to competitor
CUST_3624,38,Male,Latin America,2023-08-19,Premium,19.8,Credit Card,Yes,Annual,14.3,Thriller,2,7,13,0,0,24,Active,Not Churned
CUST_3625,35,Male,North America,2023-09-13,Standard,13.97,Direct Debit,Yes,Annual,5.3,Action,4,3,1,0,3,30,Active,Not Churned
CUST_3626,18,Female,North America,2025-03-02,Standard,14.07,PayPal,No,Annual,8.6,Action,4,4,9,1,4,24,Active,Not Churned
CUST_3627,30,Male,Latin America,2022-04-30,Standard,13.74,Carrier Billing,Yes,Annual,12.7,Action,2,8,12,0,0,13,Active,Not Churned
CUST_3628,48,Male,Europe,2024-02-01,Basic,7.35,Digital Wallet,Yes,Annual,0.9,Anime,5,2,5,1,1,30,Active,Not Churned
CUST_3629,40,Male,Latin America,2022-03-12,Basic,7.71,PayPal,Yes,Monthly,9.8,Family,2,3,4,1,1,23,Active,Not Churned
CUST_3630,32,Female,North America,2022-08-20,Basic,7.73,Credit Card,Yes,Annual,12.1,Drama,6,9,8,1,1,22,Active,Not Churned
CUST_3631,42,Male,Asia Pacific,2023-08-22,Basic,7.72,PayPal,Yes,Monthly,10.0,Thriller,7,7,8,3,0,35,Active,Not Churned
CUST_3632,44,Male,Asia Pacific,2025-04-08,Standard,14.33,Credit Card,Yes,Annual,11.0,Drama,3,8,9,0,1,14,Active,Not Churned
CUST_3633,48,Female,Latin America,2023-06-04,Premium,19.57,PayPal,Yes,Annual,9.3,Documentary,2,7,7,3,0,18,Active,Not Churned
CUST_3634,42,Male,North America,2024-10-26,Standard,14.1,Credit Card,Yes,Annual,12.3,Action,2,6,13,4,0,17,Churned,Payment issues
CUST_3635,49,Female,North America,2025-08-08,Standard,14.05,Credit Card,No,Monthly,4.0,Comedy,5,6,0,0,2,21,Active,Not Churned
CUST_3636,35,Male,Asia Pacific,2022-07-28,Standard,14.33,Digital Wallet,Yes,Monthly,5.1,Sci-Fi,4,4,4,2,0,10,Active,Not Churned
CUST_3637,43,Male,Asia Pacific,2021-01-20,Standard,13.94,Direct Debit,Yes,Monthly,10.9,Anime,4,10,3,0,0,19,Active,Not Churned
CUST_3638,24,Male,North America,2021-06-23,Basic,8.27,Digital Wallet,Yes,Annual,11.6,Comedy,2,6,10,1,0,10,Active,Not Churned
CUST_3639,42,Female,Middle East & Africa,2023-06-16,Premium,19.93,Credit Card,Yes,Annual,16.7,Sci-Fi,3,12,13,2,1,6,Active,Not Churned
CUST_3640,36,Male,Latin America,2024-02-24,Basic,8.14,Credit Card,Yes,Annual,18.3,Action,2,9,22,1,2,18,Active,Not Churned
CUST_3641,40,Male,North America,2024-11-25,Standard,13.46,Credit Card,Yes,Monthly,5.6,Comedy,7,9,8,2,2,29,Churned,Lack of content
CUST_3642,47,Female,Latin America,2025-10-05,Standard,13.07,PayPal,No,Monthly,4.4,Comedy,4,2,5,0,0,19,Active,Not Churned
CUST_3643,25,Female,Middle East & Africa,2022-12-02,Standard,14.12,Carrier Billing,No,Annual,13.6,Action,5,10,10,1,0,11,Active,Not Churned
CUST_3644,49,Male,North America,2025-11-18,Premium,20.14,Digital Wallet,Yes,Monthly,7.8,Sci-Fi,1,5,5,0,2,26,Churned,Too expensive
CUST_3645,41,Female,Middle East & Africa,2024-03-12,Basic,8.16,Credit Card,No,Monthly,7.5,Family,2,7,7,1,1,15,Active,Not Churned
CUST_3646,37,Female,Asia Pacific,2025-04-09,Premium,19.81,Credit Card,Yes,Annual,14.2,Sci-Fi,2,9,11,0,0,12,Active,Not Churned
CUST_3647,22,Male,Latin America,2025-09-30,Standard,14.51,PayPal,No,Monthly,9.4,Action,3,4,1,2,2,16,Churned,Switched to competitor
CUST_3648,28,Female,Asia Pacific,2023-03-07,Premium,19.83,PayPal,No,Monthly,13.4,Action,4,3,10,1,3,26,Churned,Lack of content
CUST_3649,44,Male,Europe,2025-06-01,Standard,14.14,Direct Debit,Yes,Monthly,5.3,Thriller,2,9,5,2,4,31,Churned,Technical issues
CUST_3650,34,Female,Asia Pacific,2023-12-17,Premium,20.2,PayPal,Yes,Monthly,11.3,Anime,4,7,13,1,1,25,Active,Not Churned
CUST_3651,46,Male,Asia Pacific,2024-05-11,Premium,20.59,PayPal,No,Annual,11.2,Anime,3,2,8,2,3,29,Churned,Switched to competitor
CUST_3652,42,Male,Latin America,2024-03-05,Standard,13.88,Digital Wallet,No,Annual,15.3,Thriller,5,10,8,1,2,9,Active,Not Churned
CUST_3653,27,Female,Latin America,2021-02-02,Premium,19.76,Carrier Billing,Yes,Monthly,18.4,Action,6,12,13,2,1,11,Active,Not Churned
CUST_3654,34,Female,Asia Pacific,2021-06-25,Standard,13.47,PayPal,Yes,Monthly,6.5,Family,3,3,6,0,0,13,Active,Not Churned
CUST_3655,33,Female,Europe,2021-05-12,Standard,14.53,Credit Card,Yes,Monthly,4.7,Anime,2,3,4,1,0,23,Active,Not Churned
CUST_3656,43,Male,Europe,2023-06-30,Premium,20.14,Carrier Billing,Yes,Monthly,13.8,Family,3,8,6,3,1,17,Active,Not Churned
CUST_3657,35,Male,Middle East & Africa,2021-02-17,Standard,14.15,Credit Card,No,Annual,3.1,Anime,3,5,3,1,0,18,Active,Not Churned
CUST_3658,34,Female,Latin America,2021-10-10,Standard,15.08,PayPal,Yes,Monthly,13.0,Thriller,3,8,7,1,0,15,Active,Not Churned
CUST_3659,39,Female,Latin America,2023-09-21,Basic,8.1,Credit Card,Yes,Monthly,12.8,Sci-Fi,6,11,8,1,1,16,Active,Not Churned
CUST_3660,32,Male,North America,2025-06-01,Basic,7.53,Credit Card,Yes,Monthly,5.5,Drama,5,6,7,1,1,14,Active,Not Churned
CUST_3661,42,Other,Europe,2025-08-28,Premium,19.92,Credit Card,No,Monthly,3.1,Family,2,3,2,0,1,32,Active,Not Churned
CUST_3662,36,Male,Europe,2024-08-13,Standard,13.65,Credit Card,Yes,Monthly,14.3,Sci-Fi,4,6,9,1,3,33,Churned,Technical issues
CUST_3663,47,Male,Middle East & Africa,2023-10-20,Standard,13.85,Direct Debit,No,Monthly,17.8,Comedy,4,10,13,0,1,29,Active,Not Churned
CUST_3664,42,Female,Europe,2021-06-08,Basic,7.85,Credit Card,Yes,Annual,16.4,Thriller,3,11,10,0,1,14,Active,Not Churned
CUST_3665,36,Other,Middle East & Africa,2024-04-05,Standard,13.78,Digital Wallet,Yes,Annual,17.4,Comedy,4,10,19,3,2,29,Active,Not Churned
CUST_3666,49,Male,Latin America,2021-10-13,Premium,19.5,Direct Debit,Yes,Monthly,5.2,Comedy,2,5,6,2,0,29,Active,Not Churned
CUST_3667,29,Other,Middle East & Africa,2025-05-07,Premium,20.55,Credit Card,Yes,Monthly,10.1,Thriller,4,8,4,2,0,18,Active,Not Churned
CUST_3668,36,Male,North America,2024-05-05,Basic,8.09,Direct Debit,No,Monthly,9.2,Comedy,3,7,5,1,1,11,Active,Not Churned
CUST_3669,36,Female,Middle East & Africa,2022-08-16,Standard,13.91,Digital Wallet,Yes,Monthly,9.1,Comedy,2,6,4,1,2,29,Active,Not Churned
CUST_3670,38,Female,Europe,2025-05-10,Standard,14.26,Credit Card,Yes,Monthly,12.2,Thriller,2,9,6,1,1,18,Active,Not Churned
CUST_3671,29,Female,North America,2023-09-22,Standard,14.15,PayPal,No,Annual,4.6,Documentary,4,8,6,1,2,32,Active,Not Churned
CUST_3672,36,Female,Asia Pacific,2023-10-25,Standard,14.09,Digital Wallet,No,Annual,3.1,Drama,5,1,0,2,1,36,Active,Not Churned
CUST_3673,29,Other,Middle East & Africa,2021-07-29,Standard,14.23,Credit Card,No,Monthly,2.5,Action,5,4,2,2,0,31,Active,Not Churned
CUST_3674,20,Female,Latin America,2025-04-22,Standard,14.04,Carrier Billing,Yes,Monthly,14.5,Comedy,2,12,13,0,0,4,Active,Not Churned
CUST_3675,33,Other,Asia Pacific,2021-01-19,Standard,14.22,Credit Card,Yes,Monthly,3.8,Sci-Fi,2,1,3,1,1,31,Churned,Technical issues
CUST_3676,37,Male,Middle East & Africa,2022-09-11,Standard,14.25,Credit Card,Yes,Monthly,9.0,Drama,4,8,9,0,1,3,Active,Not Churned
CUST_3677,24,Male,Middle East & Africa,2022-04-23,Standard,14.05,Direct Debit,No,Monthly,6.0,Family,3,7,0,2,1,24,Active,Not Churned
CUST_3678,31,Male,Latin America,2022-01-28,Premium,19.91,Credit Card,Yes,Monthly,7.5,Drama,3,3,5,1,2,37,Churned,Low usage
CUST_3679,40,Male,Latin America,2023-07-03,Standard,14.53,Carrier Billing,No,Monthly,7.6,Action,1,7,4,0,2,30,Churned,Too expensive
CUST_3680,41,Other,Europe,2025-09-25,Basic,7.82,Direct Debit,Yes,Monthly,5.6,Action,4,4,6,2,1,23,Active,Not Churned
CUST_3681,42,Female,Europe,2024-02-26,Premium,20.13,Digital Wallet,Yes,Annual,4.4,Action,1,4,1,1,3,15,Churned,Switched to competitor
CUST_3682,24,Female,Asia Pacific,2021-08-30,Premium,20.13,Credit Card,No,Annual,8.9,Comedy,4,5,13,1,2,21,Active,Not Churned
CUST_3683,57,Male,Asia Pacific,2021-03-25,Basic,7.78,Credit Card,Yes,Monthly,4.6,Drama,1,6,0,2,2,23,Churned,Too expensive
CUST_3684,19,Female,Latin America,2022-07-07,Standard,13.71,PayPal,Yes,Annual,5.2,Documentary,2,4,8,1,0,26,Active,Not Churned
CUST_3685,32,Female,Middle East & Africa,2022-08-17,Basic,7.87,Direct Debit,Yes,Monthly,19.8,Anime,2,11,16,0,0,0,Active,Not Churned
CUST_3686,18,Male,North America,2022-11-23,Standard,13.82,PayPal,No,Annual,3.5,Action,1,2,5,0,1,26,Active,Not Churned
CUST_3687,24,Female,Latin America,2021-12-20,Basic,7.48,Credit Card,Yes,Monthly,6.7,Thriller,2,4,6,2,1,18,Churned,Switched to competitor
CUST_3688,25,Male,Asia Pacific,2023-07-26,Standard,13.76,Credit Card,Yes,Monthly,9.5,Thriller,3,4,13,0,3,37,Active,Not Churned
CUST_3689,47,Female,Latin America,2024-11-30,Basic,8.08,Credit Card,No,Monthly,19.8,Comedy,4,11,20,1,1,0,Active,Not Churned
CUST_3690,51,Male,Asia Pacific,2022-07-17,Standard,14.43,Credit Card,Yes,Monthly,4.3,Comedy,2,4,4,2,0,31,Active,Not Churned
CUST_3691,36,Female,Asia Pacific,2025-09-05,Premium,20.18,Credit Card,No,Monthly,17.9,Drama,4,11,12,1,1,11,Active,Not Churned
CUST_3692,29,Male,Asia Pacific,2022-04-14,Standard,13.08,Credit Card,No,Annual,7.6,Sci-Fi,3,7,5,2,2,8,Churned,Switched to competitor
CUST_3693,18,Male,Asia Pacific,2021-10-17,Premium,20.21,Direct Debit,Yes,Monthly,9.0,Sci-Fi,5,6,3,2,0,32,Active,Not Churned
CUST_3694,26,Female,Middle East & Africa,2022-04-04,Premium,19.79,Carrier Billing,Yes,Annual,13.1,Comedy,6,7,11,0,1,28,Active,Not Churned
CUST_3695,18,Male,North America,2023-02-17,Premium,20.15,Credit Card,Yes,Annual,19.3,Drama,1,9,13,0,0,22,Active,Not Churned
CUST_3696,27,Male,Europe,2023-03-21,Basic,7.99,PayPal,Yes,Monthly,5.6,Action,3,5,0,0,1,22,Churned,Too expensive
CUST_3697,31,Female,Asia Pacific,2022-09-21,Premium,19.92,Direct Debit,Yes,Annual,11.2,Thriller,6,7,10,1,1,15,Active,Not Churned
CUST_3698,36,Male,Europe,2025-09-12,Basic,7.95,Carrier Billing,Yes,Monthly,8.4,Action,1,6,7,1,1,22,Active,Not Churned
CUST_3699,32,Male,Europe,2022-12-20,Standard,13.98,Credit Card,Yes,Monthly,8.9,Thriller,4,6,5,0,1,24,Active,Not Churned
CUST_3700,29,Male,Europe,2025-11-05,Premium,20.46,Carrier Billing,No,Monthly,14.2,Anime,2,10,8,2,0,10,Active,Not Churned
CUST_3701,29,Male,Latin America,2025-01-08,Standard,13.98,PayPal,Yes,Monthly,5.5,Documentary,3,5,6,0,0,14,Active,Not Churned
CUST_3702,33,Female,North America,2023-09-05,Standard,14.37,Direct Debit,Yes,Monthly,6.8,Comedy,3,5,11,0,0,23,Churned,Lack of content
CUST_3703,45,Other,Europe,2023-07-22,Standard,14.32,PayPal,Yes,Monthly,3.1,Action,7,2,5,1,0,27,Active,Not Churned
CUST_3704,41,Other,Asia Pacific,2021-09-29,Premium,20.22,Direct Debit,Yes,Annual,12.6,Comedy,3,7,11,3,2,30,Active,Not Churned
CUST_3705,27,Male,Europe,2022-01-02,Standard,13.36,Direct Debit,Yes,Annual,8.7,Anime,4,7,4,0,1,29,Active,Not Churned
CUST_3706,31,Female,North America,2024-12-01,Standard,14.38,PayPal,Yes,Monthly,17.8,Sci-Fi,1,10,11,3,0,21,Active,Not Churned
CUST_3707,54,Female,Middle East & Africa,2024-03-07,Premium,19.83,Digital Wallet,Yes,Monthly,5.5,Thriller,3,2,7,0,2,21,Active,Not Churned
CUST_3708,28,Male,Europe,2022-08-28,Basic,8.24,Digital Wallet,Yes,Annual,21.2,Action,4,14,10,3,0,8,Active,Not Churned
CUST_3709,41,Female,Middle East & Africa,2022-11-24,Basic,7.65,Credit Card,Yes,Monthly,11.6,Documentary,5,6,9,2,0,23,Active,Not Churned
CUST_3710,44,Male,Middle East & Africa,2021-08-22,Standard,13.58,Credit Card,Yes,Annual,1.8,Sci-Fi,5,2,4,0,2,34,Churned,Switched to competitor
CUST_3711,34,Other,North America,2023-12-01,Premium,20.68,Credit Card,No,Monthly,13.3,Anime,5,9,9,0,1,21,Churned,Payment issues
CUST_3712,28,Female,Asia Pacific,2025-04-08,Basic,7.66,Credit Card,Yes,Monthly,5.2,Drama,2,4,6,0,2,25,Active,Not Churned
CUST_3713,18,Female,Europe,2025-08-24,Basic,8.39,Direct Debit,Yes,Monthly,6.5,Anime,3,1,6,1,0,24,Active,Not Churned
CUST_3714,40,Female,North America,2021-02-16,Basic,8.03,Credit Card,Yes,Monthly,5.8,Sci-Fi,3,5,3,3,0,30,Active,Not Churned
CUST_3715,36,Female,Asia Pacific,2024-01-17,Premium,19.84,PayPal,No,Annual,17.4,Family,2,13,8,3,2,16,Churned,Switched to competitor
CUST_3716,27,Male,Asia Pacific,2021-04-09,Basic,7.97,Direct Debit,Yes,Monthly,2.1,Anime,2,4,3,1,2,28,Churned,Low usage
CUST_3717,39,Male,Middle East & Africa,2023-08-18,Standard,13.53,Credit Card,Yes,Annual,7.8,Sci-Fi,4,2,10,0,0,20,Active,Not Churned
CUST_3718,35,Female,Asia Pacific,2022-10-22,Premium,19.99,Credit Card,Yes,Monthly,9.5,Drama,4,10,10,0,1,28,Active,Not Churned
CUST_3719,26,Other,Latin America,2024-02-14,Basic,7.61,Credit Card,Yes,Annual,5.7,Drama,4,2,4,1,0,28,Active,Not Churned
CUST_3720,20,Other,Latin America,2022-01-30,Standard,13.85,Credit Card,Yes,Annual,4.9,Sci-Fi,4,2,4,1,1,27,Churned,Too expensive
CUST_3721,30,Male,North America,2021-11-24,Standard,14.31,PayPal,Yes,Monthly,2.0,Documentary,1,4,2,0,1,25,Active,Not Churned
CUST_3722,48,Male,Europe,2024-07-08,Premium,20.08,Credit Card,Yes,Annual,9.2,Action,3,7,6,0,2,19,Active,Not Churned
CUST_3723,41,Female,Asia Pacific,2022-10-05,Standard,13.47,Credit Card,Yes,Annual,11.3,Family,1,7,9,4,0,12,Active,Not Churned
CUST_3724,38,Female,Latin America,2025-12-07,Standard,14.29,Credit Card,Yes,Annual,8.7,Thriller,3,5,10,0,1,24,Active,Not Churned
CUST_3725,38,Female,Latin America,2024-12-23,Basic,7.99,Credit Card,Yes,Monthly,4.2,Action,3,6,11,2,1,12,Churned,Payment issues
CUST_3726,26,Female,Middle East & Africa,2023-05-13,Standard,13.8,Direct Debit,Yes,Annual,8.2,Thriller,5,6,4,0,1,21,Active,Not Churned
CUST_3727,29,Male,Asia Pacific,2023-08-01,Premium,20.25,Direct Debit,Yes,Monthly,19.2,Family,3,8,15,2,1,8,Churned,Too expensive
CUST_3728,35,Male,North America,2025-07-27,Basic,7.93,Credit Card,No,Annual,5.0,Anime,1,6,6,3,0,6,Active,Not Churned
CUST_3729,33,Male,Europe,2021-07-12,Standard,13.58,Credit Card,Yes,Annual,9.4,Documentary,4,7,6,1,2,25,Active,Not Churned
CUST_3730,23,Female,Asia Pacific,2024-05-22,Premium,20.64,Credit Card,Yes,Monthly,11.4,Drama,2,9,5,0,1,7,Active,Not Churned
CUST_3731,23,Female,Asia Pacific,2024-09-05,Basic,7.98,Direct Debit,Yes,Annual,2.9,Sci-Fi,1,4,4,0,1,26,Active,Not Churned
CUST_3732,33,Female,North America,2021-09-28,Basic,7.96,Credit Card,No,Monthly,6.3,Sci-Fi,4,9,12,0,2,18,Active,Not Churned
CUST_3733,29,Female,Asia Pacific,2025-01-18,Standard,13.85,PayPal,Yes,Monthly,7.1,Comedy,2,4,7,0,2,26,Active,Not Churned
CUST_3734,31,Female,Middle East & Africa,2025-05-20,Basic,8.4,Direct Debit,Yes,Monthly,7.8,Sci-Fi,4,5,4,1,1,18,Active,Not Churned
CUST_3735,32,Male,North America,2023-01-15,Basic,7.81,Credit Card,Yes,Monthly,15.1,Action,2,10,10,0,1,12,Active,Not Churned
CUST_3736,48,Female,Europe,2024-12-18,Standard,13.45,Credit Card,Yes,Monthly,4.1,Drama,2,3,1,1,0,20,Churned,Switched to competitor
CUST_3737,29,Female,Asia Pacific,2021-04-05,Basic,7.75,PayPal,No,Monthly,15.6,Comedy,4,11,11,0,0,16,Active,Not Churned
CUST_3738,39,Male,Middle East & Africa,2022-07-15,Standard,14.45,Digital Wallet,Yes,Monthly,11.7,Drama,1,2,10,2,1,26,Active,Not Churned
CUST_3739,23,Female,North America,2024-07-30,Standard,14.28,Credit Card,Yes,Monthly,22.3,Drama,3,13,12,0,1,6,Active,Not Churned
CUST_3740,48,Male,Latin America,2023-09-06,Standard,13.9,PayPal,No,Monthly,2.4,Sci-Fi,1,3,0,1,0,30,Churned,Low usage
CUST_3741,52,Female,Europe,2024-07-04,Basic,8.47,Credit Card,Yes,Monthly,1.0,Family,5,2,3,1,2,25,Active,Not Churned
CUST_3742,30,Female,Europe,2021-12-16,Premium,20.25,Credit Card,Yes,Monthly,30.2,Sci-Fi,2,15,17,2,2,0,Active,Not Churned
CUST_3743,21,Male,Europe,2023-06-30,Basic,7.9,Direct Debit,No,Monthly,2.8,Documentary,1,5,1,2,0,15,Active,Not Churned
CUST_3744,18,Male,Middle East & Africa,2021-06-26,Standard,13.93,PayPal,No,Monthly,5.1,Comedy,4,3,3,1,0,32,Churned,Technical issues
CUST_3745,36,Female,North America,2023-08-29,Standard,14.11,Credit Card,Yes,Monthly,5.1,Family,4,4,6,0,1,24,Active,Not Churned
CUST_3746,31,Male,North America,2022-05-25,Premium,19.7,Credit Card,Yes,Monthly,12.7,Comedy,2,8,8,1,1,20,Active,Not Churned
CUST_3747,48,Male,Latin America,2021-02-07,Basic,7.99,PayPal,Yes,Monthly,6.6,Family,3,6,8,1,1,23,Churned,Too expensive
CUST_3748,37,Female,Middle East & Africa,2024-08-18,Basic,8.1,Digital Wallet,Yes,Monthly,4.8,Thriller,2,6,7,1,5,41,Active,Not Churned
CUST_3749,27,Male,Europe,2023-08-15,Standard,13.4,Carrier Billing,Yes,Monthly,20.1,Thriller,4,12,12,1,2,0,Active,Not Churned
CUST_3750,43,Male,Middle East & Africa,2021-02-18,Basic,7.92,Credit Card,Yes,Annual,1.4,Family,3,4,1,0,0,21,Active,Not Churned
CUST_3751,18,Male,Middle East & Africa,2024-11-28,Basic,7.88,Direct Debit,No,Monthly,13.5,Thriller,2,9,10,1,2,18,Active,Not Churned
CUST_3752,34,Other,North America,2023-04-23,Standard,14.35,PayPal,Yes,Monthly,8.1,Family,2,5,6,1,0,21,Active,Not Churned
CUST_3753,35,Male,North America,2021-11-09,Premium,19.34,Direct Debit,No,Annual,6.8,Sci-Fi,4,5,0,1,0,27,Active,Not Churned
CUST_3754,39,Male,Europe,2023-10-24,Basic,7.86,Digital Wallet,Yes,Annual,5.2,Drama,4,4,11,0,0,27,Active,Not Churned
CUST_3755,29,Male,Asia Pacific,2021-06-06,Premium,19.82,Credit Card,Yes,Monthly,8.2,Anime,2,7,9,1,2,20,Active,Not Churned
CUST_3756,32,Other,North America,2023-07-12,Premium,20.33,PayPal,No,Monthly,6.4,Sci-Fi,6,5,4,2,2,14,Churned,Too expensive
CUST_3757,29,Male,Asia Pacific,2022-03-07,Premium,19.97,Credit Card,No,Annual,14.3,Action,1,7,4,0,4,41,Active,Not Churned
CUST_3758,39,Female,Latin America,2024-08-31,Standard,14.62,PayPal,No,Monthly,6.6,Thriller,4,4,5,2,1,26,Active,Not Churned
CUST_3759,41,Male,Asia Pacific,2024-01-18,Standard,14.22,PayPal,No,Monthly,11.9,Action,1,5,7,1,1,23,Active,Not Churned
CUST_3760,26,Male,North America,2022-01-05,Standard,13.85,Credit Card,Yes,Monthly,5.9,Comedy,3,4,5,1,2,35,Active,Not Churned
CUST_3761,41,Female,North America,2022-11-01,Standard,14.07,Credit Card,Yes,Monthly,9.3,Action,2,6,1,3,0,19,Active,Not Churned
CUST_3762,22,Female,Asia Pacific,2025-11-17,Premium,19.87,PayPal,Yes,Annual,10.6,Comedy,3,10,6,0,4,28,Active,Not Churned
CUST_3763,31,Male,Asia Pacific,2023-12-04,Basic,8.29,Credit Card,Yes,Monthly,7.7,Action,4,8,5,1,1,16,Active,Not Churned
CUST_3764,43,Female,North America,2023-06-26,Basic,7.52,Direct Debit,No,Annual,15.9,Documentary,1,8,10,0,0,28,Active,Not Churned
CUST_3765,29,Male,Asia Pacific,2021-03-11,Basic,7.7,Direct Debit,Yes,Monthly,16.8,Documentary,2,10,11,1,1,17,Active,Not Churned
CUST_3766,29,Female,Europe,2024-10-17,Premium,20.15,PayPal,Yes,Monthly,13.9,Action,3,9,10,1,2,13,Active,Not Churned
CUST_3767,36,Other,North America,2021-04-08,Standard,14.42,PayPal,No,Annual,14.8,Drama,3,8,15,1,0,31,Churned,Switched to competitor
CUST_3768,18,Female,Asia Pacific,2025-08-02,Standard,13.22,Credit Card,Yes,Monthly,12.2,Action,2,7,7,1,0,22,Active,Not Churned
CUST_3769,27,Male,Asia Pacific,2024-11-09,Premium,20.47,PayPal,Yes,Annual,7.6,Thriller,6,5,3,3,1,21,Churned,Too expensive
CUST_3770,30,Male,Europe,2022-04-03,Premium,19.94,Credit Card,No,Monthly,9.0,Anime,1,9,2,0,2,7,Churned,Technical issues
CUST_3771,32,Female,Latin America,2022-03-28,Basic,7.33,Digital Wallet,Yes,Monthly,1.7,Sci-Fi,2,2,1,1,1,33,Active,Not Churned
CUST_3772,36,Male,North America,2025-12-10,Premium,18.94,Credit Card,Yes,Monthly,6.0,Family,2,5,1,0,1,31,Churned,Too expensive
CUST_3773,34,Female,Europe,2021-04-25,Premium,19.45,Credit Card,Yes,Monthly,4.9,Drama,2,1,8,1,1,32,Active,Not Churned
CUST_3774,46,Female,Europe,2024-04-03,Basic,7.98,Credit Card,Yes,Annual,4.7,Drama,1,5,4,1,1,25,Active,Not Churned
CUST_3775,51,Male,Asia Pacific,2022-06-01,Standard,13.97,Carrier Billing,Yes,Monthly,9.7,Thriller,3,8,10,2,1,30,Churned,Switched to competitor
CUST_3776,33,Male,Asia Pacific,2022-05-04,Standard,14.21,PayPal,Yes,Monthly,6.2,Action,3,3,10,3,0,31,Active,Not Churned
CUST_3777,27,Female,Europe,2021-08-27,Standard,13.8,PayPal,Yes,Annual,13.3,Documentary,5,7,7,2,0,14,Active,Not Churned
CUST_3778,46,Female,North America,2023-07-25,Standard,13.6,Credit Card,Yes,Monthly,4.8,Sci-Fi,3,5,4,1,0,17,Active,Not Churned
CUST_3779,31,Male,Middle East & Africa,2022-09-14,Basic,7.85,Credit Card,Yes,Monthly,10.9,Sci-Fi,4,7,12,1,0,21,Active,Not Churned
CUST_3780,28,Male,North America,2022-06-19,Basic,8.0,Direct Debit,No,Monthly,3.8,Action,5,4,5,0,1,27,Active,Not Churned
CUST_3781,42,Male,North America,2021-08-26,Basic,8.07,Direct Debit,Yes,Monthly,15.3,Drama,2,9,12,1,0,22,Active,Not Churned
CUST_3782,34,Female,Asia Pacific,2024-10-15,Basic,7.71,PayPal,Yes,Monthly,4.1,Comedy,7,7,7,0,3,24,Active,Not Churned
CUST_3783,42,Male,North America,2025-05-16,Standard,14.31,Direct Debit,Yes,Annual,10.7,Anime,2,6,11,1,0,24,Active,Not Churned
CUST_3784,27,Female,Asia Pacific,2024-12-31,Standard,13.77,Direct Debit,No,Annual,5.5,Drama,7,9,6,2,1,20,Churned,Lack of content
CUST_3785,31,Male,Asia Pacific,2023-12-30,Basic,7.69,Credit Card,No,Monthly,18.2,Family,4,13,16,0,0,13,Active,Not Churned
CUST_3786,42,Male,Asia Pacific,2022-12-10,Standard,13.8,Credit Card,No,Monthly,18.5,Family,3,12,12,0,0,13,Active,Not Churned
CUST_3787,18,Female,Europe,2021-04-29,Standard,14.37,Direct Debit,No,Monthly,10.5,Thriller,2,5,9,1,0,19,Active,Not Churned
CUST_3788,29,Male,Asia Pacific,2024-06-07,Standard,13.94,Carrier Billing,No,Monthly,10.4,Documentary,2,8,7,2,0,16,Churned,Low usage
CUST_3789,44,Female,Asia Pacific,2021-05-22,Premium,19.75,Carrier Billing,Yes,Monthly,14.1,Thriller,4,10,13,1,0,15,Active,Not Churned
CUST_3790,31,Male,Europe,2022-01-21,Standard,14.31,Direct Debit,Yes,Annual,11.5,Documentary,4,3,6,0,0,24,Active,Not Churned
CUST_3791,45,Other,North America,2021-08-26,Premium,20.74,PayPal,Yes,Annual,15.0,Sci-Fi,6,6,5,1,1,30,Active,Not Churned
CUST_3792,27,Male,North America,2022-08-04,Basic,8.06,Credit Card,No,Monthly,4.0,Action,3,4,6,1,1,26,Churned,Too expensive
CUST_3793,36,Male,Asia Pacific,2025-02-28,Standard,14.42,Digital Wallet,No,Monthly,8.4,Drama,4,5,4,1,2,15,Active,Not Churned
CUST_3794,31,Female,Europe,2024-03-18,Premium,20.35,Direct Debit,Yes,Monthly,7.1,Thriller,2,4,3,2,0,16,Active,Not Churned
CUST_3795,18,Female,Asia Pacific,2023-12-03,Premium,19.78,Credit Card,Yes,Monthly,19.7,Family,5,13,17,2,0,7,Active,Not Churned
CUST_3796,31,Male,North America,2022-04-09,Standard,14.0,PayPal,Yes,Monthly,3.9,Sci-Fi,3,2,7,0,0,30,Active,Not Churned
CUST_3797,29,Male,Middle East & Africa,2021-06-18,Standard,13.54,Credit Card,No,Annual,20.1,Documentary,4,11,12,1,0,6,Active,Not Churned
CUST_3798,28,Female,Asia Pacific,2024-05-08,Standard,13.92,Digital Wallet,Yes,Monthly,8.5,Thriller,5,5,0,2,2,30,Churned,Low usage
CUST_3799,25,Male,North America,2023-10-21,Standard,13.77,PayPal,Yes,Monthly,13.8,Anime,5,9,11,0,2,11,Active,Not Churned
CUST_3800,48,Male,North America,2021-09-25,Standard,13.85,Carrier Billing,Yes,Annual,6.2,Action,4,2,7,1,1,29,Active,Not Churned
CUST_3801,27,Male,Middle East & Africa,2023-03-25,Premium,19.73,Direct Debit,Yes,Monthly,5.0,Action,3,3,6,0,2,30,Active,Not Churned
CUST_3802,37,Female,North America,2024-05-08,Standard,13.89,PayPal,No,Annual,18.0,Drama,3,7,13,2,1,12,Active,Not Churned
CUST_3803,33,Male,North America,2021-11-22,Basic,8.18,Digital Wallet,Yes,Annual,10.3,Drama,4,6,7,0,0,21,Active,Not Churned
CUST_3804,42,Female,Latin America,2022-05-27,Standard,13.95,Credit Card,Yes,Monthly,4.1,Drama,3,5,3,2,2,37,Churned,Payment issues
CUST_3805,51,Female,Middle East & Africa,2022-04-21,Basic,7.34,Credit Card,Yes,Monthly,7.2,Sci-Fi,4,6,3,0,0,17,Active,Not Churned
CUST_3806,49,Male,Europe,2023-03-21,Basic,7.73,Direct Debit,Yes,Monthly,6.9,Anime,4,4,4,1,2,27,Churned,Low usage
CUST_3807,29,Female,North America,2022-05-15,Basic,7.46,Digital Wallet,Yes,Monthly,10.1,Drama,6,8,9,0,0,17,Active,Not Churned
CUST_3808,40,Female,Asia Pacific,2023-11-06,Standard,14.08,Credit Card,Yes,Annual,4.7,Documentary,2,4,6,1,1,25,Churned,Too expensive
CUST_3809,46,Female,Europe,2025-12-05,Basic,8.17,Credit Card,Yes,Annual,3.4,Thriller,4,6,6,2,1,22,Active,Not Churned
CUST_3810,31,Male,Middle East & Africa,2021-07-01,Basic,8.08,PayPal,Yes,Annual,8.4,Family,1,5,2,1,4,28,Active,Not Churned
CUST_3811,44,Female,Middle East & Africa,2021-12-06,Basic,7.71,Digital Wallet,No,Annual,4.1,Thriller,4,1,0,1,3,22,Active,Not Churned
CUST_3812,34,Female,Middle East & Africa,2023-12-26,Premium,20.08,Carrier Billing,Yes,Monthly,19.6,Documentary,4,13,12,2,0,12,Churned,Too expensive
CUST_3813,21,Male,North America,2024-02-07,Standard,13.83,Digital Wallet,Yes,Monthly,13.1,Action,5,7,6,0,0,9,Active,Not Churned
CUST_3814,54,Male,Middle East & Africa,2025-03-08,Basic,7.59,Direct Debit,No,Monthly,12.2,Documentary,3,7,9,2,1,23,Churned,Technical issues
CUST_3815,18,Female,Asia Pacific,2025-05-20,Basic,8.25,Credit Card,No,Monthly,1.6,Documentary,3,3,0,1,0,29,Churned,Technical issues
CUST_3816,20,Female,North America,2025-09-19,Standard,14.28,Credit Card,Yes,Monthly,6.3,Comedy,5,2,9,0,2,31,Active,Not Churned
CUST_3817,29,Female,Asia Pacific,2022-01-03,Basic,8.32,Direct Debit,Yes,Monthly,6.4,Family,3,5,3,2,0,16,Active,Not Churned
CUST_3818,43,Male,Middle East & Africa,2024-06-03,Standard,13.78,Digital Wallet,Yes,Annual,4.4,Drama,4,5,9,5,1,29,Churned,Low usage
CUST_3819,40,Female,Europe,2024-12-23,Standard,14.4,PayPal,Yes,Monthly,11.6,Thriller,2,8,10,1,0,14,Active,Not Churned
CUST_3820,53,Male,Asia Pacific,2024-08-20,Premium,19.82,PayPal,Yes,Monthly,12.0,Anime,4,6,5,0,0,14,Churned,Too expensive
CUST_3821,44,Male,Europe,2023-08-26,Basic,8.22,Carrier Billing,Yes,Monthly,11.9,Comedy,3,9,15,0,1,29,Active,Not Churned
CUST_3822,36,Male,Asia Pacific,2025-08-30,Standard,13.81,PayPal,No,Annual,14.6,Family,4,7,11,0,0,10,Active,Not Churned
CUST_3823,46,Male,Asia Pacific,2024-09-27,Basic,7.91,Direct Debit,Yes,Monthly,13.5,Drama,5,7,10,2,1,24,Active,Not Churned
CUST_3824,31,Male,North America,2025-08-26,Premium,19.14,Credit Card,No,Monthly,31.6,Action,4,17,19,2,1,14,Active,Not Churned
CUST_3825,35,Female,North America,2022-07-13,Premium,19.88,Direct Debit,No,Annual,9.6,Family,4,7,9,1,0,20,Active,Not Churned
CUST_3826,29,Female,Latin America,2024-02-06,Standard,14.02,PayPal,No,Monthly,7.5,Comedy,2,5,8,0,1,17,Active,Not Churned
CUST_3827,45,Other,North America,2023-10-12,Standard,13.85,PayPal,Yes,Monthly,11.5,Drama,1,9,6,2,0,11,Churned,Low usage
CUST_3828,30,Female,Europe,2021-08-13,Basic,8.6,Credit Card,No,Monthly,15.4,Drama,5,10,10,0,4,9,Active,Not Churned
CUST_3829,21,Male,Middle East & Africa,2021-11-26,Premium,19.58,Direct Debit,No,Annual,4.4,Action,5,4,5,3,2,29,Churned,Technical issues
CUST_3830,21,Female,Latin America,2023-11-22,Standard,13.79,Digital Wallet,Yes,Monthly,5.2,Thriller,2,5,7,2,2,27,Churned,Technical issues
CUST_3831,23,Male,Asia Pacific,2022-08-21,Basic,7.67,Credit Card,Yes,Monthly,5.3,Drama,3,5,7,1,4,26,Active,Not Churned
CUST_3832,39,Male,Europe,2022-09-28,Standard,13.79,Credit Card,Yes,Annual,8.7,Action,2,6,7,1,1,31,Active,Not Churned
CUST_3833,32,Female,North America,2022-06-21,Standard,14.35,Carrier Billing,Yes,Monthly,6.3,Family,3,1,4,0,1,28,Active,Not Churned
CUST_3834,34,Male,North America,2025-10-18,Premium,20.51,Credit Card,Yes,Annual,16.1,Documentary,3,12,9,3,1,2,Active,Not Churned
CUST_3835,38,Male,Middle East & Africa,2021-04-10,Standard,13.74,Credit Card,No,Monthly,9.4,Action,2,6,4,1,1,32,Active,Not Churned
CUST_3836,39,Female,Asia Pacific,2024-09-15,Standard,13.74,Credit Card,Yes,Annual,7.8,Family,4,7,8,1,1,11,Active,Not Churned
CUST_3837,31,Female,Europe,2021-08-13,Standard,13.59,Direct Debit,Yes,Annual,10.8,Family,2,6,6,1,1,25,Active,Not Churned
CUST_3838,33,Male,Middle East & Africa,2024-02-02,Basic,8.45,Credit Card,Yes,Monthly,1.9,Anime,3,1,2,1,3,38,Churned,Lack of content
CUST_3839,29,Male,Asia Pacific,2022-01-18,Standard,14.38,PayPal,No,Annual,10.5,Sci-Fi,1,3,8,2,2,29,Active,Not Churned
CUST_3840,38,Male,Europe,2022-05-01,Basic,7.95,Credit Card,Yes,Monthly,4.2,Comedy,2,2,4,1,1,35,Churned,Too expensive
CUST_3841,33,Female,North America,2021-06-06,Premium,19.5,PayPal,Yes,Monthly,14.6,Anime,4,10,10,1,0,13,Active,Not Churned
CUST_3842,25,Female,North America,2022-08-29,Standard,13.53,PayPal,No,Monthly,2.8,Action,4,5,1,0,1,19,Churned,Switched to competitor
CUST_3843,35,Female,Asia Pacific,2025-08-09,Standard,14.05,Credit Card,Yes,Monthly,11.2,Family,6,8,9,1,1,3,Active,Not Churned
CUST_3844,41,Female,North America,2022-05-26,Basic,8.18,PayPal,Yes,Monthly,4.3,Action,2,2,3,2,0,15,Active,Not Churned
CUST_3845,52,Female,North America,2023-04-11,Basic,7.27,Credit Card,No,Annual,15.6,Action,3,8,10,0,1,36,Active,Not Churned
CUST_3846,22,Male,Middle East & Africa,2023-06-22,Standard,13.88,Carrier Billing,No,Monthly,3.2,Thriller,6,6,7,0,1,25,Active,Not Churned
CUST_3847,21,Female,Asia Pacific,2025-10-26,Basic,8.56,Digital Wallet,Yes,Annual,7.9,Documentary,3,3,8,2,1,36,Active,Not Churned
CUST_3848,20,Male,Middle East & Africa,2023-03-19,Basic,7.91,PayPal,No,Monthly,11.6,Comedy,3,11,7,0,0,28,Active,Not Churned
CUST_3849,28,Male,North America,2021-08-01,Standard,14.51,Credit Card,No,Annual,10.1,Drama,4,10,7,2,1,13,Active,Not Churned
CUST_3850,32,Female,Middle East & Africa,2023-09-08,Standard,14.22,Credit Card,No,Monthly,10.1,Sci-Fi,3,10,12,4,0,15,Active,Not Churned
CUST_3851,29,Female,Asia Pacific,2024-06-25,Standard,13.61,Carrier Billing,Yes,Monthly,3.9,Documentary,3,4,3,0,2,14,Active,Not Churned
CUST_3852,20,Female,Europe,2021-09-16,Standard,13.89,Credit Card,Yes,Monthly,3.7,Drama,1,3,4,1,1,25,Churned,Payment issues
CUST_3853,48,Male,Middle East & Africa,2021-11-14,Premium,19.94,Credit Card,Yes,Annual,11.2,Thriller,2,8,10,0,1,15,Active,Not Churned
CUST_3854,18,Male,North America,2023-03-22,Basic,7.66,Digital Wallet,Yes,Monthly,8.4,Action,1,7,7,1,2,19,Active,Not Churned
CUST_3855,52,Female,Middle East & Africa,2024-08-27,Standard,13.65,PayPal,Yes,Monthly,4.5,Thriller,6,3,3,1,0,32,Churned,Too expensive
CUST_3856,40,Female,Asia Pacific,2025-04-29,Premium,20.52,PayPal,Yes,Monthly,5.7,Anime,7,2,3,2,1,34,Churned,Technical issues
CUST_3857,48,Male,Asia Pacific,2024-02-01,Standard,13.65,Digital Wallet,Yes,Monthly,7.9,Drama,6,5,6,1,0,28,Active,Not Churned
CUST_3858,24,Female,Middle East & Africa,2021-07-18,Standard,14.37,PayPal,Yes,Annual,6.7,Comedy,3,3,8,3,3,24,Churned,Too expensive
CUST_3859,30,Male,North America,2021-03-28,Standard,13.84,PayPal,Yes,Monthly,21.8,Anime,4,15,18,0,3,9,Active,Not Churned
CUST_3860,32,Female,Asia Pacific,2021-01-02,Standard,13.98,Credit Card,No,Monthly,16.8,Drama,2,9,7,0,2,19,Active,Not Churned
CUST_3861,29,Female,Asia Pacific,2024-07-28,Standard,14.19,Direct Debit,No,Annual,13.1,Comedy,2,8,14,1,1,31,Active,Not Churned
CUST_3862,36,Female,North America,2024-01-14,Standard,13.78,Direct Debit,Yes,Monthly,17.9,Thriller,5,12,11,0,1,11,Active,Not Churned
CUST_3863,37,Male,Europe,2023-11-28,Basic,8.19,Credit Card,Yes,Monthly,5.0,Action,2,6,8,2,0,20,Active,Not Churned
CUST_3864,25,Female,North America,2022-04-02,Basic,7.27,Carrier Billing,No,Monthly,5.5,Documentary,6,5,3,1,0,29,Active,Not Churned
CUST_3865,53,Male,North America,2022-04-17,Standard,14.14,PayPal,Yes,Annual,15.5,Comedy,5,10,6,1,0,11,Active,Not Churned
CUST_3866,23,Male,Asia Pacific,2023-08-30,Basic,7.13,PayPal,Yes,Annual,7.9,Drama,3,4,2,1,0,26,Active,Not Churned
CUST_3867,39,Female,Middle East & Africa,2025-04-18,Standard,13.91,Digital Wallet,Yes,Monthly,8.9,Drama,1,8,6,1,2,23,Active,Not Churned
CUST_3868,36,Female,Asia Pacific,2021-08-26,Standard,14.29,Credit Card,No,Annual,4.2,Family,6,6,6,0,1,17,Active,Not Churned
CUST_3869,37,Female,Asia Pacific,2023-12-22,Premium,20.21,PayPal,Yes,Annual,16.4,Thriller,3,6,11,4,3,24,Active,Not Churned
CUST_3870,18,Female,Asia Pacific,2025-10-22,Basic,7.54,PayPal,No,Annual,10.8,Sci-Fi,4,10,7,2,0,13,Active,Not Churned
CUST_3871,32,Female,North America,2025-08-29,Standard,13.58,Direct Debit,Yes,Annual,7.2,Drama,2,4,9,0,2,22,Active,Not Churned
CUST_3872,32,Male,Latin America,2024-04-28,Standard,13.75,Credit Card,Yes,Annual,6.2,Thriller,5,6,5,1,0,9,Churned,Lack of content
CUST_3873,38,Female,Middle East & Africa,2024-08-07,Basic,8.06,Credit Card,Yes,Monthly,15.7,Drama,1,9,11,0,1,20,Active,Not Churned
CUST_3874,21,Female,Europe,2022-09-12,Basic,7.28,Credit Card,Yes,Monthly,5.1,Sci-Fi,3,4,14,1,2,30,Active,Not Churned
CUST_3875,37,Female,North America,2025-08-23,Basic,7.99,Carrier Billing,No,Monthly,2.8,Sci-Fi,2,3,4,0,2,22,Churned,Lack of content
CUST_3876,42,Male,Asia Pacific,2025-05-20,Basic,8.1,Credit Card,Yes,Monthly,16.2,Anime,2,8,9,1,1,12,Active,Not Churned
CUST_3877,41,Male,Latin America,2024-11-13,Basic,7.89,Direct Debit,Yes,Monthly,16.4,Anime,6,11,12,1,2,18,Active,Not Churned
CUST_3878,34,Male,North America,2024-10-12,Standard,14.17,Credit Card,No,Monthly,5.7,Documentary,4,4,7,2,0,36,Active,Not Churned
CUST_3879,46,Female,North America,2021-11-22,Standard,14.07,Direct Debit,Yes,Monthly,24.2,Thriller,4,11,16,0,2,20,Active,Not Churned
CUST_3880,43,Female,Europe,2021-10-22,Basic,7.8,Credit Card,Yes,Monthly,7.3,Comedy,1,3,6,2,2,38,Active,Not Churned
CUST_3881,27,Female,Europe,2022-02-06,Basic,7.31,Direct Debit,Yes,Monthly,5.1,Thriller,3,2,9,2,1,27,Active,Not Churned
CUST_3882,36,Male,Europe,2025-09-17,Basic,8.04,Direct Debit,Yes,Monthly,10.6,Anime,5,6,12,0,0,21,Active,Not Churned
CUST_3883,44,Male,Asia Pacific,2023-09-07,Standard,13.66,Digital Wallet,No,Monthly,3.8,Family,2,4,4,1,1,24,Churned,Low usage
CUST_3884,50,Other,Latin America,2021-04-23,Basic,7.79,Direct Debit,Yes,Annual,4.1,Sci-Fi,6,2,2,2,0,22,Active,Not Churned
CUST_3885,28,Male,Asia Pacific,2024-11-17,Standard,14.16,Digital Wallet,Yes,Monthly,9.9,Thriller,2,8,9,0,0,16,Active,Not Churned
CUST_3886,25,Female,North America,2025-11-04,Basic,8.49,Digital Wallet,Yes,Annual,8.3,Action,1,5,5,0,0,14,Active,Not Churned
CUST_3887,24,Female,North America,2025-02-28,Basic,7.98,Credit Card,Yes,Annual,13.1,Action,6,8,12,2,2,15,Active,Not Churned
CUST_3888,21,Female,Middle East & Africa,2021-12-31,Premium,20.18,PayPal,No,Annual,5.5,Drama,2,4,6,1,0,20,Churned,Switched to competitor
CUST_3889,34,Male,North America,2022-04-07,Basic,7.48,PayPal,Yes,Monthly,21.2,Drama,3,15,22,3,4,11,Active,Not Churned
CUST_3890,28,Male,Middle East & Africa,2021-05-20,Basic,8.08,Credit Card,Yes,Monthly,5.9,Thriller,5,2,10,2,2,31,Active,Not Churned
CUST_3891,40,Female,Europe,2025-05-04,Basic,7.97,Direct Debit,No,Monthly,8.1,Drama,5,9,3,1,2,3,Active,Not Churned
CUST_3892,28,Female,North America,2023-11-02,Premium,20.42,PayPal,Yes,Monthly,7.8,Action,3,7,5,0,0,10,Active,Not Churned
CUST_3893,23,Female,North America,2021-03-18,Standard,13.8,Digital Wallet,No,Monthly,3.8,Action,2,3,0,1,0,35,Active,Not Churned
CUST_3894,44,Male,Asia Pacific,2023-03-10,Standard,13.91,PayPal,Yes,Monthly,8.3,Action,6,8,0,1,1,18,Active,Not Churned
CUST_3895,34,Male,North America,2023-03-10,Premium,20.36,Credit Card,Yes,Monthly,13.5,Anime,3,8,10,0,0,19,Churned,Too expensive
CUST_3896,43,Female,Middle East & Africa,2022-12-23,Basic,7.96,Carrier Billing,Yes,Monthly,6.9,Comedy,2,5,2,1,1,26,Active,Not Churned
CUST_3897,29,Male,North America,2021-01-14,Premium,19.6,Direct Debit,No,Annual,6.4,Drama,5,4,10,1,0,22,Active,Not Churned
CUST_3898,51,Female,Europe,2025-07-01,Basic,8.88,Credit Card,Yes,Monthly,13.3,Action,3,10,13,2,0,7,Active,Not Churned
CUST_3899,38,Male,Europe,2022-02-12,Standard,13.61,Digital Wallet,No,Monthly,14.3,Family,5,7,9,0,0,13,Active,Not Churned
CUST_3900,23,Male,Asia Pacific,2021-01-16,Standard,13.97,PayPal,No,Monthly,7.3,Action,4,5,5,1,0,35,Active,Not Churned
CUST_3901,18,Male,Middle East & Africa,2025-11-05,Standard,14.11,Credit Card,Yes,Monthly,10.3,Sci-Fi,3,8,12,0,2,15,Active,Not Churned
CUST_3902,37,Female,Middle East & Africa,2022-06-01,Premium,20.08,Carrier Billing,Yes,Monthly,15.3,Sci-Fi,4,11,16,1,1,25,Active,Not Churned
CUST_3903,38,Male,Europe,2024-09-11,Basic,7.92,Direct Debit,No,Monthly,11.4,Comedy,2,6,5,1,0,16,Active,Not Churned
CUST_3904,41,Female,Asia Pacific,2022-03-27,Premium,19.93,Credit Card,Yes,Monthly,11.4,Anime,3,9,5,2,2,17,Active,Not Churned
CUST_3905,18,Male,Middle East & Africa,2024-11-15,Standard,13.91,Credit Card,No,Annual,11.8,Comedy,2,6,8,1,1,22,Active,Not Churned
CUST_3906,18,Male,Latin America,2021-11-26,Standard,13.6,Digital Wallet,Yes,Monthly,10.7,Action,3,3,9,0,2,26,Churned,Switched to competitor
CUST_3907,18,Female,North America,2022-06-13,Premium,20.74,Credit Card,No,Annual,9.8,Drama,3,5,6,4,3,23,Active,Not Churned
CUST_3908,25,Female,Middle East & Africa,2021-10-26,Basic,7.91,PayPal,Yes,Monthly,3.4,Family,2,5,5,2,3,27,Active,Not Churned
CUST_3909,40,Male,Europe,2021-10-16,Premium,20.2,Credit Card,Yes,Annual,6.0,Documentary,4,4,11,1,2,16,Churned,Technical issues
CUST_3910,34,Female,Europe,2022-04-21,Standard,13.87,Carrier Billing,No,Monthly,10.9,Comedy,1,6,4,0,0,21,Active,Not Churned
CUST_3911,18,Male,North America,2022-04-20,Standard,13.87,Credit Card,Yes,Annual,6.4,Drama,5,5,4,1,0,23,Active,Not Churned
CUST_3912,19,Male,Latin America,2021-10-15,Basic,7.83,Direct Debit,No,Monthly,10.0,Anime,2,7,3,5,0,27,Active,Not Churned
CUST_3913,37,Male,Middle East & Africa,2025-07-25,Standard,13.45,Digital Wallet,Yes,Annual,4.1,Comedy,2,5,2,3,0,20,Active,Not Churned
CUST_3914,46,Female,Middle East & Africa,2022-01-23,Standard,13.93,Direct Debit,No,Annual,5.4,Drama,5,1,4,1,1,35,Active,Not Churned
CUST_3915,39,Male,North America,2023-02-18,Standard,13.85,PayPal,Yes,Monthly,7.6,Comedy,6,5,4,1,0,24,Churned,Lack of content
CUST_3916,50,Female,North America,2023-10-31,Basic,8.4,PayPal,Yes,Monthly,1.4,Drama,1,2,4,1,0,27,Active,Not Churned
CUST_3917,38,Male,North America,2025-07-17,Basic,7.57,Digital Wallet,Yes,Annual,4.3,Comedy,5,1,5,2,0,43,Active,Not Churned
CUST_3918,49,Female,Europe,2021-11-11,Premium,19.79,Direct Debit,Yes,Monthly,7.1,Drama,2,3,7,1,1,29,Active,Not Churned
CUST_3919,58,Male,Europe,2023-05-02,Basic,7.68,Digital Wallet,No,Monthly,8.6,Anime,4,5,6,0,3,22,Active,Not Churned
CUST_3920,32,Other,Asia Pacific,2025-09-21,Standard,14.49,Credit Card,Yes,Monthly,7.3,Thriller,5,5,5,1,4,39,Active,Not Churned
CUST_3921,41,Male,Middle East & Africa,2023-02-23,Premium,19.69,Carrier Billing,Yes,Annual,10.9,Anime,2,7,7,2,3,28,Active,Not Churned
CUST_3922,18,Male,Europe,2022-07-13,Basic,8.19,Credit Card,No,Annual,8.0,Thriller,3,4,6,2,4,43,Active,Not Churned
CUST_3923,41,Male,North America,2024-10-28,Basic,8.33,Credit Card,Yes,Monthly,6.4,Anime,2,4,7,0,2,12,Active,Not Churned
CUST_3924,23,Male,North America,2023-10-14,Standard,13.94,Direct Debit,Yes,Annual,5.8,Anime,4,4,0,2,1,23,Active,Not Churned
CUST_3925,40,Male,Asia Pacific,2023-01-19,Basic,7.51,Carrier Billing,Yes,Monthly,8.2,Family,4,6,7,0,1,18,Active,Not Churned
CUST_3926,30,Female,Asia Pacific,2025-01-03,Standard,13.51,PayPal,Yes,Monthly,16.1,Thriller,6,12,8,1,1,0,Active,Not Churned
CUST_3927,39,Female,Europe,2025-03-15,Standard,14.29,Credit Card,Yes,Monthly,5.8,Drama,3,1,4,0,0,28,Churned,Technical issues
CUST_3928,22,Female,Latin America,2024-09-24,Standard,13.55,Credit Card,Yes,Monthly,21.4,Anime,2,13,9,0,1,5,Active,Not Churned
CUST_3929,30,Female,North America,2024-08-31,Standard,14.13,Carrier Billing,No,Monthly,8.9,Action,4,6,6,0,0,4,Active,Not Churned
CUST_3930,42,Female,Asia Pacific,2021-03-02,Standard,14.03,Credit Card,No,Monthly,13.4,Action,2,9,10,1,0,9,Active,Not Churned
CUST_3931,38,Male,Asia Pacific,2023-02-19,Standard,14.12,Direct Debit,No,Monthly,10.3,Comedy,4,9,9,0,0,23,Active,Not Churned
CUST_3932,18,Female,Middle East & Africa,2023-01-19,Basic,8.16,Direct Debit,Yes,Monthly,10.5,Drama,3,5,4,1,3,33,Active,Not Churned
CUST_3933,33,Female,North America,2021-07-10,Standard,13.66,Direct Debit,Yes,Annual,5.0,Family,1,6,6,0,2,17,Active,Not Churned
CUST_3934,28,Male,Europe,2024-12-06,Premium,19.65,Credit Card,Yes,Monthly,7.7,Thriller,4,3,10,1,0,19,Active,Not Churned
CUST_3935,24,Male,Asia Pacific,2022-07-04,Standard,14.24,Direct Debit,No,Monthly,3.0,Anime,3,3,2,2,4,39,Active,Not Churned
CUST_3936,27,Male,Asia Pacific,2025-08-18,Standard,13.77,Digital Wallet,Yes,Monthly,7.5,Action,4,5,6,2,1,10,Active,Not Churned
CUST_3937,42,Female,Europe,2021-05-16,Basic,7.03,Carrier Billing,Yes,Monthly,11.0,Action,3,7,2,1,3,27,Active,Not Churned
CUST_3938,50,Female,Asia Pacific,2024-06-29,Basic,8.22,PayPal,No,Monthly,6.8,Drama,5,3,3,4,0,15,Active,Not Churned
CUST_3939,40,Male,North America,2021-12-04,Basic,7.63,Credit Card,Yes,Monthly,13.1,Anime,1,9,10,1,0,26,Active,Not Churned
CUST_3940,28,Male,Europe,2022-12-08,Basic,8.15,Direct Debit,Yes,Monthly,6.1,Sci-Fi,2,7,8,1,1,24,Active,Not Churned
CUST_3941,34,Male,Middle East & Africa,2023-06-10,Premium,20.48,Direct Debit,Yes,Monthly,6.9,Action,2,3,4,0,1,12,Active,Not Churned
CUST_3942,34,Male,North America,2023-11-08,Basic,8.0,Credit Card,Yes,Monthly,5.5,Documentary,2,5,13,1,1,20,Active,Not Churned
CUST_3943,43,Male,North America,2023-02-16,Premium,20.34,Direct Debit,Yes,Annual,13.7,Action,4,10,10,1,0,15,Active,Not Churned
CUST_3944,34,Female,North America,2024-10-22,Basic,8.04,Carrier Billing,Yes,Monthly,18.2,Documentary,2,10,8,2,2,3,Active,Not Churned
CUST_3945,40,Female,Latin America,2021-01-06,Basic,8.55,PayPal,Yes,Monthly,21.9,Family,2,15,18,2,1,7,Active,Not Churned
CUST_3946,35,Female,Asia Pacific,2023-03-14,Standard,13.62,PayPal,No,Annual,11.7,Comedy,1,7,5,0,0,20,Active,Not Churned
CUST_3947,39,Female,North America,2022-11-29,Basic,7.99,Direct Debit,No,Annual,12.8,Thriller,5,8,10,0,1,2,Active,Not Churned
CUST_3948,43,Male,Europe,2025-06-21,Premium,20.23,Direct Debit,Yes,Annual,4.7,Family,5,2,2,0,0,30,Churned,Too expensive
CUST_3949,23,Male,North America,2025-07-18,Premium,19.92,Direct Debit,Yes,Monthly,5.3,Action,1,4,1,0,2,24,Active,Not Churned
CUST_3950,32,Female,Asia Pacific,2022-07-23,Premium,20.39,PayPal,Yes,Annual,6.4,Action,1,5,8,1,3,33,Active,Not Churned
CUST_3951,32,Female,North America,2025-10-05,Basic,7.84,Direct Debit,Yes,Monthly,15.9,Sci-Fi,1,11,10,2,0,10,Active,Not Churned
CUST_3952,42,Male,Latin America,2025-09-20,Standard,14.71,Carrier Billing,No,Monthly,16.5,Family,2,9,16,1,4,14,Active,Not Churned
CUST_3953,34,Female,Europe,2024-06-27,Basic,8.73,Digital Wallet,Yes,Monthly,24.7,Documentary,2,13,13,1,0,0,Active,Not Churned
CUST_3954,27,Female,Asia Pacific,2024-07-07,Premium,20.09,PayPal,Yes,Monthly,6.3,Drama,3,5,1,2,2,24,Active,Not Churned
CUST_3955,30,Other,Latin America,2024-10-15,Standard,14.18,Direct Debit,No,Annual,8.0,Comedy,3,8,5,0,1,15,Active,Not Churned
CUST_3956,35,Female,Asia Pacific,2025-06-07,Basic,8.41,PayPal,No,Monthly,2.3,Action,2,4,12,1,1,32,Churned,Too expensive
CUST_3957,40,Male,Europe,2023-07-21,Basic,7.57,Carrier Billing,Yes,Monthly,3.0,Drama,1,6,6,1,2,21,Active,Not Churned
CUST_3958,27,Male,Europe,2025-10-23,Basic,7.53,Carrier Billing,Yes,Monthly,6.4,Thriller,3,6,7,1,1,10,Active,Not Churned
CUST_3959,28,Male,Asia Pacific,2021-04-07,Basic,8.43,Direct Debit,No,Monthly,4.5,Family,1,5,6,2,0,19,Active,Not Churned
CUST_3960,28,Female,North America,2021-02-13,Premium,20.09,PayPal,Yes,Monthly,6.5,Family,2,6,4,0,0,8,Churned,Switched to competitor
CUST_3961,28,Female,Europe,2022-10-01,Premium,19.91,PayPal,No,Monthly,7.3,Drama,6,8,14,1,0,18,Active,Not Churned
CUST_3962,30,Female,Asia Pacific,2025-01-24,Premium,19.99,Carrier Billing,Yes,Monthly,18.9,Family,1,13,14,0,1,12,Active,Not Churned
CUST_3963,38,Male,North America,2021-03-29,Basic,7.15,Credit Card,Yes,Monthly,14.2,Drama,2,7,11,1,0,23,Churned,Payment issues
CUST_3964,43,Male,Asia Pacific,2022-12-16,Standard,13.92,PayPal,Yes,Annual,4.7,Drama,5,5,8,0,4,25,Churned,Low usage
CUST_3965,28,Male,Europe,2023-10-30,Basic,7.73,Credit Card,Yes,Monthly,13.9,Action,6,9,6,1,2,13,Active,Not Churned
CUST_3966,18,Male,Asia Pacific,2021-12-08,Standard,14.31,Direct Debit,Yes,Monthly,5.4,Documentary,1,4,2,0,1,20,Active,Not Churned
CUST_3967,37,Male,North America,2024-02-10,Basic,8.34,PayPal,Yes,Annual,2.7,Drama,4,1,3,0,0,26,Active,Not Churned
CUST_3968,18,Male,Asia Pacific,2023-06-15,Basic,8.19,Direct Debit,Yes,Monthly,5.2,Sci-Fi,3,1,8,2,1,27,Churned,Too expensive
CUST_3969,47,Female,Latin America,2025-11-14,Standard,14.13,Credit Card,Yes,Monthly,9.8,Comedy,3,6,3,1,0,31,Active,Not Churned
CUST_3970,33,Male,Europe,2024-04-14,Basic,7.47,Digital Wallet,No,Monthly,4.3,Action,3,1,4,0,4,31,Churned,Lack of content
CUST_3971,36,Male,Latin America,2024-01-13,Standard,14.2,Direct Debit,Yes,Monthly,11.6,Drama,6,7,8,0,1,18,Churned,Lack of content
CUST_3972,44,Male,Europe,2021-09-26,Standard,14.21,Credit Card,Yes,Monthly,6.1,Drama,5,6,1,1,0,14,Active,Not Churned
CUST_3973,31,Male,Latin America,2024-06-12,Basic,8.43,Carrier Billing,Yes,Monthly,9.5,Drama,6,5,6,1,2,19,Active,Not Churned
CUST_3974,38,Male,Middle East & Africa,2025-10-10,Premium,20.73,Direct Debit,No,Monthly,5.9,Comedy,2,5,7,2,2,17,Active,Not Churned
CUST_3975,38,Male,North America,2024-04-16,Standard,13.4,PayPal,Yes,Annual,8.4,Sci-Fi,4,4,2,3,0,18,Churned,Technical issues
CUST_3976,51,Female,Europe,2025-06-09,Premium,19.85,Credit Card,Yes,Monthly,6.4,Drama,4,5,10,0,0,33,Active,Not Churned
CUST_3977,54,Female,Middle East & Africa,2023-04-24,Standard,13.73,Credit Card,Yes,Monthly,7.2,Anime,5,6,7,0,1,24,Active,Not Churned
CUST_3978,33,Male,North America,2025-11-16,Standard,14.05,Credit Card,No,Annual,21.6,Drama,4,10,15,1,1,12,Active,Not Churned
CUST_3979,49,Male,North America,2023-01-22,Standard,13.99,PayPal,Yes,Annual,6.6,Drama,4,3,6,0,1,21,Active,Not Churned
CUST_3980,18,Male,North America,2022-06-08,Premium,19.91,PayPal,Yes,Monthly,5.3,Family,2,2,2,2,0,36,Churned,Switched to competitor
CUST_3981,31,Male,Europe,2021-08-20,Standard,14.35,Carrier Billing,Yes,Monthly,8.7,Drama,4,7,5,1,0,12,Active,Not Churned
CUST_3982,40,Male,Asia Pacific,2023-05-19,Basic,7.6,Direct Debit,No,Monthly,8.1,Comedy,3,6,8,1,1,9,Active,Not Churned
CUST_3983,20,Male,Europe,2021-02-28,Basic,7.63,Credit Card,Yes,Annual,8.1,Sci-Fi,5,5,5,1,0,24,Active,Not Churned
CUST_3984,56,Female,Middle East & Africa,2025-04-28,Standard,13.63,Digital Wallet,Yes,Monthly,11.2,Family,3,7,9,1,1,13,Active,Not Churned
CUST_3985,49,Female,Europe,2024-07-15,Basic,7.86,Credit Card,Yes,Annual,5.7,Thriller,1,5,2,0,2,15,Active,Not Churned
CUST_3986,30,Male,Asia Pacific,2023-12-11,Basic,7.56,Direct Debit,Yes,Monthly,11.1,Drama,3,8,9,2,0,9,Active,Not Churned
CUST_3987,56,Female,North America,2025-06-01,Basic,7.97,Credit Card,Yes,Monthly,7.5,Action,6,4,8,0,0,25,Active,Not Churned
CUST_3988,42,Male,Asia Pacific,2025-03-13,Standard,13.93,Credit Card,No,Monthly,3.8,Comedy,4,2,0,1,2,29,Churned,Lack of content
CUST_3989,36,Female,Europe,2024-06-23,Basic,7.71,Carrier Billing,No,Monthly,12.0,Comedy,4,7,9,2,0,12,Active,Not Churned
CUST_3990,38,Male,Middle East & Africa,2021-01-01,Standard,14.3,Direct Debit,Yes,Monthly,9.2,Drama,4,6,2,1,0,23,Active,Not Churned
CUST_3991,26,Female,Latin America,2024-11-10,Premium,19.97,PayPal,Yes,Monthly,12.8,Sci-Fi,3,12,3,2,2,8,Active,Not Churned
CUST_3992,36,Female,North America,2023-08-10,Premium,20.36,Credit Card,Yes,Monthly,5.4,Family,2,4,3,2,0,12,Active,Not Churned
CUST_3993,26,Female,Europe,2021-10-31,Basic,7.92,Direct Debit,Yes,Annual,12.4,Action,4,8,17,0,2,9,Churned,Technical issues
CUST_3994,34,Female,Europe,2025-07-15,Standard,13.98,Carrier Billing,Yes,Monthly,24.7,Thriller,3,15,18,1,2,8,Active,Not Churned
CUST_3995,35,Female,Asia Pacific,2022-06-06,Standard,13.79,Carrier Billing,Yes,Monthly,3.9,Action,5,6,8,0,0,13,Active,Not Churned
CUST_3996,36,Female,Latin America,2024-10-29,Standard,13.99,Credit Card,No,Monthly,14.1,Thriller,3,7,12,0,1,19,Active,Not Churned
CUST_3997,34,Female,Middle East & Africa,2022-03-03,Standard,14.24,Credit Card,Yes,Annual,9.2,Thriller,3,9,8,1,0,22,Active,Not Churned
CUST_3998,58,Male,Asia Pacific,2021-06-15,Basic,7.85,Credit Card,Yes,Annual,7.6,Anime,5,5,9,1,5,26,Active,Not Churned
CUST_3999,18,Female,Asia Pacific,2025-08-31,Premium,20.17,Credit Card,Yes,Monthly,14.5,Thriller,3,13,8,1,2,30,Active,Not Churned
CUST_4000,18,Male,Europe,2024-12-31,Basic,7.71,Credit Card,Yes,Monthly,11.7,Documentary,3,8,10,1,2,21,Active,Not Churned
CUST_4001,25,Female,North America,2025-06-13,Premium,20.26,Credit Card,Yes,Monthly,17.3,Family,3,8,15,1,1,16,Active,Not Churned
CUST_4002,34,Female,North America,2022-07-01,Standard,13.79,Direct Debit,Yes,Monthly,4.2,Anime,3,3,6,0,1,16,Churned,Payment issues
CUST_4003,30,Female,North America,2021-07-17,Basic,8.29,Direct Debit,Yes,Monthly,15.6,Drama,1,12,14,3,0,9,Active,Not Churned
CUST_4004,20,Female,Latin America,2024-03-07,Standard,14.01,Credit Card,No,Monthly,10.2,Sci-Fi,5,7,8,0,1,17,Active,Not Churned
CUST_4005,53,Male,North America,2024-03-08,Basic,8.52,Carrier Billing,No,Annual,2.4,Drama,4,3,8,1,0,30,Active,Not Churned
CUST_4006,39,Female,Asia Pacific,2022-11-02,Standard,13.59,Direct Debit,Yes,Annual,6.6,Family,4,6,5,2,2,20,Active,Not Churned
CUST_4007,31,Male,North America,2023-11-14,Standard,13.47,PayPal,Yes,Monthly,9.3,Comedy,2,6,13,1,1,24,Active,Not Churned
CUST_4008,25,Male,Latin America,2025-05-09,Basic,7.77,Credit Card,No,Monthly,5.8,Anime,4,4,7,1,0,23,Active,Not Churned
CUST_4009,31,Male,Asia Pacific,2022-02-09,Basic,7.51,Direct Debit,Yes,Annual,7.0,Comedy,3,3,5,0,1,32,Active,Not Churned
CUST_4010,29,Male,Europe,2025-04-07,Standard,13.51,Carrier Billing,Yes,Monthly,6.0,Action,1,8,2,0,1,24,Active,Not Churned
CUST_4011,38,Male,Latin America,2025-08-31,Basic,8.21,Credit Card,No,Monthly,31.1,Drama,3,15,17,1,1,8,Active,Not Churned
CUST_4012,21,Female,Asia Pacific,2025-08-25,Premium,19.99,Credit Card,Yes,Monthly,13.2,Drama,2,8,6,1,2,25,Active,Not Churned
CUST_4013,26,Male,Latin America,2022-07-27,Standard,13.82,Credit Card,Yes,Monthly,8.7,Comedy,5,7,7,0,0,24,Active,Not Churned
CUST_4014,43,Female,Asia Pacific,2023-09-14,Standard,13.85,Direct Debit,Yes,Monthly,4.6,Sci-Fi,3,4,1,1,2,30,Active,Not Churned
CUST_4015,28,Male,North America,2023-03-26,Basic,7.78,Digital Wallet,No,Annual,15.3,Drama,4,7,14,0,2,22,Active,Not Churned
CUST_4016,40,Female,Asia Pacific,2023-10-17,Standard,14.57,PayPal,Yes,Monthly,11.1,Thriller,5,5,8,1,1,26,Churned,Too expensive
CUST_4017,33,Female,Asia Pacific,2023-06-11,Premium,19.73,Carrier Billing,Yes,Monthly,6.2,Action,2,6,6,1,2,34,Active,Not Churned
CUST_4018,31,Male,Latin America,2021-08-17,Basic,7.53,Direct Debit,Yes,Annual,4.2,Comedy,4,2,1,2,0,28,Churned,Switched to competitor
CUST_4019,27,Male,North America,2022-12-02,Basic,8.27,Digital Wallet,Yes,Monthly,7.1,Action,4,1,4,1,2,37,Active,Not Churned
CUST_4020,35,Male,North America,2024-03-18,Basic,7.91,Direct Debit,Yes,Annual,8.0,Documentary,4,6,0,1,1,16,Active,Not Churned
CUST_4021,32,Male,North America,2025-03-25,Standard,14.7,Digital Wallet,Yes,Annual,11.7,Comedy,4,6,13,1,1,32,Churned,Too expensive
CUST_4022,18,Male,Europe,2025-10-31,Standard,13.81,Digital Wallet,Yes,Monthly,8.1,Thriller,2,7,2,0,1,21,Active,Not Churned
CUST_4023,45,Female,North America,2024-01-29,Standard,14.29,Credit Card,Yes,Annual,12.3,Documentary,2,7,5,0,0,14,Active,Not Churned
CUST_4024,37,Female,Asia Pacific,2025-04-15,Standard,14.37,PayPal,Yes,Annual,6.5,Comedy,2,4,10,0,2,25,Active,Not Churned
CUST_4025,20,Female,North America,2023-10-30,Basic,7.81,Credit Card,No,Monthly,7.4,Family,5,5,7,1,4,27,Active,Not Churned
CUST_4026,32,Female,North America,2022-11-26,Basic,7.73,Carrier Billing,No,Monthly,15.6,Anime,4,7,11,0,0,17,Active,Not Churned
CUST_4027,31,Female,North America,2023-11-03,Basic,8.25,PayPal,Yes,Monthly,11.9,Comedy,3,6,10,1,0,21,Active,Not Churned
CUST_4028,24,Male,Europe,2022-04-02,Premium,20.19,Digital Wallet,No,Annual,9.7,Comedy,5,6,10,0,1,19,Churned,Low usage
CUST_4029,40,Male,North America,2022-04-24,Standard,13.5,Digital Wallet,Yes,Monthly,10.0,Documentary,5,4,8,0,0,10,Active,Not Churned
CUST_4030,48,Other,North America,2022-09-30,Standard,13.6,PayPal,Yes,Monthly,8.1,Sci-Fi,3,7,2,1,0,30,Churned,Lack of content
CUST_4031,29,Female,North America,2025-05-11,Premium,19.1,PayPal,Yes,Monthly,5.0,Anime,2,3,7,1,0,26,Active,Not Churned
CUST_4032,30,Female,Latin America,2025-02-16,Basic,8.2,Credit Card,Yes,Monthly,1.0,Drama,7,1,4,1,1,31,Active,Not Churned
CUST_4033,25,Male,North America,2023-02-19,Basic,7.9,Credit Card,Yes,Monthly,18.7,Drama,2,10,16,2,0,13,Active,Not Churned
CUST_4034,18,Male,Europe,2023-10-03,Basic,7.93,Direct Debit,Yes,Monthly,4.3,Anime,5,4,1,1,4,36,Churned,Low usage
CUST_4035,38,Other,North America,2022-05-28,Premium,19.4,Credit Card,Yes,Annual,8.1,Comedy,3,5,4,1,1,23,Active,Not Churned
CUST_4036,53,Female,Europe,2022-03-16,Standard,13.61,Credit Card,No,Monthly,28.8,Thriller,1,17,19,1,1,0,Active,Not Churned
CUST_4037,32,Female,North America,2025-06-15,Standard,13.82,Digital Wallet,No,Annual,4.5,Thriller,4,5,2,0,1,20,Churned,Switched to competitor
CUST_4038,32,Male,Europe,2024-01-02,Basic,7.75,Direct Debit,No,Monthly,7.2,Comedy,4,9,0,1,1,25,Active,Not Churned
CUST_4039,33,Male,Latin America,2023-03-30,Basic,8.03,PayPal,Yes,Monthly,16.2,Action,3,12,12,0,1,11,Active,Not Churned
CUST_4040,29,Female,Asia Pacific,2022-09-03,Standard,14.19,Carrier Billing,Yes,Annual,21.7,Comedy,3,9,17,0,0,13,Active,Not Churned
CUST_4041,23,Female,Europe,2024-06-19,Standard,14.78,PayPal,Yes,Monthly,11.0,Action,4,6,8,3,0,18,Active,Not Churned
CUST_4042,60,Male,Asia Pacific,2024-01-10,Premium,19.98,Direct Debit,Yes,Monthly,17.4,Family,4,10,13,0,1,11,Active,Not Churned
CUST_4043,39,Male,Europe,2022-09-27,Standard,14.38,Credit Card,Yes,Monthly,7.4,Thriller,2,6,7,2,0,28,Active,Not Churned
CUST_4044,40,Male,Asia Pacific,2022-10-10,Standard,13.7,PayPal,Yes,Monthly,1.7,Drama,4,1,3,1,2,25,Active,Not Churned
CUST_4045,57,Female,Asia Pacific,2022-10-26,Standard,13.4,Credit Card,Yes,Monthly,15.3,Anime,2,8,11,4,0,24,Active,Not Churned
CUST_4046,36,Female,Asia Pacific,2024-10-09,Premium,19.87,Direct Debit,Yes,Annual,9.6,Comedy,3,4,11,2,5,38,Churned,Low usage
CUST_4047,26,Female,Europe,2023-06-11,Standard,13.43,Direct Debit,No,Monthly,7.0,Thriller,4,4,3,0,0,23,Churned,Lack of content
CUST_4048,23,Male,Europe,2023-06-30,Standard,14.0,Credit Card,Yes,Annual,6.6,Family,5,4,8,4,0,25,Active,Not Churned
CUST_4049,53,Male,Asia Pacific,2025-10-20,Premium,19.72,Direct Debit,Yes,Monthly,13.5,Anime,2,8,6,1,1,7,Active,Not Churned
CUST_4050,42,Female,Europe,2023-09-14,Basic,7.31,Credit Card,Yes,Monthly,11.4,Drama,3,5,6,0,1,26,Active,Not Churned
CUST_4051,33,Male,Asia Pacific,2025-12-29,Premium,20.6,Direct Debit,Yes,Annual,9.7,Drama,2,8,11,0,3,9,Active,Not Churned
CUST_4052,29,Female,Europe,2021-03-13,Basic,7.8,Credit Card,Yes,Monthly,10.0,Anime,7,7,4,4,0,22,Active,Not Churned
CUST_4053,31,Female,Latin America,2021-08-18,Standard,13.42,Digital Wallet,Yes,Monthly,4.4,Documentary,6,1,4,1,0,28,Active,Not Churned
CUST_4054,38,Female,Middle East & Africa,2025-09-14,Premium,20.3,Credit Card,Yes,Monthly,8.8,Family,6,6,14,2,1,28,Active,Not Churned
CUST_4055,52,Female,Middle East & Africa,2022-05-20,Standard,13.73,Credit Card,Yes,Monthly,4.5,Drama,4,1,8,0,2,24,Active,Not Churned
CUST_4056,33,Male,North America,2021-04-06,Standard,14.37,Credit Card,Yes,Annual,4.5,Drama,4,6,2,0,0,12,Active,Not Churned
CUST_4057,25,Male,Asia Pacific,2021-09-01,Standard,13.73,PayPal,Yes,Annual,10.1,Anime,4,9,6,2,0,19,Active,Not Churned
CUST_4058,21,Male,Europe,2021-08-22,Basic,7.8,PayPal,No,Annual,8.0,Anime,2,5,6,1,1,22,Active,Not Churned
CUST_4059,40,Female,North America,2024-05-21,Basic,8.11,Credit Card,No,Monthly,5.8,Sci-Fi,4,3,9,0,1,11,Active,Not Churned
CUST_4060,45,Female,Latin America,2021-07-01,Basic,8.2,Direct Debit,Yes,Monthly,6.6,Documentary,3,4,3,1,1,24,Active,Not Churned
CUST_4061,52,Female,Asia Pacific,2023-03-11,Standard,14.26,Credit Card,No,Monthly,10.6,Sci-Fi,3,6,5,1,0,32,Active,Not Churned
CUST_4062,61,Female,Asia Pacific,2022-01-07,Standard,13.96,Digital Wallet,Yes,Annual,12.3,Action,2,7,11,1,1,23,Active,Not Churned
CUST_4063,19,Female,Middle East & Africa,2023-08-13,Basic,8.18,PayPal,Yes,Monthly,10.5,Drama,6,9,3,0,2,8,Active,Not Churned
CUST_4064,34,Female,Asia Pacific,2023-02-25,Premium,20.25,PayPal,Yes,Monthly,4.3,Thriller,2,5,2,3,2,30,Active,Not Churned
CUST_4065,30,Male,Middle East & Africa,2025-02-10,Standard,14.06,Direct Debit,Yes,Monthly,2.0,Documentary,3,4,3,0,1,30,Active,Not Churned
CUST_4066,32,Female,Asia Pacific,2021-03-27,Standard,13.94,Carrier Billing,No,Annual,5.3,Documentary,4,4,5,0,2,13,Active,Not Churned
CUST_4067,26,Female,North America,2021-12-23,Standard,13.48,Carrier Billing,No,Annual,2.0,Sci-Fi,5,1,0,1,2,29,Churned,Lack of content
CUST_4068,37,Female,North America,2022-08-13,Basic,8.2,Credit Card,Yes,Annual,17.4,Comedy,4,9,13,1,0,23,Active,Not Churned
CUST_4069,21,Female,Middle East & Africa,2023-03-07,Standard,14.0,Direct Debit,No,Annual,7.2,Thriller,4,5,8,1,0,10,Churned,Low usage
CUST_4070,39,Male,Asia Pacific,2024-10-18,Standard,13.85,Credit Card,Yes,Monthly,3.8,Family,5,1,2,2,2,31,Active,Not Churned
CUST_4071,46,Male,Europe,2022-02-16,Basic,8.44,Direct Debit,Yes,Monthly,6.4,Action,6,5,11,0,1,20,Active,Not Churned
CUST_4072,29,Female,Asia Pacific,2024-06-01,Premium,19.49,Credit Card,Yes,Monthly,3.9,Action,6,5,5,0,1,19,Active,Not Churned
CUST_4073,45,Male,Europe,2023-06-06,Premium,20.57,Credit Card,Yes,Monthly,5.2,Action,3,5,2,1,0,31,Active,Not Churned
CUST_4074,35,Male,Europe,2021-04-15,Standard,13.98,Carrier Billing,No,Annual,6.8,Drama,4,6,11,3,0,30,Active,Not Churned
CUST_4075,43,Female,Europe,2025-11-27,Premium,20.1,Carrier Billing,Yes,Monthly,7.5,Thriller,4,2,5,2,3,30,Active,Not Churned
CUST_4076,37,Female,Asia Pacific,2025-01-27,Premium,19.85,Credit Card,Yes,Monthly,8.1,Sci-Fi,5,8,7,2,1,12,Active,Not Churned
CUST_4077,25,Male,Asia Pacific,2024-08-11,Basic,7.41,Credit Card,No,Monthly,10.1,Comedy,5,4,6,0,2,34,Active,Not Churned
CUST_4078,34,Male,Middle East & Africa,2022-12-03,Standard,13.94,Credit Card,Yes,Annual,14.0,Sci-Fi,5,8,12,3,0,24,Active,Not Churned
CUST_4079,30,Female,Latin America,2024-12-20,Standard,14.11,Digital Wallet,Yes,Annual,9.0,Thriller,4,7,6,1,3,23,Active,Not Churned
CUST_4080,42,Female,Latin America,2025-02-07,Basic,8.23,Credit Card,Yes,Monthly,13.7,Thriller,3,9,8,2,2,23,Churned,Switched to competitor
CUST_4081,32,Male,Latin America,2024-01-04,Basic,7.92,Direct Debit,Yes,Annual,5.6,Thriller,3,2,5,1,2,34,Active,Not Churned
CUST_4082,45,Female,North America,2023-01-17,Basic,7.22,Credit Card,Yes,Annual,14.7,Drama,4,7,9,2,1,14,Active,Not Churned
CUST_4083,39,Male,Middle East & Africa,2021-08-12,Standard,13.45,Direct Debit,No,Annual,9.1,Documentary,6,7,10,1,2,17,Active,Not Churned
CUST_4084,36,Male,Middle East & Africa,2025-08-11,Premium,20.71,Digital Wallet,Yes,Monthly,14.6,Comedy,2,10,6,0,1,13,Active,Not Churned
CUST_4085,36,Male,North America,2022-01-31,Standard,13.61,Credit Card,Yes,Monthly,6.3,Sci-Fi,5,3,5,2,1,14,Active,Not Churned
CUST_4086,44,Female,Latin America,2025-05-03,Basic,8.49,Direct Debit,Yes,Annual,8.1,Action,2,6,7,0,0,16,Active,Not Churned
CUST_4087,41,Male,Europe,2022-06-12,Basic,7.66,Direct Debit,Yes,Monthly,22.5,Sci-Fi,3,10,14,0,0,6,Active,Not Churned
CUST_4088,44,Male,Asia Pacific,2022-07-22,Standard,13.93,Credit Card,Yes,Monthly,8.8,Family,4,7,10,2,1,22,Active,Not Churned
CUST_4089,24,Male,Europe,2023-02-28,Standard,14.21,Digital Wallet,Yes,Monthly,13.9,Documentary,4,7,5,2,1,13,Active,Not Churned
CUST_4090,29,Male,Middle East & Africa,2024-01-06,Premium,19.7,Direct Debit,Yes,Monthly,16.1,Action,5,10,13,0,0,14,Active,Not Churned
CUST_4091,34,Male,Middle East & Africa,2022-12-04,Premium,20.55,Credit Card,No,Monthly,13.0,Thriller,2,8,5,4,0,21,Active,Not Churned
CUST_4092,31,Male,Latin America,2023-03-19,Premium,20.02,Credit Card,No,Monthly,14.1,Documentary,3,11,8,0,1,11,Active,Not Churned
CUST_4093,25,Male,North America,2021-12-19,Premium,20.15,Carrier Billing,Yes,Monthly,7.7,Comedy,3,6,2,2,1,25,Active,Not Churned
CUST_4094,47,Female,North America,2023-04-13,Premium,19.9,Credit Card,Yes,Monthly,6.5,Comedy,2,4,5,1,0,27,Active,Not Churned
CUST_4095,23,Female,Asia Pacific,2024-06-20,Standard,14.22,Carrier Billing,Yes,Annual,4.6,Thriller,2,4,3,1,0,21,Churned,Low usage
CUST_4096,44,Female,Middle East & Africa,2023-03-17,Basic,8.54,Credit Card,Yes,Monthly,9.8,Drama,4,10,12,1,1,15,Active,Not Churned
CUST_4097,52,Female,North America,2023-03-07,Basic,7.94,Carrier Billing,Yes,Annual,8.0,Comedy,3,7,7,1,0,13,Active,Not Churned
CUST_4098,29,Female,North America,2024-03-25,Standard,14.6,Credit Card,Yes,Monthly,10.1,Thriller,5,6,9,0,2,17,Active,Not Churned
CUST_4099,18,Male,Europe,2024-08-08,Basic,7.78,Carrier Billing,Yes,Monthly,3.4,Thriller,3,2,1,3,2,43,Churned,Switched to competitor
CUST_4100,29,Male,Middle East & Africa,2023-01-19,Basic,8.26,Digital Wallet,No,Monthly,5.0,Thriller,6,3,7,2,1,26,Active,Not Churned
CUST_4101,26,Female,Middle East & Africa,2024-01-07,Premium,20.16,Credit Card,Yes,Annual,15.0,Anime,1,10,15,0,1,13,Active,Not Churned
CUST_4102,20,Female,Middle East & Africa,2024-04-02,Basic,7.62,Carrier Billing,Yes,Monthly,8.7,Thriller,2,4,9,0,2,25,Active,Not Churned
CUST_4103,38,Female,Asia Pacific,2022-08-15,Premium,20.06,Carrier Billing,No,Monthly,10.4,Documentary,3,7,4,0,0,19,Churned,Too expensive
CUST_4104,38,Female,Middle East & Africa,2022-07-03,Standard,13.99,Carrier Billing,Yes,Monthly,7.5,Thriller,2,8,5,1,2,16,Active,Not Churned
CUST_4105,39,Male,Middle East & Africa,2024-12-13,Standard,13.69,Credit Card,No,Monthly,5.4,Drama,2,4,5,1,3,25,Active,Not Churned
CUST_4106,25,Female,Middle East & Africa,2025-06-27,Standard,14.12,Carrier Billing,Yes,Monthly,15.7,Action,4,7,9,1,4,31,Active,Not Churned
CUST_4107,45,Female,Europe,2024-02-25,Basic,8.04,Digital Wallet,Yes,Monthly,16.4,Family,4,14,19,1,1,0,Active,Not Churned
CUST_4108,27,Female,Europe,2025-07-25,Standard,13.96,Credit Card,Yes,Monthly,8.9,Documentary,2,9,5,0,1,16,Churned,Too expensive
CUST_4109,23,Other,Latin America,2024-12-24,Basic,7.97,Carrier Billing,Yes,Annual,2.0,Thriller,3,3,3,1,0,19,Active,Not Churned
CUST_4110,23,Female,Europe,2024-06-10,Premium,19.96,Credit Card,No,Monthly,9.2,Anime,7,8,5,1,1,4,Churned,Too expensive
CUST_4111,27,Female,Europe,2024-11-01,Basic,7.86,Credit Card,Yes,Monthly,17.1,Comedy,5,10,12,0,1,13,Active,Not Churned
CUST_4112,35,Female,Asia Pacific,2023-11-23,Basic,8.04,PayPal,Yes,Annual,5.1,Sci-Fi,5,5,9,0,0,12,Active,Not Churned
CUST_4113,23,Male,Middle East & Africa,2021-06-30,Standard,13.76,Digital Wallet,Yes,Annual,6.6,Documentary,1,4,6,1,2,17,Active,Not Churned
CUST_4114,26,Male,Asia Pacific,2024-03-13,Standard,14.92,Direct Debit,Yes,Monthly,13.3,Anime,2,6,9,1,2,41,Active,Not Churned
CUST_4115,50,Female,North America,2023-12-03,Standard,13.5,Digital Wallet,Yes,Monthly,6.5,Action,4,9,2,1,0,18,Active,Not Churned
CUST_4116,28,Female,Asia Pacific,2022-11-27,Standard,13.79,PayPal,Yes,Monthly,8.6,Anime,5,3,10,1,0,28,Active,Not Churned
CUST_4117,43,Female,North America,2024-12-14,Basic,7.81,Direct Debit,Yes,Monthly,1.6,Comedy,4,3,2,1,0,24,Active,Not Churned
CUST_4118,35,Male,North America,2023-02-06,Standard,14.7,Direct Debit,Yes,Monthly,17.3,Thriller,3,11,11,0,1,3,Active,Not Churned
CUST_4119,44,Male,North America,2022-10-08,Basic,7.53,Credit Card,No,Monthly,12.0,Thriller,3,8,2,0,1,15,Active,Not Churned
CUST_4120,36,Female,Asia Pacific,2023-07-19,Basic,8.14,Credit Card,Yes,Monthly,14.4,Documentary,3,9,10,0,3,16,Active,Not Churned
CUST_4121,34,Female,North America,2025-08-03,Basic,8.08,Credit Card,No,Monthly,4.2,Comedy,2,3,3,3,1,15,Churned,Switched to competitor
CUST_4122,31,Male,Asia Pacific,2022-07-15,Basic,8.11,PayPal,Yes,Annual,18.7,Thriller,3,11,7,0,1,24,Active,Not Churned
CUST_4123,26,Female,Asia Pacific,2023-05-08,Basic,8.42,PayPal,Yes,Monthly,7.4,Family,3,6,9,1,1,20,Active,Not Churned
CUST_4124,37,Other,Asia Pacific,2022-05-21,Standard,14.42,Credit Card,Yes,Annual,15.8,Drama,2,9,9,0,0,7,Active,Not Churned
CUST_4125,29,Male,North America,2024-10-05,Basic,7.83,Credit Card,Yes,Annual,9.7,Thriller,3,6,13,1,0,20,Active,Not Churned
CUST_4126,18,Female,North America,2023-08-24,Basic,8.06,Carrier Billing,Yes,Annual,12.3,Action,2,5,13,4,2,18,Active,Not Churned
CUST_4127,37,Male,Asia Pacific,2021-10-07,Standard,13.34,Credit Card,Yes,Monthly,10.8,Drama,3,11,6,3,1,8,Active,Not Churned
CUST_4128,33,Male,North America,2024-04-18,Basic,8.02,Direct Debit,Yes,Monthly,5.8,Family,4,5,9,3,1,36,Active,Not Churned
CUST_4129,38,Female,Asia Pacific,2025-11-19,Standard,13.71,PayPal,Yes,Annual,3.2,Action,2,3,9,2,0,22,Active,Not Churned
CUST_4130,34,Female,Asia Pacific,2023-06-17,Premium,19.92,Credit Card,Yes,Annual,17.8,Action,3,9,10,1,1,16,Active,Not Churned
CUST_4131,42,Female,Europe,2021-07-26,Standard,13.4,Direct Debit,Yes,Monthly,1.7,Drama,5,1,0,1,0,29,Active,Not Churned
CUST_4132,39,Male,Asia Pacific,2022-01-20,Premium,20.13,Carrier Billing,Yes,Monthly,15.1,Sci-Fi,6,11,4,1,0,10,Active,Not Churned
CUST_4133,33,Male,Middle East & Africa,2023-09-30,Basic,7.4,PayPal,Yes,Monthly,15.8,Sci-Fi,4,9,12,2,0,12,Active,Not Churned
CUST_4134,38,Female,Asia Pacific,2022-11-16,Basic,8.04,PayPal,Yes,Annual,3.0,Sci-Fi,6,4,1,1,1,40,Active,Not Churned
CUST_4135,47,Male,North America,2025-09-29,Standard,13.56,Credit Card,No,Annual,6.7,Family,6,2,7,0,2,23,Churned,Switched to competitor
CUST_4136,25,Male,North America,2024-07-12,Standard,13.69,Digital Wallet,No,Monthly,3.5,Action,2,6,2,0,0,12,Active,Not Churned
CUST_4137,18,Female,Middle East & Africa,2021-10-29,Premium,20.39,Carrier Billing,Yes,Annual,7.3,Family,2,7,4,0,2,24,Active,Not Churned
CUST_4138,44,Male,Middle East & Africa,2024-12-02,Basic,8.2,Digital Wallet,Yes,Monthly,14.3,Action,5,9,8,3,2,11,Active,Not Churned
CUST_4139,40,Female,Europe,2023-10-07,Standard,14.39,Direct Debit,No,Annual,13.0,Action,1,9,5,1,4,29,Active,Not Churned
CUST_4140,62,Female,Middle East & Africa,2024-10-16,Standard,14.54,Direct Debit,Yes,Annual,12.0,Action,3,9,7,1,1,15,Active,Not Churned
CUST_4141,35,Female,Asia Pacific,2024-07-30,Basic,7.72,Carrier Billing,Yes,Monthly,6.0,Thriller,2,2,3,0,1,28,Active,Not Churned
CUST_4142,31,Male,North America,2024-04-27,Basic,8.51,Digital Wallet,No,Annual,1.2,Sci-Fi,4,5,3,2,1,26,Churned,Lack of content
CUST_4143,39,Female,Latin America,2023-09-28,Premium,19.48,Digital Wallet,No,Monthly,5.3,Anime,3,5,5,2,3,25,Churned,Technical issues
CUST_4144,43,Male,Europe,2022-03-02,Basic,8.25,Credit Card,Yes,Monthly,6.8,Sci-Fi,5,4,3,0,1,30,Active,Not Churned
CUST_4145,40,Female,Asia Pacific,2022-10-29,Premium,19.82,Direct Debit,No,Monthly,5.9,Sci-Fi,3,2,9,1,1,32,Active,Not Churned
CUST_4146,32,Female,Middle East & Africa,2023-01-14,Standard,13.66,PayPal,Yes,Annual,13.9,Action,1,10,9,2,1,19,Active,Not Churned
CUST_4147,47,Female,Asia Pacific,2022-01-20,Standard,14.21,Carrier Billing,No,Monthly,19.7,Family,6,12,17,0,3,3,Active,Not Churned
CUST_4148,24,Other,Asia Pacific,2023-10-14,Standard,14.32,Credit Card,Yes,Monthly,10.3,Anime,6,8,8,1,1,15,Active,Not Churned
CUST_4149,27,Male,Latin America,2021-06-06,Premium,20.31,PayPal,Yes,Monthly,5.0,Comedy,3,4,5,0,1,23,Churned,Lack of content
CUST_4150,50,Male,Latin America,2025-10-19,Basic,8.07,Digital Wallet,Yes,Annual,16.1,Sci-Fi,3,8,9,1,1,30,Active,Not Churned
CUST_4151,41,Female,Asia Pacific,2022-01-27,Basic,8.04,Direct Debit,Yes,Monthly,8.4,Family,4,7,8,1,0,8,Active,Not Churned
CUST_4152,30,Male,North America,2021-11-25,Standard,14.17,Credit Card,Yes,Monthly,8.4,Documentary,4,5,7,0,3,21,Churned,Switched to competitor
CUST_4153,35,Male,Middle East & Africa,2024-12-17,Standard,14.1,Digital Wallet,Yes,Annual,11.5,Documentary,2,7,11,1,0,25,Churned,Lack of content
CUST_4154,55,Male,Asia Pacific,2024-01-05,Basic,8.18,Credit Card,Yes,Annual,3.4,Thriller,2,7,9,1,2,15,Active,Not Churned
CUST_4155,32,Other,Asia Pacific,2021-04-19,Basic,8.06,Digital Wallet,No,Annual,6.1,Family,1,6,3,2,2,19,Active,Not Churned
CUST_4156,27,Female,Latin America,2023-01-07,Basic,8.28,Credit Card,Yes,Monthly,7.4,Drama,3,7,8,0,1,30,Active,Not Churned
CUST_4157,35,Female,Europe,2025-01-25,Basic,7.42,PayPal,No,Monthly,9.1,Family,3,11,9,0,4,19,Active,Not Churned
CUST_4158,43,Male,North America,2023-02-03,Basic,7.94,Credit Card,Yes,Monthly,9.7,Family,3,7,9,2,1,27,Active,Not Churned
CUST_4159,38,Male,Europe,2024-03-15,Premium,19.51,Digital Wallet,Yes,Annual,12.8,Thriller,2,8,8,0,1,22,Churned,Too expensive
CUST_4160,45,Male,Middle East & Africa,2024-10-03,Basic,8.09,Direct Debit,No,Annual,5.3,Anime,2,3,4,1,1,27,Churned,Too expensive
CUST_4161,26,Male,Latin America,2025-08-19,Premium,20.56,Credit Card,Yes,Monthly,4.2,Action,3,3,3,1,2,29,Churned,Lack of content
CUST_4162,22,Female,Asia Pacific,2024-04-20,Premium,19.82,Carrier Billing,Yes,Annual,8.7,Documentary,2,2,5,0,2,35,Churned,Switched to competitor
CUST_4163,45,Male,Latin America,2024-02-02,Basic,8.03,Digital Wallet,Yes,Monthly,7.3,Documentary,3,7,3,2,0,13,Active,Not Churned
CUST_4164,23,Female,Middle East & Africa,2023-08-28,Standard,14.25,Digital Wallet,Yes,Annual,2.8,Action,4,1,3,0,2,42,Active,Not Churned
CUST_4165,23,Female,Latin America,2023-06-25,Standard,13.27,Credit Card,No,Monthly,5.9,Thriller,4,6,3,2,0,17,Churned,Low usage
CUST_4166,27,Female,Middle East & Africa,2021-04-24,Standard,13.81,Carrier Billing,Yes,Annual,9.3,Documentary,3,6,8,0,0,25,Active,Not Churned
CUST_4167,25,Male,Middle East & Africa,2022-05-24,Basic,8.12,Digital Wallet,Yes,Monthly,5.7,Action,3,5,5,1,2,28,Active,Not Churned
CUST_4168,28,Male,Asia Pacific,2021-06-17,Basic,6.98,Digital Wallet,No,Monthly,8.4,Comedy,3,6,7,0,0,14,Churned,Technical issues
CUST_4169,18,Male,Asia Pacific,2022-04-12,Basic,7.65,Digital Wallet,Yes,Monthly,5.5,Documentary,4,7,4,1,2,25,Active,Not Churned
CUST_4170,48,Female,Middle East & Africa,2023-08-13,Standard,14.38,Carrier Billing,Yes,Monthly,11.9,Action,1,10,9,0,2,16,Active,Not Churned
CUST_4171,19,Female,Middle East & Africa,2025-04-25,Premium,20.34,Digital Wallet,No,Monthly,6.1,Documentary,1,4,5,1,1,12,Active,Not Churned
CUST_4172,57,Male,Asia Pacific,2025-03-20,Standard,14.12,Credit Card,Yes,Monthly,8.5,Sci-Fi,5,4,9,0,2,25,Active,Not Churned
CUST_4173,42,Female,North America,2021-04-10,Standard,14.3,Digital Wallet,Yes,Monthly,8.7,Documentary,4,8,5,1,1,9,Active,Not Churned
CUST_4174,61,Male,North America,2023-06-29,Premium,20.07,Direct Debit,Yes,Monthly,14.9,Family,2,7,11,0,2,24,Active,Not Churned
CUST_4175,27,Female,North America,2022-09-27,Standard,14.18,Credit Card,Yes,Monthly,7.0,Family,1,2,2,3,1,29,Churned,Too expensive
CUST_4176,30,Male,North America,2023-10-28,Basic,7.88,PayPal,Yes,Annual,18.9,Anime,3,12,15,2,0,16,Active,Not Churned
CUST_4177,48,Male,Latin America,2021-06-18,Premium,20.03,Credit Card,No,Annual,20.5,Family,4,14,12,0,2,3,Active,Not Churned
CUST_4178,24,Female,Asia Pacific,2025-12-20,Standard,13.77,Direct Debit,No,Monthly,5.0,Comedy,3,3,2,1,1,17,Active,Not Churned
CUST_4179,42,Female,Europe,2022-04-27,Basic,8.43,Credit Card,Yes,Annual,7.6,Family,3,6,3,1,1,14,Churned,Switched to competitor
CUST_4180,33,Male,North America,2022-03-22,Standard,14.52,Credit Card,Yes,Monthly,3.9,Sci-Fi,4,3,0,1,2,42,Churned,Technical issues
CUST_4181,44,Male,Asia Pacific,2024-06-01,Premium,20.47,Direct Debit,Yes,Monthly,12.3,Thriller,1,9,7,3,0,38,Active,Not Churned
CUST_4182,48,Female,North America,2023-08-22,Basic,7.85,Carrier Billing,Yes,Annual,5.6,Anime,6,6,10,1,1,35,Active,Not Churned
CUST_4183,29,Female,Asia Pacific,2023-05-06,Standard,13.66,PayPal,Yes,Monthly,9.0,Thriller,3,6,5,0,0,7,Active,Not Churned
CUST_4184,27,Female,Middle East & Africa,2024-10-28,Basic,8.44,Direct Debit,Yes,Monthly,6.6,Anime,4,3,0,1,1,17,Churned,Switched to competitor
CUST_4185,21,Female,Middle East & Africa,2021-06-27,Basic,8.18,Direct Debit,Yes,Annual,30.4,Family,2,14,20,0,0,0,Active,Not Churned
CUST_4186,20,Male,North America,2025-10-05,Basic,8.11,PayPal,Yes,Annual,7.1,Thriller,3,7,3,0,2,26,Active,Not Churned
CUST_4187,29,Female,Asia Pacific,2021-04-24,Standard,13.77,Direct Debit,Yes,Monthly,7.4,Drama,1,3,9,0,0,38,Churned,Too expensive
CUST_4188,34,Female,Europe,2025-02-13,Premium,20.14,Credit Card,Yes,Monthly,15.4,Sci-Fi,4,10,9,2,1,22,Churned,Technical issues
CUST_4189,29,Male,Asia Pacific,2023-11-03,Basic,7.61,Digital Wallet,Yes,Annual,14.5,Sci-Fi,2,10,9,2,1,17,Active,Not Churned
CUST_4190,37,Female,Europe,2023-08-29,Basic,8.21,Credit Card,Yes,Annual,9.1,Drama,2,5,11,1,0,15,Active,Not Churned
CUST_4191,42,Other,Europe,2023-07-13,Basic,8.47,PayPal,Yes,Monthly,14.8,Drama,2,9,12,2,3,19,Active,Not Churned
CUST_4192,29,Male,Asia Pacific,2024-03-31,Basic,8.56,Digital Wallet,Yes,Monthly,27.5,Family,7,17,13,2,2,6,Active,Not Churned
CUST_4193,30,Female,Asia Pacific,2021-10-29,Standard,14.24,PayPal,No,Monthly,7.1,Thriller,4,4,3,1,0,29,Active,Not Churned
CUST_4194,46,Male,Asia Pacific,2025-01-19,Standard,13.51,Credit Card,Yes,Monthly,4.2,Comedy,2,2,0,0,0,22,Churned,Lack of content
CUST_4195,38,Female,North America,2023-09-28,Standard,14.06,Carrier Billing,No,Annual,10.5,Drama,3,6,16,1,1,24,Churned,Low usage
CUST_4196,33,Male,North America,2022-10-15,Standard,14.74,Credit Card,Yes,Monthly,14.7,Comedy,4,11,7,3,1,17,Active,Not Churned
CUST_4197,28,Female,Latin America,2022-06-19,Standard,13.69,Carrier Billing,Yes,Annual,18.7,Comedy,4,14,16,2,1,9,Active,Not Churned
CUST_4198,43,Female,Asia Pacific,2024-12-25,Basic,7.97,Credit Card,Yes,Monthly,10.9,Thriller,5,7,6,0,1,16,Churned,Low usage
CUST_4199,32,Female,Europe,2025-02-17,Basic,8.48,Credit Card,Yes,Monthly,7.9,Comedy,4,4,3,2,0,25,Active,Not Churned
CUST_4200,18,Female,Asia Pacific,2023-09-20,Premium,20.21,Credit Card,No,Monthly,6.7,Anime,4,7,6,1,0,17,Churned,Too expensive
CUST_4201,18,Male,Middle East & Africa,2022-03-01,Standard,14.86,Credit Card,Yes,Annual,16.5,Family,2,7,10,0,3,16,Active,Not Churned
CUST_4202,26,Female,Europe,2022-08-12,Premium,19.73,PayPal,Yes,Monthly,11.3,Anime,3,8,11,0,0,21,Active,Not Churned
CUST_4203,24,Male,Europe,2024-12-07,Premium,19.64,Carrier Billing,Yes,Annual,4.2,Family,2,4,7,1,1,36,Churned,Technical issues
CUST_4204,35,Male,Asia Pacific,2023-03-20,Standard,14.42,Carrier Billing,Yes,Monthly,23.2,Action,4,15,13,1,4,12,Active,Not Churned
CUST_4205,18,Female,Asia Pacific,2022-07-11,Premium,19.57,Credit Card,Yes,Annual,5.6,Family,3,7,1,0,0,16,Active,Not Churned
CUST_4206,35,Female,Asia Pacific,2025-08-06,Standard,13.92,Credit Card,Yes,Monthly,14.8,Family,1,7,7,1,3,28,Churned,Lack of content
CUST_4207,24,Male,Asia Pacific,2025-03-20,Basic,7.97,PayPal,Yes,Annual,8.9,Sci-Fi,4,6,0,2,1,23,Active,Not Churned
CUST_4208,44,Female,Europe,2023-12-02,Basic,8.35,Direct Debit,Yes,Monthly,2.4,Thriller,2,2,2,1,0,34,Active,Not Churned
CUST_4209,27,Female,North America,2021-01-21,Basic,8.2,Digital Wallet,Yes,Annual,7.3,Family,3,5,6,0,1,22,Active,Not Churned
CUST_4210,43,Female,North America,2025-08-11,Basic,8.15,Credit Card,No,Monthly,6.4,Family,5,6,2,1,1,25,Active,Not Churned
CUST_4211,33,Male,North America,2025-09-04,Standard,13.85,Credit Card,No,Monthly,3.5,Documentary,3,3,0,1,0,37,Active,Not Churned
CUST_4212,29,Male,North America,2025-09-07,Standard,14.42,Carrier Billing,Yes,Monthly,11.0,Family,3,7,8,2,1,29,Churned,Low usage
CUST_4213,21,Female,Middle East & Africa,2021-08-09,Premium,21.4,Credit Card,Yes,Monthly,15.0,Drama,2,11,8,1,1,12,Active,Not Churned
CUST_4214,26,Male,Latin America,2024-04-20,Standard,14.23,Direct Debit,No,Monthly,8.4,Sci-Fi,4,8,6,1,1,25,Churned,Technical issues
CUST_4215,48,Female,Asia Pacific,2024-01-24,Basic,8.02,Credit Card,No,Annual,6.3,Family,2,5,4,1,2,17,Churned,Lack of content
CUST_4216,33,Male,Europe,2021-04-26,Standard,13.54,PayPal,Yes,Monthly,11.4,Family,2,7,9,1,1,18,Active,Not Churned
CUST_4217,25,Female,Latin America,2021-09-15,Standard,13.77,PayPal,Yes,Monthly,1.5,Thriller,2,1,1,2,1,37,Churned,Too expensive
CUST_4218,37,Male,Middle East & Africa,2025-08-15,Basic,7.92,Direct Debit,Yes,Monthly,5.9,Action,2,7,4,1,3,34,Active,Not Churned
CUST_4219,29,Male,Europe,2021-07-17,Basic,7.8,Direct Debit,Yes,Annual,6.1,Family,1,5,0,0,0,15,Active,Not Churned
CUST_4220,27,Female,Europe,2024-10-02,Basic,7.98,PayPal,No,Monthly,7.8,Thriller,4,6,6,0,1,20,Active,Not Churned
CUST_4221,30,Male,Latin America,2025-05-08,Basic,8.61,Digital Wallet,Yes,Monthly,2.7,Family,4,3,4,0,0,23,Active,Not Churned
CUST_4222,44,Male,Europe,2023-01-22,Premium,20.43,Digital Wallet,Yes,Monthly,3.8,Documentary,3,4,4,0,0,21,Active,Not Churned
CUST_4223,34,Female,Middle East & Africa,2023-03-05,Standard,13.93,Credit Card,No,Monthly,4.6,Action,4,5,10,1,1,14,Churned,Lack of content
CUST_4224,41,Male,North America,2023-04-12,Standard,13.57,PayPal,No,Monthly,10.9,Thriller,1,9,8,0,1,18,Churned,Low usage
CUST_4225,30,Female,Middle East & Africa,2023-07-31,Basic,8.46,PayPal,Yes,Monthly,6.1,Sci-Fi,1,7,5,1,0,9,Active,Not Churned
CUST_4226,28,Female,North America,2021-02-16,Premium,19.97,PayPal,No,Annual,5.9,Comedy,4,5,7,0,0,28,Active,Not Churned
CUST_4227,49,Female,Latin America,2021-05-21,Standard,13.39,Credit Card,Yes,Monthly,21.2,Action,1,15,20,5,0,18,Active,Not Churned
CUST_4228,23,Male,Europe,2025-05-11,Basic,8.24,Direct Debit,Yes,Annual,6.3,Drama,5,7,6,1,1,15,Active,Not Churned
CUST_4229,31,Female,Latin America,2022-10-04,Standard,14.35,Credit Card,Yes,Monthly,8.5,Drama,6,6,0,0,1,11,Active,Not Churned
CUST_4230,45,Female,North America,2025-08-19,Standard,13.14,Credit Card,Yes,Monthly,16.4,Action,4,7,12,2,1,20,Active,Not Churned
CUST_4231,29,Female,Asia Pacific,2021-05-19,Standard,13.7,Direct Debit,Yes,Annual,9.2,Sci-Fi,5,6,4,0,0,15,Active,Not Churned
CUST_4232,53,Male,Asia Pacific,2021-07-22,Basic,7.95,Carrier Billing,No,Annual,10.7,Drama,4,10,2,2,3,18,Active,Not Churned
CUST_4233,25,Male,Europe,2023-02-26,Standard,14.25,Credit Card,Yes,Monthly,5.2,Comedy,5,3,10,0,2,28,Churned,Payment issues
CUST_4234,40,Female,Asia Pacific,2024-10-24,Basic,7.81,Carrier Billing,No,Monthly,8.1,Documentary,6,6,11,0,1,13,Active,Not Churned
CUST_4235,51,Male,Middle East & Africa,2021-08-20,Basic,7.7,Direct Debit,Yes,Monthly,19.1,Drama,5,11,10,0,0,21,Active,Not Churned
CUST_4236,36,Female,Latin America,2023-09-01,Basic,8.24,Credit Card,Yes,Monthly,9.9,Comedy,5,8,5,1,0,11,Active,Not Churned
CUST_4237,38,Male,North America,2022-05-20,Premium,19.83,Direct Debit,Yes,Annual,11.1,Comedy,3,6,9,2,0,27,Churned,Payment issues
CUST_4238,42,Male,Middle East & Africa,2021-10-04,Basic,8.18,PayPal,Yes,Annual,6.7,Anime,7,3,3,0,2,21,Active,Not Churned
CUST_4239,18,Male,Latin America,2022-04-03,Standard,13.6,Direct Debit,No,Annual,3.9,Family,6,4,4,0,0,22,Churned,Lack of content
CUST_4240,48,Female,Europe,2024-05-11,Basic,7.52,PayPal,Yes,Monthly,14.7,Thriller,2,8,8,3,1,23,Active,Not Churned
CUST_4241,37,Female,Middle East & Africa,2025-06-13,Premium,20.25,PayPal,Yes,Annual,9.5,Drama,2,3,6,1,3,31,Active,Not Churned
CUST_4242,35,Female,Asia Pacific,2024-12-05,Standard,14.08,Credit Card,No,Annual,5.7,Anime,1,8,1,0,2,17,Active,Not Churned
CUST_4243,36,Male,Asia Pacific,2021-06-17,Premium,20.31,Credit Card,Yes,Annual,4.9,Documentary,7,6,7,0,1,17,Active,Not Churned
CUST_4244,18,Female,North America,2023-09-23,Basic,7.8,Credit Card,Yes,Annual,9.3,Drama,1,10,11,0,0,9,Active,Not Churned
CUST_4245,43,Other,Middle East & Africa,2022-02-06,Basic,7.71,Credit Card,Yes,Monthly,3.6,Action,1,5,4,0,1,17,Active,Not Churned
CUST_4246,38,Male,Europe,2021-11-05,Standard,14.47,Credit Card,Yes,Monthly,15.5,Sci-Fi,4,10,10,0,0,14,Active,Not Churned
CUST_4247,24,Female,Asia Pacific,2024-09-03,Basic,7.46,Digital Wallet,Yes,Monthly,5.2,Thriller,3,5,7,2,1,37,Active,Not Churned
CUST_4248,38,Female,Asia Pacific,2025-10-29,Premium,20.43,Credit Card,Yes,Monthly,10.2,Action,5,6,8,3,3,29,Active,Not Churned
CUST_4249,39,Female,Asia Pacific,2021-11-24,Premium,20.45,Credit Card,No,Monthly,11.8,Comedy,3,8,14,2,1,23,Active,Not Churned
CUST_4250,28,Female,North America,2023-06-05,Standard,14.29,Carrier Billing,Yes,Monthly,9.8,Comedy,3,5,3,1,1,30,Active,Not Churned
CUST_4251,47,Female,Asia Pacific,2025-09-02,Premium,19.75,PayPal,Yes,Monthly,15.0,Anime,4,7,13,0,1,15,Active,Not Churned
CUST_4252,33,Male,North America,2025-10-01,Standard,13.7,Digital Wallet,No,Annual,6.2,Drama,4,4,5,1,2,14,Churned,Switched to competitor
CUST_4253,31,Female,North America,2021-11-22,Basic,7.92,Credit Card,Yes,Annual,7.9,Thriller,2,8,3,1,1,18,Active,Not Churned
CUST_4254,41,Female,Asia Pacific,2022-11-19,Standard,13.54,PayPal,Yes,Monthly,11.7,Sci-Fi,4,5,15,0,0,26,Active,Not Churned
CUST_4255,25,Male,Europe,2022-05-26,Basic,7.65,Credit Card,Yes,Monthly,18.0,Thriller,7,8,19,1,1,32,Active,Not Churned
CUST_4256,29,Male,Europe,2023-10-06,Premium,20.22,Credit Card,Yes,Annual,14.5,Documentary,4,10,9,0,0,5,Active,Not Churned
CUST_4257,23,Female,Europe,2025-08-13,Basic,8.22,Direct Debit,Yes,Annual,13.8,Sci-Fi,3,8,11,1,1,25,Active,Not Churned
CUST_4258,32,Other,Europe,2023-08-31,Basic,7.62,Direct Debit,No,Annual,6.4,Sci-Fi,2,6,4,0,1,22,Active,Not Churned
CUST_4259,31,Male,North America,2025-03-02,Standard,14.23,PayPal,Yes,Annual,10.6,Anime,1,9,7,0,1,12,Active,Not Churned
CUST_4260,35,Male,Asia Pacific,2021-10-10,Basic,8.15,Credit Card,Yes,Monthly,16.6,Documentary,3,11,8,0,1,4,Active,Not Churned
CUST_4261,44,Male,Middle East & Africa,2024-12-24,Basic,8.52,Digital Wallet,Yes,Annual,7.6,Family,4,4,2,1,1,20,Active,Not Churned
CUST_4262,41,Female,Asia Pacific,2025-08-27,Standard,14.19,Credit Card,No,Monthly,10.6,Thriller,4,9,13,2,0,19,Active,Not Churned
CUST_4263,35,Male,Europe,2023-11-24,Basic,8.36,PayPal,Yes,Monthly,2.5,Thriller,2,4,3,0,0,30,Active,Not Churned
CUST_4264,47,Male,Europe,2024-03-27,Standard,14.16,Credit Card,Yes,Monthly,12.3,Comedy,7,8,9,0,1,0,Active,Not Churned
CUST_4265,28,Female,Europe,2021-02-25,Basic,8.33,PayPal,No,Annual,9.0,Thriller,4,6,5,3,1,27,Active,Not Churned
CUST_4266,39,Male,Europe,2025-03-04,Basic,7.54,Credit Card,Yes,Monthly,11.2,Family,3,8,9,2,1,15,Active,Not Churned
CUST_4267,43,Female,North America,2022-08-28,Basic,7.95,Credit Card,Yes,Monthly,6.5,Comedy,5,4,1,2,0,20,Active,Not Churned
CUST_4268,53,Male,North America,2021-03-11,Standard,13.98,Carrier Billing,No,Annual,2.7,Anime,4,1,1,3,2,37,Churned,Lack of content
CUST_4269,35,Female,Middle East & Africa,2024-03-10,Premium,19.9,Credit Card,Yes,Monthly,14.0,Documentary,4,10,6,1,3,31,Active,Not Churned
CUST_4270,30,Female,Europe,2021-04-25,Basic,8.15,Credit Card,Yes,Annual,4.9,Thriller,5,5,9,0,1,17,Churned,Too expensive
CUST_4271,34,Male,North America,2024-08-19,Premium,20.21,Credit Card,Yes,Annual,4.7,Anime,4,1,0,3,1,31,Active,Not Churned
CUST_4272,35,Male,North America,2023-01-03,Standard,14.13,Carrier Billing,Yes,Monthly,9.3,Comedy,6,7,4,1,2,10,Churned,Technical issues
CUST_4273,27,Male,Middle East & Africa,2024-02-18,Standard,13.93,PayPal,Yes,Monthly,20.1,Anime,3,15,7,3,0,9,Active,Not Churned
CUST_4274,34,Male,Latin America,2025-10-30,Standard,13.73,Carrier Billing,No,Monthly,5.2,Comedy,3,2,2,1,1,23,Active,Not Churned
CUST_4275,52,Male,Europe,2023-07-30,Standard,14.37,PayPal,No,Annual,5.8,Family,3,4,4,1,2,37,Active,Not Churned
CUST_4276,18,Female,Europe,2025-05-02,Premium,20.11,Direct Debit,Yes,Annual,14.3,Thriller,1,8,13,0,1,19,Active,Not Churned
CUST_4277,18,Male,Latin America,2023-10-04,Standard,13.63,PayPal,Yes,Monthly,7.6,Action,6,8,6,1,0,14,Active,Not Churned
CUST_4278,19,Other,Asia Pacific,2025-01-26,Standard,13.92,Direct Debit,Yes,Annual,12.6,Comedy,2,10,8,1,2,14,Active,Not Churned
CUST_4279,25,Female,Asia Pacific,2023-01-11,Basic,7.38,Credit Card,Yes,Monthly,6.7,Sci-Fi,3,3,7,0,0,26,Active,Not Churned
CUST_4280,22,Male,Europe,2024-10-27,Basic,8.0,Credit Card,Yes,Monthly,6.0,Documentary,3,5,4,0,1,27,Active,Not Churned
CUST_4281,26,Male,Latin America,2022-09-07,Standard,13.92,Credit Card,Yes,Annual,5.3,Anime,6,8,12,0,1,8,Active,Not Churned
CUST_4282,24,Other,Asia Pacific,2024-02-28,Basic,7.79,PayPal,Yes,Annual,9.5,Family,2,5,5,0,0,19,Active,Not Churned
CUST_4283,39,Female,Latin America,2025-07-15,Basic,8.54,Credit Card,Yes,Monthly,4.6,Documentary,2,4,6,1,1,24,Churned,Too expensive
CUST_4284,25,Male,North America,2024-06-13,Basic,7.59,Credit Card,Yes,Annual,5.8,Anime,3,5,8,1,2,26,Active,Not Churned
CUST_4285,22,Male,Europe,2022-01-09,Basic,8.24,Digital Wallet,Yes,Monthly,14.7,Documentary,2,8,8,2,0,26,Active,Not Churned
CUST_4286,18,Female,Europe,2022-12-14,Standard,14.76,Credit Card,No,Monthly,24.8,Family,2,17,16,1,1,0,Active,Not Churned
CUST_4287,44,Female,Europe,2021-08-28,Standard,14.37,Credit Card,Yes,Monthly,10.9,Sci-Fi,3,6,6,0,2,28,Active,Not Churned
CUST_4288,47,Male,North America,2025-05-31,Standard,13.98,PayPal,Yes,Monthly,15.7,Sci-Fi,6,7,11,0,5,28,Active,Not Churned
CUST_4289,37,Male,Asia Pacific,2024-08-02,Basic,7.59,Direct Debit,Yes,Monthly,6.2,Thriller,3,4,6,1,2,23,Active,Not Churned
CUST_4290,35,Female,Asia Pacific,2022-09-17,Standard,13.51,Credit Card,Yes,Annual,7.5,Drama,1,6,6,1,0,25,Active,Not Churned
CUST_4291,41,Female,Asia Pacific,2025-10-07,Standard,13.85,PayPal,Yes,Monthly,9.6,Sci-Fi,2,5,4,1,1,20,Active,Not Churned
CUST_4292,42,Female,Asia Pacific,2022-12-04,Standard,13.75,Credit Card,No,Annual,5.7,Thriller,1,5,11,2,2,13,Active,Not Churned
CUST_4293,22,Male,Middle East & Africa,2024-06-14,Standard,13.74,Credit Card,Yes,Monthly,6.6,Documentary,3,6,7,1,2,0,Active,Not Churned
CUST_4294,32,Male,North America,2021-11-01,Standard,13.88,Credit Card,No,Monthly,12.4,Family,3,6,4,3,0,13,Active,Not Churned
CUST_4295,44,Female,Asia Pacific,2023-08-21,Standard,13.95,Carrier Billing,Yes,Monthly,8.7,Thriller,1,5,6,3,0,19,Active,Not Churned
CUST_4296,29,Male,Latin America,2021-03-17,Premium,20.16,Credit Card,Yes,Annual,9.2,Drama,4,7,2,2,3,25,Active,Not Churned
CUST_4297,36,Male,Europe,2025-01-13,Standard,13.56,Credit Card,Yes,Monthly,7.7,Thriller,4,7,9,1,1,24,Active,Not Churned
CUST_4298,46,Male,Europe,2022-02-06,Standard,13.75,PayPal,Yes,Monthly,4.6,Documentary,4,3,4,0,0,21,Active,Not Churned
CUST_4299,58,Female,Asia Pacific,2021-08-12,Standard,13.93,Digital Wallet,No,Monthly,9.4,Drama,4,6,7,1,3,15,Active,Not Churned
CUST_4300,44,Female,Latin America,2021-07-14,Basic,7.92,PayPal,No,Annual,5.0,Comedy,4,3,2,0,4,28,Active,Not Churned
CUST_4301,21,Female,Middle East & Africa,2021-11-18,Premium,20.63,PayPal,No,Annual,4.4,Action,2,5,3,2,2,24,Active,Not Churned
CUST_4302,27,Male,Asia Pacific,2023-08-26,Basic,8.07,Carrier Billing,Yes,Annual,3.5,Family,6,4,6,0,1,36,Active,Not Churned
CUST_4303,46,Female,Asia Pacific,2023-05-25,Basic,7.43,PayPal,Yes,Monthly,7.1,Sci-Fi,2,4,9,0,2,29,Active,Not Churned
CUST_4304,27,Male,Middle East & Africa,2022-07-18,Premium,20.14,Direct Debit,No,Annual,13.2,Sci-Fi,2,9,12,0,2,5,Active,Not Churned
CUST_4305,43,Female,Asia Pacific,2025-01-03,Standard,14.18,Credit Card,Yes,Monthly,13.6,Action,4,8,5,2,1,17,Active,Not Churned
CUST_4306,51,Male,Europe,2022-12-31,Basic,7.95,Credit Card,Yes,Monthly,3.0,Sci-Fi,1,4,3,2,2,32,Active,Not Churned
CUST_4307,45,Male,North America,2025-11-06,Basic,7.57,PayPal,Yes,Monthly,10.5,Thriller,2,8,9,3,0,18,Active,Not Churned
CUST_4308,52,Male,North America,2023-04-29,Basic,8.61,Credit Card,Yes,Monthly,20.0,Thriller,1,16,11,1,0,0,Active,Not Churned
CUST_4309,23,Male,Europe,2024-11-09,Standard,13.62,Credit Card,Yes,Annual,13.9,Thriller,7,8,5,2,1,25,Active,Not Churned
CUST_4310,18,Male,North America,2022-07-30,Basic,8.22,PayPal,Yes,Annual,8.5,Documentary,7,5,3,1,1,25,Active,Not Churned
CUST_4311,26,Male,Asia Pacific,2023-11-03,Premium,20.06,Credit Card,Yes,Monthly,10.9,Thriller,2,6,12,2,2,23,Active,Not Churned
CUST_4312,34,Female,Middle East & Africa,2021-11-18,Premium,20.2,PayPal,Yes,Monthly,10.3,Thriller,4,5,4,2,2,20,Churned,Technical issues
CUST_4313,25,Female,Asia Pacific,2023-01-18,Standard,14.59,Carrier Billing,Yes,Monthly,6.4,Anime,1,4,6,0,1,30,Churned,Too expensive
CUST_4314,26,Male,Middle East & Africa,2021-07-17,Standard,14.19,Credit Card,No,Annual,14.3,Action,2,10,9,2,0,1,Active,Not Churned
CUST_4315,33,Female,Middle East & Africa,2024-06-25,Basic,7.79,PayPal,Yes,Monthly,4.1,Sci-Fi,4,5,4,0,1,11,Churned,Low usage
CUST_4316,29,Male,Asia Pacific,2025-06-08,Basic,8.38,PayPal,Yes,Annual,8.7,Action,2,6,6,1,2,18,Active,Not Churned
CUST_4317,42,Female,North America,2024-02-10,Standard,13.77,Credit Card,Yes,Monthly,3.1,Documentary,2,3,6,3,2,32,Active,Not Churned
CUST_4318,34,Male,North America,2022-09-19,Basic,8.05,PayPal,Yes,Monthly,14.3,Family,1,8,10,0,1,7,Active,Not Churned
CUST_4319,28,Male,Europe,2022-02-17,Basic,7.54,Credit Card,No,Annual,8.5,Sci-Fi,5,4,5,1,1,21,Active,Not Churned
CUST_4320,44,Female,North America,2022-12-29,Basic,7.63,PayPal,No,Annual,2.8,Comedy,3,2,4,0,0,23,Active,Not Churned
CUST_4321,63,Male,Europe,2023-03-12,Basic,8.01,PayPal,Yes,Annual,17.1,Comedy,4,8,8,1,0,18,Active,Not Churned
CUST_4322,39,Male,Middle East & Africa,2025-03-15,Standard,14.12,Digital Wallet,Yes,Monthly,8.1,Thriller,6,8,8,0,1,15,Active,Not Churned
CUST_4323,29,Other,Middle East & Africa,2024-01-11,Standard,13.39,Credit Card,Yes,Monthly,4.0,Sci-Fi,2,7,2,0,0,15,Active,Not Churned
CUST_4324,18,Male,Latin America,2022-10-23,Premium,20.16,Direct Debit,Yes,Monthly,23.0,Thriller,5,10,13,0,2,10,Active,Not Churned
CUST_4325,31,Female,Asia Pacific,2022-08-30,Standard,13.7,Credit Card,Yes,Annual,7.4,Thriller,3,6,8,1,1,29,Active,Not Churned
CUST_4326,22,Female,Latin America,2024-10-20,Premium,20.44,PayPal,No,Monthly,6.7,Comedy,3,5,4,3,0,28,Churned,Switched to competitor
CUST_4327,39,Male,Middle East & Africa,2024-10-27,Standard,13.87,Credit Card,Yes,Annual,9.7,Anime,3,7,6,1,3,27,Churned,Switched to competitor
CUST_4328,51,Male,Latin America,2022-01-28,Premium,19.6,Credit Card,No,Annual,5.6,Drama,2,3,9,0,1,20,Active,Not Churned
CUST_4329,25,Female,Asia Pacific,2023-05-21,Standard,14.02,Digital Wallet,Yes,Monthly,6.4,Drama,2,7,3,2,1,17,Active,Not Churned
CUST_4330,28,Female,Asia Pacific,2021-05-13,Basic,7.67,PayPal,Yes,Monthly,15.9,Action,3,10,12,3,2,22,Active,Not Churned
CUST_4331,41,Other,Europe,2024-10-10,Premium,20.43,Digital Wallet,Yes,Monthly,23.8,Drama,3,15,18,1,3,5,Active,Not Churned
CUST_4332,27,Male,Europe,2024-11-28,Basic,7.99,PayPal,Yes,Monthly,6.8,Thriller,3,4,9,0,0,15,Active,Not Churned
CUST_4333,18,Female,North America,2022-04-27,Basic,7.94,Digital Wallet,Yes,Monthly,10.2,Action,1,4,14,0,1,25,Active,Not Churned
CUST_4334,46,Male,Europe,2023-11-14,Basic,8.2,Digital Wallet,Yes,Monthly,16.4,Anime,2,10,9,0,1,4,Active,Not Churned
CUST_4335,20,Male,Latin America,2021-07-13,Standard,13.64,Credit Card,No,Monthly,7.3,Comedy,1,3,3,2,1,26,Churned,Low usage
CUST_4336,33,Male,Asia Pacific,2021-09-27,Standard,13.54,Credit Card,Yes,Monthly,5.2,Family,4,6,7,0,1,26,Active,Not Churned
CUST_4337,32,Other,Europe,2023-12-05,Standard,14.13,Digital Wallet,No,Monthly,12.0,Anime,4,4,11,3,2,30,Active,Not Churned
CUST_4338,30,Female,Asia Pacific,2023-05-18,Premium,19.61,Credit Card,Yes,Monthly,5.2,Thriller,4,3,2,0,1,18,Active,Not Churned
CUST_4339,40,Female,Europe,2021-04-05,Basic,7.6,PayPal,No,Annual,4.2,Thriller,5,2,6,3,0,32,Active,Not Churned
CUST_4340,19,Female,North America,2024-12-06,Standard,14.28,Credit Card,Yes,Annual,3.5,Sci-Fi,2,3,12,0,2,23,Active,Not Churned
CUST_4341,37,Male,North America,2022-12-12,Basic,8.17,Carrier Billing,Yes,Monthly,15.7,Action,7,10,11,1,0,18,Active,Not Churned
CUST_4342,25,Female,Asia Pacific,2025-12-21,Premium,19.55,Credit Card,No,Monthly,10.2,Action,5,7,10,1,1,23,Active,Not Churned
CUST_4343,34,Male,Asia Pacific,2025-08-13,Basic,7.77,Direct Debit,Yes,Monthly,11.5,Comedy,1,8,13,1,0,13,Active,Not Churned
CUST_4344,26,Female,North America,2022-11-06,Basic,7.67,PayPal,No,Monthly,4.4,Anime,2,5,12,1,0,16,Active,Not Churned
CUST_4345,35,Female,North America,2021-04-28,Standard,14.61,Direct Debit,No,Monthly,10.6,Sci-Fi,2,6,9,3,0,16,Active,Not Churned
CUST_4346,42,Male,North America,2023-01-29,Standard,14.31,Direct Debit,Yes,Annual,10.8,Thriller,5,11,12,0,2,31,Active,Not Churned
CUST_4347,32,Female,Latin America,2022-12-24,Premium,19.84,Credit Card,Yes,Annual,23.0,Family,1,15,12,2,0,0,Active,Not Churned
CUST_4348,31,Female,Latin America,2024-12-16,Standard,14.19,Credit Card,Yes,Monthly,11.7,Drama,4,7,9,0,1,6,Active,Not Churned
CUST_4349,26,Female,Europe,2024-11-01,Standard,13.52,Credit Card,Yes,Monthly,13.6,Comedy,1,8,8,0,0,23,Active,Not Churned
CUST_4350,35,Male,Middle East & Africa,2021-04-03,Standard,13.75,Carrier Billing,Yes,Monthly,9.2,Comedy,3,6,1,1,3,31,Churned,Switched to competitor
CUST_4351,44,Male,Asia Pacific,2021-07-19,Basic,8.03,PayPal,Yes,Monthly,0.9,Drama,2,3,0,0,0,26,Active,Not Churned
CUST_4352,33,Female,Asia Pacific,2023-11-27,Basic,8.15,Direct Debit,Yes,Annual,9.4,Sci-Fi,2,4,8,0,2,11,Active,Not Churned
CUST_4353,48,Female,Asia Pacific,2022-01-27,Basic,7.96,PayPal,Yes,Annual,7.0,Action,4,4,7,1,0,26,Active,Not Churned
CUST_4354,31,Male,Middle East & Africa,2023-08-05,Basic,8.08,Credit Card,No,Annual,6.8,Action,4,1,3,0,1,22,Active,Not Churned
CUST_4355,53,Male,North America,2021-09-16,Standard,14.02,PayPal,Yes,Monthly,6.5,Action,6,4,10,1,0,22,Active,Not Churned
CUST_4356,18,Female,North America,2021-11-13,Standard,13.93,PayPal,Yes,Monthly,7.5,Thriller,4,7,3,0,3,25,Active,Not Churned
CUST_4357,28,Female,Asia Pacific,2023-04-22,Standard,13.89,Carrier Billing,Yes,Monthly,5.8,Anime,5,4,6,0,0,25,Active,Not Churned
CUST_4358,26,Female,Asia Pacific,2023-05-15,Standard,13.84,Carrier Billing,Yes,Monthly,12.9,Family,2,8,8,0,1,12,Active,Not Churned
CUST_4359,33,Male,Latin America,2024-07-10,Standard,14.07,Direct Debit,Yes,Monthly,4.6,Family,5,4,5,0,2,34,Churned,Lack of content
CUST_4360,40,Male,Asia Pacific,2025-12-11,Standard,14.13,Credit Card,Yes,Annual,20.1,Documentary,4,10,16,0,1,19,Active,Not Churned
CUST_4361,60,Female,North America,2025-04-03,Basic,8.06,Direct Debit,Yes,Annual,11.6,Thriller,5,7,11,0,1,12,Active,Not Churned
CUST_4362,35,Male,Europe,2024-12-28,Basic,7.58,PayPal,Yes,Monthly,14.0,Action,3,10,12,2,1,12,Churned,Too expensive
CUST_4363,42,Female,Latin America,2021-04-23,Standard,13.64,Digital Wallet,Yes,Annual,4.8,Thriller,3,4,6,1,1,19,Active,Not Churned
CUST_4364,26,Male,Europe,2023-06-28,Standard,14.13,PayPal,No,Monthly,6.3,Documentary,1,6,2,1,3,24,Active,Not Churned
CUST_4365,31,Female,Latin America,2022-07-28,Basic,8.51,Credit Card,Yes,Monthly,8.3,Thriller,5,8,10,0,1,21,Active,Not Churned
CUST_4366,41,Female,North America,2024-10-25,Basic,8.04,Direct Debit,Yes,Monthly,7.9,Drama,3,7,3,1,1,6,Active,Not Churned
CUST_4367,19,Female,Europe,2025-10-28,Standard,13.85,PayPal,Yes,Monthly,12.3,Thriller,3,6,8,0,1,6,Active,Not Churned
CUST_4368,23,Female,Asia Pacific,2022-09-26,Standard,14.07,PayPal,Yes,Annual,8.6,Action,3,5,6,0,0,14,Active,Not Churned
CUST_4369,35,Male,Europe,2025-12-18,Basic,7.59,Direct Debit,Yes,Monthly,20.0,Documentary,4,15,14,1,2,17,Active,Not Churned
CUST_4370,32,Male,Asia Pacific,2021-08-30,Standard,14.45,PayPal,Yes,Annual,4.9,Drama,3,5,3,0,0,22,Active,Not Churned
CUST_4371,36,Male,Middle East & Africa,2021-01-28,Premium,20.06,PayPal,Yes,Monthly,5.6,Family,6,5,5,1,1,34,Churned,Too expensive
CUST_4372,18,Female,North America,2022-10-02,Basic,7.76,Digital Wallet,No,Annual,5.4,Family,1,3,10,0,1,24,Active,Not Churned
CUST_4373,31,Male,North America,2025-06-12,Premium,19.93,PayPal,No,Monthly,8.8,Comedy,2,6,3,1,1,15,Churned,Switched to competitor
CUST_4374,31,Female,Asia Pacific,2021-11-01,Basic,7.81,PayPal,No,Monthly,14.7,Family,5,10,10,1,0,1,Active,Not Churned
CUST_4375,36,Male,Middle East & Africa,2022-07-31,Standard,14.45,Carrier Billing,Yes,Monthly,10.5,Drama,4,7,4,0,1,12,Active,Not Churned
CUST_4376,42,Male,Asia Pacific,2023-05-29,Standard,13.92,Direct Debit,Yes,Monthly,1.8,Anime,2,1,5,3,1,27,Active,Not Churned
CUST_4377,34,Female,Europe,2023-12-08,Basic,8.04,Credit Card,Yes,Annual,1.2,Thriller,4,2,0,2,1,12,Active,Not Churned
CUST_4378,23,Female,North America,2025-11-19,Premium,20.19,PayPal,Yes,Annual,9.2,Thriller,4,8,7,3,0,12,Active,Not Churned
CUST_4379,37,Male,Europe,2024-05-25,Standard,13.73,Credit Card,Yes,Annual,6.7,Comedy,1,6,2,5,4,25,Churned,Low usage
CUST_4380,18,Male,North America,2024-12-10,Premium,20.06,Direct Debit,No,Monthly,9.4,Drama,4,7,11,3,3,25,Churned,Too expensive
CUST_4381,35,Female,Asia Pacific,2024-12-30,Basic,8.09,PayPal,Yes,Monthly,6.8,Drama,2,6,6,2,1,22,Active,Not Churned
CUST_4382,39,Female,Latin America,2024-06-24,Premium,19.45,Direct Debit,Yes,Monthly,20.4,Action,4,10,14,2,0,16,Active,Not Churned
CUST_4383,33,Male,Latin America,2024-09-18,Premium,20.08,PayPal,Yes,Monthly,15.5,Comedy,2,10,13,0,2,4,Active,Not Churned
CUST_4384,41,Female,Europe,2022-11-11,Standard,13.97,PayPal,Yes,Monthly,6.3,Documentary,5,7,2,1,0,10,Active,Not Churned
CUST_4385,21,Other,Europe,2022-03-31,Basic,8.04,Digital Wallet,Yes,Monthly,7.8,Sci-Fi,2,5,4,2,1,30,Active,Not Churned
CUST_4386,57,Male,Asia Pacific,2021-10-13,Standard,14.0,Digital Wallet,Yes,Annual,7.2,Action,1,7,6,1,1,18,Active,Not Churned
CUST_4387,25,Male,Middle East & Africa,2023-11-29,Standard,14.08,Digital Wallet,Yes,Monthly,2.4,Comedy,3,4,0,3,0,31,Churned,Low usage
CUST_4388,18,Female,Latin America,2024-05-26,Premium,20.46,Direct Debit,No,Annual,7.8,Drama,1,7,1,2,1,20,Churned,Payment issues
CUST_4389,21,Male,Asia Pacific,2024-02-21,Standard,13.58,Direct Debit,No,Monthly,6.5,Anime,1,5,3,3,1,26,Active,Not Churned
CUST_4390,63,Female,Middle East & Africa,2021-08-18,Basic,7.87,Credit Card,Yes,Monthly,5.0,Action,3,6,1,1,2,27,Active,Not Churned
CUST_4391,45,Female,Middle East & Africa,2024-09-14,Basic,8.22,Credit Card,Yes,Monthly,5.7,Documentary,3,2,4,1,0,22,Active,Not Churned
CUST_4392,21,Female,Asia Pacific,2023-08-30,Standard,14.16,Credit Card,Yes,Monthly,7.3,Action,2,5,8,0,1,17,Active,Not Churned
CUST_4393,46,Male,Middle East & Africa,2022-01-04,Premium,20.15,Credit Card,No,Monthly,12.2,Family,4,9,11,1,1,11,Active,Not Churned
CUST_4394,47,Male,Middle East & Africa,2025-03-24,Basic,8.95,Credit Card,Yes,Annual,5.3,Thriller,2,5,10,0,0,19,Active,Not Churned
CUST_4395,19,Male,Asia Pacific,2025-10-04,Standard,14.2,PayPal,Yes,Annual,16.7,Comedy,2,12,11,1,0,13,Active,Not Churned
CUST_4396,46,Female,Europe,2025-06-03,Premium,20.39,PayPal,Yes,Annual,6.2,Drama,2,4,6,0,2,22,Churned,Switched to competitor
CUST_4397,30,Male,Latin America,2022-03-20,Basic,7.88,Direct Debit,No,Monthly,14.5,Anime,7,8,10,0,2,26,Active,Not Churned
CUST_4398,41,Female,North America,2023-05-02,Basic,7.64,Carrier Billing,Yes,Annual,9.3,Family,3,3,8,0,0,36,Active,Not Churned
CUST_4399,44,Male,Europe,2022-04-19,Standard,13.88,Digital Wallet,Yes,Annual,4.1,Sci-Fi,3,3,5,0,1,19,Active,Not Churned
CUST_4400,43,Female,Europe,2021-02-23,Standard,14.24,Direct Debit,Yes,Monthly,7.2,Sci-Fi,4,6,9,1,0,28,Active,Not Churned
CUST_4401,32,Male,Latin America,2023-08-29,Basic,8.13,Digital Wallet,Yes,Monthly,18.8,Comedy,3,12,15,1,4,16,Active,Not Churned
CUST_4402,26,Male,Europe,2025-09-01,Premium,20.13,Credit Card,Yes,Monthly,6.2,Anime,2,2,7,3,5,40,Churned,Too expensive
CUST_4403,39,Male,Asia Pacific,2021-04-28,Standard,13.91,PayPal,Yes,Annual,19.8,Family,3,14,17,0,0,4,Active,Not Churned
CUST_4404,42,Female,Middle East & Africa,2023-09-16,Premium,19.86,Digital Wallet,Yes,Monthly,12.4,Sci-Fi,3,6,9,1,2,31,Churned,Lack of content
CUST_4405,39,Female,North America,2022-10-09,Premium,19.93,Digital Wallet,Yes,Annual,11.4,Action,4,7,6,2,0,21,Active,Not Churned
CUST_4406,33,Male,Asia Pacific,2024-05-05,Premium,20.24,Digital Wallet,No,Monthly,12.1,Sci-Fi,4,7,7,1,0,15,Active,Not Churned
CUST_4407,41,Female,Asia Pacific,2021-08-17,Standard,14.28,Carrier Billing,Yes,Monthly,7.1,Thriller,3,6,6,2,0,17,Churned,Switched to competitor
CUST_4408,18,Female,Asia Pacific,2025-11-05,Basic,7.64,Credit Card,Yes,Monthly,4.4,Family,4,4,1,1,1,16,Active,Not Churned
CUST_4409,41,Male,Middle East & Africa,2021-11-07,Standard,14.26,Carrier Billing,Yes,Monthly,8.7,Documentary,2,7,5,1,0,14,Active,Not Churned
CUST_4410,32,Female,Asia Pacific,2021-07-22,Basic,7.76,Credit Card,Yes,Annual,9.6,Thriller,2,10,4,1,3,26,Active,Not Churned
CUST_4411,45,Male,North America,2022-09-12,Standard,14.15,Carrier Billing,Yes,Annual,11.4,Sci-Fi,6,8,9,2,1,26,Active,Not Churned
CUST_4412,36,Female,Asia Pacific,2025-01-23,Basic,7.92,Credit Card,No,Monthly,10.4,Action,3,6,9,3,3,22,Active,Not Churned
CUST_4413,40,Male,Europe,2024-10-14,Standard,14.54,Direct Debit,No,Monthly,12.7,Action,2,9,4,1,0,7,Active,Not Churned
CUST_4414,40,Other,Middle East & Africa,2025-09-01,Basic,7.84,Carrier Billing,Yes,Annual,23.2,Drama,4,17,13,1,2,11,Active,Not Churned
CUST_4415,30,Male,Latin America,2024-08-31,Basic,8.05,Credit Card,No,Annual,9.1,Comedy,2,7,12,0,0,20,Active,Not Churned
CUST_4416,26,Female,North America,2021-08-24,Basic,8.2,Credit Card,Yes,Annual,15.5,Thriller,4,11,12,2,1,0,Active,Not Churned
CUST_4417,43,Female,Europe,2022-05-26,Standard,13.68,Direct Debit,Yes,Monthly,11.6,Sci-Fi,1,4,10,0,1,44,Active,Not Churned
CUST_4418,37,Male,North America,2025-12-11,Premium,19.96,PayPal,Yes,Annual,26.6,Comedy,5,15,15,0,0,3,Active,Not Churned
CUST_4419,37,Female,Middle East & Africa,2022-04-12,Basic,7.9,Credit Card,Yes,Monthly,8.3,Comedy,7,5,7,1,1,35,Active,Not Churned
CUST_4420,43,Male,North America,2025-11-28,Premium,19.81,PayPal,Yes,Monthly,9.8,Family,4,5,7,2,1,25,Churned,Switched to competitor
CUST_4421,40,Male,Europe,2023-06-22,Premium,19.84,Credit Card,Yes,Annual,17.0,Comedy,7,10,9,1,2,9,Churned,Lack of content
CUST_4422,48,Female,North America,2022-02-14,Basic,8.38,Direct Debit,No,Monthly,15.0,Documentary,2,9,9,0,1,16,Active,Not Churned
CUST_4423,30,Female,Europe,2021-05-18,Standard,13.78,Digital Wallet,No,Monthly,7.4,Family,3,4,5,2,0,14,Active,Not Churned
CUST_4424,39,Male,Latin America,2023-12-12,Standard,14.19,Credit Card,Yes,Annual,11.4,Documentary,5,8,4,2,0,16,Active,Not Churned
CUST_4425,47,Female,North America,2025-12-31,Basic,8.1,PayPal,Yes,Annual,12.1,Sci-Fi,3,7,5,0,1,11,Active,Not Churned
CUST_4426,28,Female,Europe,2023-03-01,Standard,13.5,Direct Debit,No,Monthly,12.4,Sci-Fi,2,9,8,1,1,15,Active,Not Churned
CUST_4427,24,Female,Latin America,2023-03-06,Basic,8.17,Credit Card,Yes,Monthly,10.1,Anime,7,7,5,1,0,19,Churned,Too expensive
CUST_4428,33,Female,Europe,2024-11-13,Premium,19.5,Digital Wallet,Yes,Annual,4.3,Sci-Fi,4,4,3,2,0,26,Active,Not Churned
CUST_4429,34,Male,Europe,2022-05-15,Premium,20.21,Credit Card,Yes,Monthly,13.8,Documentary,3,10,5,0,0,1,Active,Not Churned
CUST_4430,36,Male,Europe,2025-11-05,Premium,19.81,Digital Wallet,Yes,Monthly,14.1,Anime,1,10,12,1,0,8,Active,Not Churned
CUST_4431,42,Female,Asia Pacific,2024-09-30,Standard,13.99,Credit Card,Yes,Monthly,11.0,Family,3,7,14,0,1,4,Active,Not Churned
CUST_4432,39,Female,Middle East & Africa,2025-12-15,Standard,13.54,Credit Card,Yes,Monthly,6.9,Thriller,6,1,9,1,1,34,Active,Not Churned
CUST_4433,60,Female,Europe,2021-09-11,Premium,20.03,PayPal,Yes,Monthly,19.7,Action,4,12,16,0,3,15,Active,Not Churned
CUST_4434,47,Male,Middle East & Africa,2023-10-20,Basic,8.31,Credit Card,No,Monthly,4.3,Thriller,4,2,6,1,0,18,Active,Not Churned
CUST_4435,28,Female,North America,2021-10-06,Basic,7.71,Carrier Billing,Yes,Monthly,15.1,Drama,2,9,11,2,1,27,Active,Not Churned
CUST_4436,43,Male,Middle East & Africa,2024-08-28,Standard,13.78,Direct Debit,No,Annual,5.0,Drama,3,5,5,3,2,30,Active,Not Churned
CUST_4437,34,Male,Europe,2021-12-14,Basic,8.15,Credit Card,Yes,Monthly,14.1,Drama,5,11,7,1,0,10,Active,Not Churned
CUST_4438,40,Male,North America,2025-12-12,Basic,8.16,Credit Card,Yes,Monthly,4.4,Comedy,3,7,6,2,1,17,Active,Not Churned
CUST_4439,37,Other,Asia Pacific,2023-05-30,Basic,7.14,PayPal,Yes,Annual,13.6,Comedy,3,7,11,1,3,19,Active,Not Churned
CUST_4440,18,Female,Europe,2021-01-04,Standard,14.7,Digital Wallet,No,Annual,20.7,Family,3,9,12,1,0,9,Active,Not Churned
CUST_4441,27,Male,North America,2025-05-15,Basic,8.17,Carrier Billing,Yes,Monthly,20.0,Sci-Fi,2,12,15,0,1,18,Active,Not Churned
CUST_4442,36,Female,Asia Pacific,2021-09-15,Basic,8.23,Credit Card,Yes,Annual,17.5,Comedy,4,11,10,0,2,15,Active,Not Churned
CUST_4443,42,Male,North America,2023-01-29,Basic,7.94,Credit Card,Yes,Monthly,8.3,Anime,2,3,5,2,0,18,Churned,Payment issues
CUST_4444,23,Male,Asia Pacific,2023-03-29,Standard,13.34,Direct Debit,No,Annual,6.3,Sci-Fi,3,5,8,1,1,32,Active,Not Churned
CUST_4445,48,Male,Middle East & Africa,2021-12-29,Premium,20.23,Credit Card,Yes,Annual,3.0,Family,2,4,5,0,1,23,Churned,Lack of content
CUST_4446,43,Male,North America,2024-11-25,Basic,7.79,Direct Debit,Yes,Monthly,7.5,Drama,4,3,5,0,2,20,Churned,Low usage
CUST_4447,24,Male,Europe,2024-05-12,Standard,14.18,Credit Card,No,Annual,15.2,Thriller,7,7,9,1,0,31,Active,Not Churned
CUST_4448,34,Other,Asia Pacific,2022-09-26,Standard,13.91,Carrier Billing,Yes,Monthly,12.4,Action,3,7,9,0,2,12,Active,Not Churned
CUST_4449,43,Male,Asia Pacific,2021-06-30,Basic,8.07,Credit Card,Yes,Monthly,25.9,Comedy,5,14,11,0,0,0,Active,Not Churned
CUST_4450,46,Male,Asia Pacific,2023-01-06,Premium,19.72,PayPal,Yes,Monthly,8.0,Comedy,4,7,4,1,2,21,Churned,Lack of content
CUST_4451,20,Male,North America,2023-01-19,Standard,14.29,Direct Debit,Yes,Monthly,21.4,Family,2,12,10,1,0,11,Active,Not Churned
CUST_4452,27,Female,Asia Pacific,2025-08-01,Standard,13.57,Credit Card,Yes,Annual,8.6,Action,3,6,7,0,1,15,Churned,Technical issues
CUST_4453,44,Male,Asia Pacific,2021-10-25,Basic,8.78,Digital Wallet,Yes,Annual,4.3,Sci-Fi,3,8,8,0,2,3,Active,Not Churned
CUST_4454,23,Female,Asia Pacific,2021-01-29,Basic,8.77,Credit Card,Yes,Monthly,9.9,Drama,4,5,9,2,0,22,Active,Not Churned
CUST_4455,40,Male,North America,2021-12-16,Premium,20.56,PayPal,Yes,Monthly,13.5,Action,4,7,8,3,0,12,Active,Not Churned
CUST_4456,34,Other,North America,2022-03-15,Premium,20.44,Carrier Billing,No,Annual,18.6,Action,5,12,10,2,4,15,Active,Not Churned
CUST_4457,32,Male,Asia Pacific,2022-06-04,Premium,19.96,Digital Wallet,Yes,Monthly,7.9,Comedy,4,7,4,1,2,16,Churned,Switched to competitor
CUST_4458,18,Male,North America,2025-12-20,Premium,20.4,Digital Wallet,Yes,Annual,11.9,Thriller,3,8,15,1,1,10,Active,Not Churned
CUST_4459,45,Other,Europe,2021-11-05,Basic,7.96,Digital Wallet,No,Monthly,8.4,Family,3,9,7,1,0,12,Active,Not Churned
CUST_4460,27,Male,Europe,2022-01-29,Premium,19.45,Direct Debit,No,Monthly,8.7,Sci-Fi,1,6,7,1,1,17,Active,Not Churned
CUST_4461,28,Male,Europe,2024-02-03,Standard,14.52,Credit Card,Yes,Monthly,20.2,Family,3,8,7,2,1,13,Churned,Switched to competitor
CUST_4462,39,Male,North America,2024-09-27,Premium,20.39,Credit Card,Yes,Annual,13.6,Action,1,8,6,0,2,25,Active,Not Churned
CUST_4463,34,Female,Europe,2024-08-19,Basic,7.98,Direct Debit,Yes,Annual,1.5,Action,1,1,3,1,2,24,Active,Not Churned
CUST_4464,34,Male,Europe,2021-06-07,Basic,7.56,Direct Debit,Yes,Annual,10.0,Comedy,4,9,6,0,1,13,Active,Not Churned
CUST_4465,33,Female,Europe,2025-09-29,Standard,13.78,Direct Debit,Yes,Monthly,3.4,Comedy,2,5,4,0,1,21,Active,Not Churned
CUST_4466,28,Female,Asia Pacific,2021-05-21,Premium,19.35,Credit Card,Yes,Monthly,11.4,Drama,6,4,9,0,2,13,Churned,Switched to competitor
CUST_4467,28,Female,Latin America,2025-05-30,Standard,14.32,Credit Card,No,Annual,3.7,Thriller,3,6,6,0,0,10,Active,Not Churned
CUST_4468,40,Male,Middle East & Africa,2022-09-23,Basic,7.43,Direct Debit,Yes,Monthly,11.6,Sci-Fi,5,9,3,1,0,14,Active,Not Churned
CUST_4469,25,Female,Middle East & Africa,2024-09-20,Basic,8.09,PayPal,Yes,Monthly,2.7,Comedy,3,2,0,1,0,26,Active,Not Churned
CUST_4470,27,Female,Asia Pacific,2023-11-03,Premium,19.69,Direct Debit,Yes,Monthly,6.4,Action,5,5,5,2,2,20,Active,Not Churned
CUST_4471,34,Female,North America,2021-03-25,Standard,13.49,Credit Card,Yes,Annual,13.9,Action,6,11,8,1,1,12,Active,Not Churned
CUST_4472,40,Male,Latin America,2024-04-21,Standard,14.07,PayPal,Yes,Monthly,9.0,Action,3,2,6,0,1,29,Active,Not Churned
CUST_4473,26,Male,Europe,2025-04-17,Standard,13.87,Credit Card,Yes,Monthly,3.9,Drama,2,4,4,1,2,30,Active,Not Churned
CUST_4474,26,Female,North America,2022-05-15,Standard,14.28,Credit Card,Yes,Annual,19.5,Action,1,13,10,0,0,11,Active,Not Churned
CUST_4475,31,Male,Europe,2025-03-26,Standard,13.55,Credit Card,Yes,Monthly,7.1,Drama,4,5,6,1,2,33,Active,Not Churned
CUST_4476,25,Female,North America,2023-01-02,Standard,13.72,Credit Card,Yes,Monthly,7.8,Action,4,7,8,3,1,22,Churned,Low usage
CUST_4477,33,Other,Europe,2025-11-01,Premium,19.15,PayPal,Yes,Monthly,9.5,Thriller,2,6,7,1,0,10,Active,Not Churned
CUST_4478,18,Female,Latin America,2025-10-07,Premium,19.23,Credit Card,Yes,Monthly,14.2,Sci-Fi,4,7,12,1,0,16,Active,Not Churned
CUST_4479,49,Female,North America,2022-05-18,Premium,20.62,PayPal,Yes,Monthly,8.7,Comedy,4,4,0,1,1,16,Active,Not Churned
CUST_4480,33,Female,North America,2021-09-01,Standard,14.72,Credit Card,No,Monthly,8.4,Comedy,3,7,5,0,3,28,Churned,Switched to competitor
CUST_4481,18,Male,North America,2021-09-05,Standard,14.02,PayPal,Yes,Monthly,16.4,Thriller,4,9,14,0,0,23,Active,Not Churned
CUST_4482,28,Male,North America,2021-01-01,Standard,13.7,Credit Card,No,Monthly,15.3,Comedy,4,6,8,1,1,21,Churned,Low usage
CUST_4483,35,Male,Asia Pacific,2021-11-27,Premium,19.89,PayPal,No,Monthly,9.4,Comedy,2,6,4,1,1,29,Active,Not Churned
CUST_4484,33,Male,North America,2023-04-18,Standard,14.3,Credit Card,Yes,Monthly,8.3,Action,3,5,6,3,0,31,Active,Not Churned
CUST_4485,21,Male,Europe,2024-12-24,Standard,13.81,Direct Debit,Yes,Annual,1.8,Thriller,3,1,3,0,0,29,Active,Not Churned
CUST_4486,46,Male,Asia Pacific,2025-10-26,Standard,14.07,Credit Card,Yes,Monthly,10.0,Drama,3,7,6,0,0,20,Active,Not Churned
CUST_4487,42,Male,North America,2021-09-21,Standard,13.99,Credit Card,Yes,Annual,14.2,Documentary,3,10,15,2,3,26,Active,Not Churned
CUST_4488,21,Male,North America,2025-04-26,Standard,13.79,Digital Wallet,Yes,Annual,7.2,Action,2,5,7,1,1,13,Active,Not Churned
CUST_4489,37,Female,Middle East & Africa,2024-01-13,Basic,7.81,Direct Debit,No,Monthly,17.3,Comedy,6,8,9,3,2,23,Active,Not Churned
CUST_4490,25,Female,North America,2022-04-26,Standard,14.09,Direct Debit,Yes,Monthly,3.1,Action,2,4,0,1,1,28,Active,Not Churned
CUST_4491,20,Male,Middle East & Africa,2021-02-24,Standard,13.65,Credit Card,No,Monthly,5.3,Documentary,3,6,6,1,2,13,Active,Not Churned
CUST_4492,25,Female,Middle East & Africa,2021-09-27,Basic,8.15,Direct Debit,Yes,Annual,16.5,Documentary,3,14,8,0,0,18,Active,Not Churned
CUST_4493,41,Female,Middle East & Africa,2021-02-22,Premium,19.82,PayPal,No,Monthly,15.2,Documentary,3,12,17,1,1,19,Active,Not Churned
CUST_4494,24,Female,Asia Pacific,2023-04-03,Standard,14.03,Digital Wallet,Yes,Monthly,3.0,Drama,5,1,5,0,0,34,Active,Not Churned
CUST_4495,36,Male,Latin America,2025-10-15,Basic,8.47,Direct Debit,Yes,Monthly,2.7,Anime,4,4,5,1,2,29,Active,Not Churned
CUST_4496,19,Female,North America,2025-12-05,Premium,19.93,Credit Card,No,Monthly,13.7,Action,5,9,10,2,1,10,Active,Not Churned
CUST_4497,41,Male,North America,2021-03-06,Standard,14.31,Credit Card,No,Monthly,11.1,Drama,7,5,11,0,3,16,Active,Not Churned
CUST_4498,31,Female,Asia Pacific,2024-10-12,Standard,13.36,Credit Card,Yes,Annual,7.7,Family,1,6,0,0,1,19,Churned,Payment issues
CUST_4499,38,Male,North America,2025-05-21,Standard,13.83,Direct Debit,Yes,Monthly,17.6,Sci-Fi,1,14,8,2,1,13,Active,Not Churned
CUST_4500,21,Other,Latin America,2025-02-15,Premium,20.0,PayPal,Yes,Monthly,7.4,Anime,3,7,9,1,0,21,Active,Not Churned
CUST_4501,55,Female,Asia Pacific,2022-04-25,Standard,14.66,Digital Wallet,Yes,Annual,2.3,Action,3,1,8,0,1,40,Churned,Too expensive
CUST_4502,53,Female,North America,2022-09-16,Standard,13.3,Direct Debit,Yes,Annual,12.9,Drama,4,8,5,0,0,13,Active,Not Churned
CUST_4503,18,Male,Asia Pacific,2022-01-12,Basic,7.96,Credit Card,No,Annual,13.8,Family,5,9,4,2,1,15,Active,Not Churned
CUST_4504,46,Male,Asia Pacific,2022-07-14,Standard,14.5,Digital Wallet,Yes,Annual,6.3,Action,4,2,6,2,1,29,Active,Not Churned
CUST_4505,35,Male,Europe,2021-08-27,Standard,13.72,Direct Debit,Yes,Monthly,4.5,Sci-Fi,4,1,6,2,3,26,Churned,Low usage
CUST_4506,39,Male,Asia Pacific,2021-01-29,Standard,13.92,Credit Card,Yes,Monthly,2.4,Thriller,3,3,4,0,2,37,Active,Not Churned
CUST_4507,38,Male,Latin America,2024-05-27,Standard,14.11,Digital Wallet,Yes,Annual,8.9,Thriller,2,6,7,0,0,16,Active,Not Churned
CUST_4508,43,Male,North America,2023-09-04,Premium,20.05,Direct Debit,No,Monthly,12.1,Drama,4,4,3,0,1,25,Churned,Switched to competitor
CUST_4509,28,Male,North America,2021-09-11,Standard,14.54,PayPal,Yes,Monthly,15.1,Action,6,10,9,2,3,25,Churned,Lack of content
CUST_4510,19,Male,North America,2023-05-25,Basic,8.15,Credit Card,Yes,Annual,10.4,Drama,4,9,7,1,1,11,Churned,Low usage
CUST_4511,27,Male,Europe,2024-07-09,Premium,20.45,Carrier Billing,Yes,Monthly,7.9,Anime,2,5,5,1,0,23,Churned,Lack of content
CUST_4512,26,Female,Latin America,2022-01-26,Standard,13.86,Credit Card,Yes,Monthly,10.0,Anime,5,7,2,0,1,18,Active,Not Churned
CUST_4513,34,Female,Asia Pacific,2025-03-07,Premium,19.73,PayPal,No,Monthly,16.8,Anime,4,11,13,0,0,17,Active,Not Churned
CUST_4514,34,Male,North America,2021-08-01,Premium,19.91,Digital Wallet,Yes,Monthly,12.0,Comedy,1,8,11,1,0,16,Active,Not Churned
CUST_4515,29,Male,Latin America,2024-11-08,Premium,19.58,Direct Debit,No,Monthly,15.6,Sci-Fi,2,6,8,2,0,0,Active,Not Churned
CUST_4516,27,Female,North America,2024-03-29,Standard,14.16,PayPal,No,Annual,4.6,Comedy,2,2,4,2,1,22,Churned,Switched to competitor
CUST_4517,41,Female,North America,2022-12-24,Standard,13.85,PayPal,Yes,Monthly,12.6,Family,7,7,7,0,3,11,Active,Not Churned
CUST_4518,23,Female,Middle East & Africa,2023-05-20,Basic,7.75,Direct Debit,Yes,Annual,10.4,Action,2,5,6,0,1,35,Active,Not Churned
CUST_4519,42,Male,Europe,2025-04-12,Standard,14.16,Direct Debit,Yes,Monthly,7.4,Comedy,1,8,8,1,1,28,Active,Not Churned
CUST_4520,33,Female,Europe,2024-06-15,Standard,13.59,Credit Card,No,Monthly,15.6,Thriller,4,10,12,1,0,0,Active,Not Churned
CUST_4521,28,Male,North America,2023-08-21,Standard,14.26,Carrier Billing,Yes,Annual,23.8,Family,2,11,18,4,2,11,Active,Not Churned
CUST_4522,24,Male,North America,2021-11-25,Premium,19.82,Credit Card,Yes,Monthly,4.9,Comedy,4,4,8,0,0,12,Churned,Too expensive
CUST_4523,48,Male,North America,2023-08-23,Basic,8.4,Credit Card,Yes,Annual,2.3,Comedy,1,5,3,2,2,27,Active,Not Churned
CUST_4524,18,Other,Latin America,2021-04-26,Standard,13.85,Credit Card,Yes,Annual,7.6,Documentary,4,4,15,1,2,20,Active,Not Churned
CUST_4525,38,Male,Latin America,2021-01-26,Standard,14.21,Direct Debit,Yes,Monthly,8.6,Thriller,4,7,11,0,1,16,Active,Not Churned
CUST_4526,33,Female,Europe,2021-11-03,Standard,14.05,Credit Card,Yes,Monthly,8.9,Sci-Fi,2,8,5,2,2,11,Active,Not Churned
CUST_4527,31,Female,Latin America,2022-06-11,Basic,8.25,Digital Wallet,Yes,Monthly,5.5,Thriller,4,6,5,1,1,24,Active,Not Churned
CUST_4528,21,Female,Europe,2024-07-11,Basic,8.03,Direct Debit,Yes,Annual,2.6,Thriller,2,3,0,2,1,16,Active,Not Churned
CUST_4529,26,Female,Europe,2022-05-28,Premium,19.41,Digital Wallet,Yes,Annual,9.1,Comedy,5,8,7,3,1,37,Active,Not Churned
CUST_4530,57,Male,Middle East & Africa,2021-01-06,Standard,14.34,Credit Card,Yes,Monthly,8.6,Drama,2,5,12,0,0,30,Churned,Switched to competitor
CUST_4531,45,Female,North America,2023-10-09,Basic,7.96,Credit Card,Yes,Annual,6.8,Action,5,9,14,1,0,32,Active,Not Churned
CUST_4532,44,Female,Latin America,2024-04-13,Basic,8.27,Direct Debit,Yes,Monthly,8.0,Action,5,6,6,0,0,22,Active,Not Churned
CUST_4533,41,Female,North America,2024-12-20,Standard,14.23,Carrier Billing,No,Monthly,10.1,Sci-Fi,3,9,9,0,0,24,Active,Not Churned
CUST_4534,37,Male,Middle East & Africa,2023-02-08,Basic,7.72,Credit Card,Yes,Monthly,7.3,Action,3,4,8,1,1,31,Active,Not Churned
CUST_4535,48,Female,North America,2024-01-30,Standard,13.67,Direct Debit,Yes,Monthly,6.1,Documentary,2,5,11,0,0,13,Active,Not Churned
CUST_4536,36,Male,Europe,2025-06-22,Premium,20.22,Carrier Billing,Yes,Monthly,10.0,Sci-Fi,3,7,5,1,0,15,Active,Not Churned
CUST_4537,58,Female,Asia Pacific,2025-12-05,Basic,7.88,Credit Card,Yes,Monthly,9.8,Thriller,2,5,15,0,1,25,Active,Not Churned
CUST_4538,47,Male,North America,2023-09-18,Standard,14.32,Credit Card,Yes,Monthly,9.2,Documentary,1,4,6,0,3,35,Active,Not Churned
CUST_4539,38,Male,North America,2023-03-07,Basic,7.93,PayPal,No,Monthly,23.9,Comedy,2,13,12,0,1,8,Active,Not Churned
CUST_4540,41,Male,Europe,2024-10-23,Basic,8.35,Direct Debit,Yes,Annual,10.3,Drama,3,9,7,0,1,19,Active,Not Churned
CUST_4541,34,Female,Europe,2025-02-04,Premium,20.14,Credit Card,Yes,Annual,10.2,Comedy,2,3,5,0,2,25,Active,Not Churned
CUST_4542,52,Female,North America,2023-10-25,Standard,14.09,Credit Card,No,Monthly,5.6,Sci-Fi,4,4,6,1,2,23,Churned,Too expensive
CUST_4543,28,Male,Latin America,2025-10-10,Premium,19.86,PayPal,Yes,Monthly,7.0,Thriller,1,7,1,0,1,8,Active,Not Churned
CUST_4544,41,Female,Europe,2023-12-25,Basic,8.07,Credit Card,No,Annual,6.8,Comedy,3,3,6,2,3,34,Churned,Lack of content
CUST_4545,35,Female,North America,2022-04-01,Basic,8.41,PayPal,Yes,Monthly,6.9,Drama,7,7,8,3,1,18,Active,Not Churned
CUST_4546,26,Male,Asia Pacific,2022-02-27,Standard,13.97,Credit Card,Yes,Monthly,7.4,Anime,5,3,11,0,3,20,Active,Not Churned
CUST_4547,38,Male,Middle East & Africa,2021-06-19,Standard,14.18,Direct Debit,Yes,Monthly,11.2,Comedy,5,5,10,1,1,19,Active,Not Churned
CUST_4548,18,Female,Europe,2022-10-25,Premium,20.01,Credit Card,Yes,Annual,16.7,Comedy,3,10,15,2,0,16,Active,Not Churned
CUST_4549,43,Male,Europe,2021-10-06,Basic,8.03,Direct Debit,Yes,Monthly,12.2,Comedy,2,11,7,4,1,21,Active,Not Churned
CUST_4550,50,Female,Asia Pacific,2025-02-03,Premium,20.59,Digital Wallet,No,Monthly,13.4,Sci-Fi,3,7,11,1,2,20,Active,Not Churned
CUST_4551,29,Male,North America,2021-08-23,Premium,20.41,Direct Debit,Yes,Annual,6.6,Sci-Fi,4,2,0,0,3,38,Churned,Too expensive
CUST_4552,31,Male,Europe,2025-11-29,Standard,14.02,Credit Card,No,Annual,16.6,Family,2,7,11,3,0,30,Active,Not Churned
CUST_4553,32,Male,Europe,2025-07-25,Basic,8.07,PayPal,Yes,Annual,4.9,Drama,7,6,6,1,1,19,Active,Not Churned
CUST_4554,44,Female,Middle East & Africa,2022-12-17,Standard,13.74,Carrier Billing,No,Monthly,10.4,Comedy,1,4,9,2,1,32,Active,Not Churned
CUST_4555,49,Male,Europe,2022-10-18,Basic,7.93,Carrier Billing,Yes,Annual,11.0,Comedy,4,9,3,2,0,11,Active,Not Churned
CUST_4556,47,Male,North America,2023-08-01,Premium,20.1,Credit Card,Yes,Annual,18.2,Family,2,11,11,1,3,7,Active,Not Churned
CUST_4557,46,Female,Europe,2021-01-22,Standard,14.29,Credit Card,Yes,Monthly,22.2,Action,3,13,13,2,0,2,Active,Not Churned
CUST_4558,38,Other,Middle East & Africa,2022-04-17,Premium,20.25,Credit Card,Yes,Annual,8.6,Action,3,6,5,0,0,12,Active,Not Churned
CUST_4559,18,Female,Latin America,2023-11-08,Standard,13.6,PayPal,No,Monthly,9.9,Thriller,2,5,10,1,4,25,Active,Not Churned
CUST_4560,32,Male,Asia Pacific,2022-01-08,Standard,14.33,Credit Card,Yes,Monthly,16.0,Drama,5,10,10,2,1,29,Active,Not Churned
CUST_4561,43,Female,Asia Pacific,2023-07-24,Standard,13.96,Direct Debit,Yes,Monthly,23.2,Anime,3,11,15,1,2,11,Active,Not Churned
CUST_4562,43,Male,Asia Pacific,2023-11-04,Standard,13.64,Digital Wallet,No,Annual,7.7,Comedy,1,8,5,1,1,15,Active,Not Churned
CUST_4563,32,Male,Middle East & Africa,2022-09-27,Premium,20.46,Credit Card,Yes,Annual,6.7,Drama,3,3,9,0,1,26,Active,Not Churned
CUST_4564,18,Female,Europe,2021-05-10,Basic,8.5,Direct Debit,Yes,Annual,3.2,Thriller,3,4,7,0,2,16,Churned,Too expensive
CUST_4565,43,Male,Latin America,2021-06-29,Premium,20.08,Credit Card,Yes,Monthly,4.3,Sci-Fi,1,2,3,1,2,31,Churned,Technical issues
CUST_4566,25,Male,Middle East & Africa,2024-08-31,Premium,20.24,Credit Card,Yes,Monthly,7.3,Anime,4,4,15,1,1,29,Active,Not Churned
CUST_4567,25,Male,North America,2022-12-26,Premium,20.26,PayPal,Yes,Monthly,15.6,Action,4,9,8,1,0,25,Active,Not Churned
CUST_4568,44,Male,Europe,2021-07-17,Standard,14.48,Digital Wallet,No,Annual,14.8,Anime,1,14,13,1,0,15,Active,Not Churned
CUST_4569,36,Female,Latin America,2024-01-10,Premium,20.24,Credit Card,Yes,Annual,12.3,Action,3,8,6,2,0,20,Active,Not Churned
CUST_4570,43,Female,North America,2021-04-23,Basic,7.53,PayPal,Yes,Annual,6.9,Family,3,3,8,1,2,26,Active,Not Churned
CUST_4571,20,Male,Europe,2025-11-09,Standard,14.69,Digital Wallet,Yes,Annual,11.2,Sci-Fi,7,6,10,0,1,19,Active,Not Churned
CUST_4572,33,Male,Europe,2022-01-16,Basic,8.36,Direct Debit,Yes,Monthly,8.6,Family,2,3,4,2,1,30,Churned,Technical issues
CUST_4573,18,Male,Middle East & Africa,2023-01-08,Basic,7.81,PayPal,Yes,Monthly,7.1,Comedy,4,5,6,1,0,21,Churned,Too expensive
CUST_4574,44,Female,Asia Pacific,2025-06-21,Standard,13.63,Credit Card,No,Monthly,10.7,Sci-Fi,2,10,13,0,1,13,Active,Not Churned
CUST_4575,42,Female,Asia Pacific,2024-01-17,Basic,8.17,Credit Card,No,Monthly,6.7,Action,5,5,3,1,2,18,Active,Not Churned
CUST_4576,24,Male,Europe,2021-08-05,Standard,13.89,Credit Card,No,Monthly,10.7,Action,2,8,9,1,1,22,Active,Not Churned
CUST_4577,32,Male,Asia Pacific,2023-03-29,Premium,20.11,Credit Card,Yes,Monthly,12.9,Documentary,4,6,10,1,0,21,Active,Not Churned
CUST_4578,40,Female,Middle East & Africa,2023-12-18,Basic,8.25,Direct Debit,Yes,Annual,12.4,Action,3,7,9,2,0,13,Active,Not Churned
CUST_4579,24,Male,North America,2024-03-13,Standard,13.79,PayPal,Yes,Monthly,3.4,Family,2,4,0,2,0,34,Active,Not Churned
CUST_4580,18,Female,Latin America,2023-04-10,Basic,7.6,Credit Card,No,Annual,16.0,Family,6,8,13,0,2,20,Active,Not Churned
CUST_4581,34,Female,North America,2022-08-10,Standard,14.13,PayPal,No,Monthly,8.6,Drama,4,7,7,1,0,8,Active,Not Churned
CUST_4582,42,Other,Latin America,2024-02-12,Premium,19.8,Credit Card,Yes,Annual,23.6,Thriller,6,14,18,0,0,11,Active,Not Churned
CUST_4583,24,Female,Latin America,2022-02-03,Standard,14.04,PayPal,Yes,Monthly,14.4,Thriller,2,10,11,2,1,11,Active,Not Churned
CUST_4584,47,Male,Asia Pacific,2023-01-04,Standard,13.52,Direct Debit,No,Annual,5.5,Action,6,4,5,1,0,20,Active,Not Churned
CUST_4585,38,Male,Europe,2024-05-15,Premium,19.9,Credit Card,Yes,Monthly,13.5,Thriller,2,10,11,3,0,13,Active,Not Churned
CUST_4586,47,Female,Middle East & Africa,2023-05-10,Premium,20.24,Direct Debit,Yes,Monthly,17.4,Thriller,3,10,9,0,2,21,Active,Not Churned
CUST_4587,24,Female,Europe,2021-01-01,Standard,14.2,Credit Card,Yes,Annual,8.0,Comedy,4,5,11,1,2,24,Active,Not Churned
CUST_4588,24,Male,Middle East & Africa,2025-11-24,Standard,13.71,Credit Card,Yes,Monthly,5.3,Documentary,2,7,4,0,0,21,Active,Not Churned
CUST_4589,27,Male,North America,2022-05-02,Standard,13.58,Carrier Billing,Yes,Monthly,4.8,Drama,6,2,4,0,3,19,Active,Not Churned
CUST_4590,49,Other,Europe,2022-07-16,Basic,8.0,Direct Debit,No,Annual,3.2,Anime,4,1,8,3,0,22,Active,Not Churned
CUST_4591,35,Female,North America,2021-01-21,Premium,20.19,Credit Card,Yes,Annual,3.8,Anime,4,2,5,2,2,31,Active,Not Churned
CUST_4592,32,Other,North America,2021-11-22,Basic,8.13,Credit Card,Yes,Annual,8.0,Action,6,6,6,2,0,15,Active,Not Churned
CUST_4593,48,Male,Europe,2021-07-23,Premium,19.81,Carrier Billing,No,Annual,6.2,Family,2,7,7,2,0,17,Active,Not Churned
CUST_4594,22,Female,Latin America,2021-03-01,Basic,8.09,Credit Card,Yes,Annual,5.6,Family,1,3,7,2,2,34,Active,Not Churned
CUST_4595,37,Male,Asia Pacific,2021-01-31,Basic,8.52,Direct Debit,Yes,Annual,21.9,Family,4,16,14,0,2,0,Active,Not Churned
CUST_4596,33,Female,Asia Pacific,2024-03-02,Premium,20.06,Direct Debit,Yes,Annual,12.9,Sci-Fi,1,8,12,3,0,13,Active,Not Churned
CUST_4597,50,Male,North America,2021-05-03,Premium,19.42,Carrier Billing,Yes,Monthly,6.7,Drama,2,5,2,3,1,26,Churned,Technical issues
CUST_4598,43,Female,Latin America,2021-08-17,Premium,20.06,PayPal,Yes,Monthly,29.6,Documentary,4,15,19,1,1,0,Active,Not Churned
CUST_4599,29,Male,Europe,2022-06-16,Premium,20.71,PayPal,Yes,Monthly,11.9,Documentary,2,11,11,1,2,21,Churned,Too expensive
CUST_4600,51,Female,Asia Pacific,2025-04-24,Standard,13.54,Credit Card,No,Monthly,1.4,Thriller,4,2,5,5,1,33,Churned,Too expensive
CUST_4601,36,Female,Latin America,2021-02-07,Basic,8.0,Digital Wallet,Yes,Monthly,26.2,Thriller,1,12,10,0,1,10,Active,Not Churned
CUST_4602,40,Male,North America,2024-01-22,Basic,7.91,PayPal,Yes,Annual,19.0,Drama,2,15,12,1,0,0,Active,Not Churned
CUST_4603,38,Other,Europe,2022-11-27,Standard,14.02,Credit Card,Yes,Monthly,10.8,Anime,6,8,4,1,1,23,Active,Not Churned
CUST_4604,51,Male,Middle East & Africa,2024-12-18,Basic,8.06,Credit Card,No,Annual,7.9,Comedy,2,7,10,1,1,18,Active,Not Churned
CUST_4605,18,Male,North America,2025-05-03,Premium,20.39,PayPal,No,Monthly,15.5,Family,4,12,9,2,2,22,Active,Not Churned
CUST_4606,39,Female,Europe,2024-07-19,Basic,8.02,Credit Card,Yes,Annual,9.6,Comedy,3,7,11,0,1,6,Active,Not Churned
CUST_4607,57,Female,Middle East & Africa,2025-08-16,Basic,8.44,Direct Debit,Yes,Monthly,6.3,Action,5,6,2,1,3,25,Churned,Payment issues
CUST_4608,21,Female,North America,2024-10-05,Basic,7.95,Direct Debit,Yes,Monthly,6.1,Sci-Fi,3,5,7,3,1,25,Active,Not Churned
CUST_4609,24,Female,Asia Pacific,2024-01-31,Basic,7.87,Credit Card,Yes,Monthly,14.8,Drama,3,10,10,2,3,21,Active,Not Churned
CUST_4610,36,Female,Asia Pacific,2025-11-30,Basic,7.76,PayPal,No,Monthly,4.7,Action,4,4,13,1,1,34,Active,Not Churned
CUST_4611,47,Male,North America,2021-04-28,Standard,13.35,PayPal,Yes,Monthly,15.4,Family,4,9,14,1,4,12,Active,Not Churned
CUST_4612,37,Male,North America,2023-12-20,Basic,8.09,Credit Card,Yes,Monthly,8.7,Documentary,5,6,10,0,0,8,Active,Not Churned
CUST_4613,32,Male,Latin America,2022-02-03,Standard,14.71,PayPal,Yes,Monthly,3.5,Action,7,3,10,0,1,23,Active,Not Churned
CUST_4614,34,Male,North America,2022-07-19,Premium,20.15,Direct Debit,Yes,Monthly,17.3,Comedy,4,11,12,2,1,0,Active,Not Churned
CUST_4615,30,Other,Latin America,2024-01-31,Standard,14.23,Direct Debit,No,Monthly,5.5,Drama,5,5,5,0,0,36,Active,Not Churned
CUST_4616,29,Female,Middle East & Africa,2024-01-06,Standard,13.85,Credit Card,Yes,Monthly,5.9,Thriller,4,6,5,1,2,29,Active,Not Churned
CUST_4617,20,Male,North America,2023-09-08,Standard,13.9,Direct Debit,Yes,Monthly,8.2,Documentary,3,7,7,2,1,24,Churned,Too expensive
CUST_4618,55,Female,Europe,2023-08-23,Basic,8.33,Direct Debit,Yes,Monthly,8.2,Action,3,9,0,2,0,21,Active,Not Churned
CUST_4619,36,Male,Latin America,2023-08-19,Basic,8.69,Credit Card,No,Annual,10.1,Action,4,8,8,1,1,27,Active,Not Churned
CUST_4620,24,Female,Asia Pacific,2022-01-15,Premium,20.51,Credit Card,No,Annual,16.9,Thriller,3,10,12,1,3,14,Churned,Technical issues
CUST_4621,45,Male,Asia Pacific,2023-07-18,Standard,14.27,Credit Card,Yes,Monthly,15.3,Family,2,10,10,3,1,14,Active,Not Churned
CUST_4622,18,Female,Europe,2022-07-17,Basic,8.0,Direct Debit,Yes,Annual,6.0,Family,4,7,1,3,2,26,Active,Not Churned
CUST_4623,21,Male,Middle East & Africa,2022-07-26,Standard,14.06,Credit Card,Yes,Monthly,6.8,Action,3,3,5,1,0,21,Churned,Too expensive
CUST_4624,37,Male,Latin America,2024-04-14,Premium,19.73,Direct Debit,No,Monthly,16.0,Comedy,4,13,6,0,0,0,Active,Not Churned
CUST_4625,34,Male,Asia Pacific,2022-07-17,Standard,13.48,Direct Debit,Yes,Monthly,5.0,Action,2,3,10,1,0,21,Active,Not Churned
CUST_4626,40,Male,Europe,2023-05-09,Standard,13.6,Direct Debit,Yes,Monthly,9.4,Family,3,8,6,0,1,19,Active,Not Churned
CUST_4627,25,Male,North America,2022-12-26,Premium,20.01,Credit Card,Yes,Annual,20.2,Sci-Fi,4,12,7,1,2,19,Active,Not Churned
CUST_4628,30,Male,Asia Pacific,2022-07-30,Standard,13.89,PayPal,Yes,Monthly,7.2,Family,2,5,5,0,1,13,Active,Not Churned
CUST_4629,32,Male,North America,2025-12-29,Standard,13.48,Credit Card,Yes,Monthly,3.8,Sci-Fi,1,1,7,2,1,29,Churned,Switched to competitor
CUST_4630,26,Male,North America,2023-11-30,Basic,7.98,Credit Card,Yes,Monthly,4.8,Action,4,6,5,2,1,22,Active,Not Churned
CUST_4631,23,Male,North America,2021-10-02,Basic,7.88,Credit Card,Yes,Monthly,5.0,Comedy,4,2,2,0,1,17,Active,Not Churned
CUST_4632,50,Male,Middle East & Africa,2022-05-18,Premium,19.58,Direct Debit,Yes,Annual,6.6,Family,4,2,4,1,0,29,Active,Not Churned
CUST_4633,23,Female,Asia Pacific,2021-10-27,Standard,13.86,Direct Debit,No,Monthly,8.0,Thriller,5,8,6,2,1,18,Churned,Too expensive
CUST_4634,31,Female,Latin America,2025-11-29,Standard,13.88,Digital Wallet,Yes,Monthly,26.7,Sci-Fi,4,18,15,3,2,0,Active,Not Churned
CUST_4635,24,Male,North America,2024-12-28,Standard,13.77,Direct Debit,No,Monthly,12.0,Comedy,4,6,5,0,0,15,Active,Not Churned
CUST_4636,28,Male,Asia Pacific,2024-10-22,Basic,8.31,Credit Card,Yes,Monthly,7.7,Drama,2,7,6,1,1,23,Active,Not Churned
CUST_4637,19,Female,Asia Pacific,2022-07-17,Premium,19.32,Direct Debit,Yes,Annual,10.1,Action,3,8,4,2,1,26,Active,Not Churned
CUST_4638,21,Male,Middle East & Africa,2021-10-06,Basic,7.29,Credit Card,Yes,Annual,5.5,Drama,3,4,8,0,1,26,Active,Not Churned
CUST_4639,30,Female,Asia Pacific,2025-09-26,Premium,19.99,Carrier Billing,Yes,Annual,10.1,Sci-Fi,1,9,11,0,2,30,Active,Not Churned
CUST_4640,31,Male,North America,2022-09-21,Standard,14.02,Credit Card,No,Monthly,18.5,Documentary,6,10,9,1,1,22,Active,Not Churned
CUST_4641,37,Male,Asia Pacific,2024-08-13,Basic,8.13,PayPal,Yes,Annual,8.9,Drama,2,7,5,2,1,24,Active,Not Churned
CUST_4642,55,Male,Europe,2022-04-25,Basic,7.8,Carrier Billing,Yes,Monthly,14.6,Family,2,7,9,1,2,16,Active,Not Churned
CUST_4643,36,Male,North America,2023-02-19,Premium,19.67,PayPal,No,Monthly,15.5,Sci-Fi,1,7,10,1,4,33,Active,Not Churned
CUST_4644,29,Female,Latin America,2022-04-10,Basic,7.99,PayPal,Yes,Annual,25.3,Anime,1,16,17,0,0,0,Active,Not Churned
CUST_4645,18,Female,Asia Pacific,2022-02-19,Basic,7.84,Direct Debit,Yes,Monthly,13.3,Sci-Fi,5,9,11,0,1,20,Churned,Switched to competitor
CUST_4646,21,Male,Asia Pacific,2022-03-10,Standard,14.53,Credit Card,Yes,Annual,25.0,Thriller,3,14,17,3,5,0,Active,Not Churned
CUST_4647,52,Female,Latin America,2023-02-15,Standard,13.88,Digital Wallet,Yes,Annual,15.9,Family,2,13,15,2,1,7,Active,Not Churned
CUST_4648,41,Male,Middle East & Africa,2021-06-27,Standard,13.97,Credit Card,No,Monthly,10.8,Thriller,4,10,8,1,3,8,Active,Not Churned
CUST_4649,37,Male,Asia Pacific,2021-01-29,Basic,8.86,Credit Card,Yes,Annual,5.2,Sci-Fi,5,5,1,2,1,22,Active,Not Churned
CUST_4650,39,Male,Latin America,2022-08-18,Premium,19.92,Digital Wallet,No,Annual,16.5,Family,4,7,6,1,1,9,Active,Not Churned
CUST_4651,22,Female,Europe,2025-03-27,Basic,8.18,PayPal,No,Annual,15.2,Comedy,1,9,15,2,1,17,Churned,Too expensive
CUST_4652,37,Female,Middle East & Africa,2021-04-10,Basic,8.22,Carrier Billing,Yes,Monthly,15.4,Action,4,8,12,0,1,20,Active,Not Churned
CUST_4653,32,Female,Asia Pacific,2024-07-09,Basic,8.25,Direct Debit,Yes,Annual,1.0,Action,3,2,3,1,0,22,Active,Not Churned
CUST_4654,45,Male,Middle East & Africa,2024-10-25,Basic,8.09,Carrier Billing,Yes,Monthly,6.4,Family,2,3,7,2,4,30,Churned,Lack of content
CUST_4655,32,Male,Middle East & Africa,2025-10-24,Basic,8.06,Credit Card,Yes,Monthly,11.3,Family,5,5,9,0,2,25,Active,Not Churned
CUST_4656,26,Male,Europe,2021-12-04,Basic,8.03,Digital Wallet,Yes,Monthly,6.7,Family,4,1,7,3,2,33,Active,Not Churned
CUST_4657,37,Female,Middle East & Africa,2024-07-04,Basic,7.79,Credit Card,Yes,Monthly,6.1,Thriller,5,5,4,1,2,34,Active,Not Churned
CUST_4658,29,Female,Asia Pacific,2021-07-08,Standard,14.1,Direct Debit,No,Monthly,6.1,Documentary,3,1,9,0,3,27,Churned,Switched to competitor
CUST_4659,40,Female,Latin America,2024-12-24,Premium,20.7,PayPal,Yes,Annual,4.8,Thriller,3,3,3,0,0,27,Active,Not Churned
CUST_4660,34,Male,Asia Pacific,2024-10-10,Basic,8.41,Credit Card,Yes,Monthly,10.9,Sci-Fi,3,8,5,1,1,20,Active,Not Churned
CUST_4661,44,Female,Middle East & Africa,2024-11-21,Basic,8.1,Carrier Billing,Yes,Monthly,5.8,Sci-Fi,2,3,0,0,1,14,Churned,Low usage
CUST_4662,25,Female,Asia Pacific,2024-10-05,Premium,20.29,Credit Card,Yes,Monthly,8.5,Family,1,4,6,1,0,23,Active,Not Churned
CUST_4663,50,Female,Latin America,2023-12-24,Premium,19.69,Direct Debit,Yes,Monthly,9.7,Action,4,6,11,0,1,19,Active,Not Churned
CUST_4664,38,Male,Middle East & Africa,2023-02-06,Standard,13.9,PayPal,Yes,Monthly,12.7,Anime,2,6,8,1,0,16,Active,Not Churned
CUST_4665,34,Female,Middle East & Africa,2023-02-06,Basic,8.32,Direct Debit,Yes,Annual,10.0,Comedy,2,7,3,0,3,34,Churned,Lack of content
CUST_4666,44,Female,Asia Pacific,2025-05-13,Standard,14.51,PayPal,No,Monthly,10.4,Sci-Fi,3,5,9,0,1,31,Active,Not Churned
CUST_4667,41,Female,Latin America,2023-09-12,Basic,7.72,Direct Debit,Yes,Monthly,1.5,Family,4,2,1,2,0,22,Churned,Lack of content
CUST_4668,40,Male,Europe,2023-01-25,Basic,7.82,Direct Debit,Yes,Annual,14.7,Thriller,2,8,15,0,0,19,Active,Not Churned
CUST_4669,38,Male,Asia Pacific,2025-01-09,Standard,14.75,PayPal,Yes,Annual,21.6,Sci-Fi,4,12,17,0,0,13,Active,Not Churned
CUST_4670,41,Other,Middle East & Africa,2023-07-21,Standard,14.02,Carrier Billing,Yes,Monthly,10.3,Documentary,3,10,4,2,2,18,Active,Not Churned
CUST_4671,32,Female,North America,2021-09-13,Standard,14.63,Digital Wallet,No,Monthly,4.9,Anime,4,4,4,1,1,17,Active,Not Churned
CUST_4672,40,Female,Middle East & Africa,2024-12-16,Standard,14.06,Digital Wallet,Yes,Monthly,6.9,Drama,1,6,4,0,2,15,Active,Not Churned
CUST_4673,29,Male,Latin America,2024-02-17,Basic,8.08,Carrier Billing,No,Monthly,4.3,Sci-Fi,5,3,1,0,1,29,Churned,Low usage
CUST_4674,26,Female,Europe,2021-08-30,Basic,7.88,Credit Card,Yes,Annual,19.5,Action,3,12,13,0,2,15,Active,Not Churned
CUST_4675,29,Female,Middle East & Africa,2024-05-08,Premium,20.32,Digital Wallet,Yes,Monthly,8.5,Sci-Fi,2,5,9,2,1,22,Churned,Technical issues
CUST_4676,18,Male,Europe,2021-04-03,Premium,20.47,PayPal,No,Annual,11.8,Comedy,3,7,8,0,0,26,Active,Not Churned
CUST_4677,22,Male,Asia Pacific,2025-11-18,Basic,7.63,Credit Card,Yes,Annual,7.5,Documentary,3,6,5,0,2,32,Active,Not Churned
CUST_4678,31,Male,Asia Pacific,2024-02-05,Standard,13.87,Direct Debit,No,Annual,12.3,Drama,5,7,2,1,1,30,Active,Not Churned
CUST_4679,18,Male,North America,2022-09-02,Basic,8.31,Direct Debit,Yes,Monthly,4.9,Comedy,2,3,3,0,3,39,Active,Not Churned
CUST_4680,30,Male,Asia Pacific,2022-10-19,Basic,7.94,PayPal,Yes,Monthly,9.6,Comedy,4,5,9,0,0,20,Active,Not Churned
CUST_4681,42,Male,Asia Pacific,2025-08-20,Standard,13.82,Credit Card,Yes,Monthly,7.3,Drama,2,4,2,2,2,18,Active,Not Churned
CUST_4682,31,Male,Middle East & Africa,2022-03-06,Basic,8.34,Direct Debit,Yes,Monthly,15.8,Documentary,1,10,15,1,0,10,Churned,Technical issues
CUST_4683,30,Female,Latin America,2021-05-17,Standard,14.38,Credit Card,No,Annual,2.4,Documentary,2,2,2,2,3,32,Churned,Technical issues
CUST_4684,32,Male,Europe,2025-01-31,Standard,13.83,Credit Card,Yes,Annual,7.7,Comedy,2,8,7,1,0,11,Active,Not Churned
CUST_4685,18,Female,Middle East & Africa,2023-07-23,Basic,8.06,Carrier Billing,Yes,Monthly,15.0,Drama,3,14,9,0,0,2,Active,Not Churned
CUST_4686,35,Male,Middle East & Africa,2023-12-24,Basic,7.57,Direct Debit,Yes,Annual,14.0,Thriller,5,7,6,2,2,14,Active,Not Churned
CUST_4687,41,Female,Asia Pacific,2021-12-24,Basic,7.68,Credit Card,Yes,Annual,3.0,Documentary,4,4,5,0,2,30,Churned,Too expensive
CUST_4688,43,Male,Middle East & Africa,2025-06-13,Premium,20.03,PayPal,Yes,Monthly,15.1,Documentary,3,11,9,0,2,25,Active,Not Churned
CUST_4689,29,Male,Asia Pacific,2023-10-15,Standard,14.0,Credit Card,Yes,Monthly,5.3,Family,5,4,2,0,0,38,Churned,Too expensive
CUST_4690,49,Female,North America,2023-03-29,Standard,13.65,Direct Debit,Yes,Annual,6.3,Thriller,5,3,0,0,3,30,Churned,Low usage
CUST_4691,36,Female,Asia Pacific,2023-12-17,Basic,7.74,Credit Card,Yes,Annual,14.5,Family,2,12,14,0,1,9,Active,Not Churned
CUST_4692,44,Female,Asia Pacific,2023-12-07,Standard,13.62,Credit Card,Yes,Annual,7.6,Thriller,3,7,6,3,3,25,Churned,Too expensive
CUST_4693,31,Female,Asia Pacific,2023-09-27,Basic,8.15,Credit Card,No,Monthly,2.8,Documentary,1,3,7,0,0,33,Active,Not Churned
CUST_4694,48,Other,North America,2025-04-28,Standard,13.3,Carrier Billing,Yes,Monthly,4.6,Thriller,4,6,6,1,0,29,Churned,Too expensive
CUST_4695,29,Male,North America,2024-01-12,Standard,13.64,Credit Card,Yes,Annual,9.5,Family,3,8,11,1,1,16,Active,Not Churned
CUST_4696,38,Other,Europe,2023-03-02,Standard,13.34,Direct Debit,Yes,Monthly,7.5,Sci-Fi,3,5,4,2,0,31,Active,Not Churned
CUST_4697,34,Female,Latin America,2025-02-17,Basic,8.14,Digital Wallet,Yes,Annual,6.7,Comedy,2,3,2,1,2,29,Churned,Technical issues
CUST_4698,21,Male,North America,2024-09-06,Basic,7.36,Credit Card,Yes,Monthly,11.5,Family,2,6,11,0,1,15,Active,Not Churned
CUST_4699,49,Male,North America,2021-08-01,Basic,8.0,Credit Card,Yes,Monthly,10.3,Family,1,9,8,2,2,18,Active,Not Churned
CUST_4700,31,Female,Europe,2022-03-19,Standard,14.56,Digital Wallet,Yes,Annual,7.8,Thriller,1,7,5,0,1,30,Active,Not Churned
CUST_4701,22,Female,Europe,2025-06-02,Premium,20.58,PayPal,Yes,Monthly,16.1,Anime,4,9,13,0,1,20,Churned,Switched to competitor
CUST_4702,26,Female,North America,2021-01-28,Basic,7.36,Credit Card,Yes,Monthly,11.6,Anime,2,10,9,4,1,14,Churned,Too expensive
CUST_4703,42,Female,Europe,2025-03-16,Standard,14.09,Credit Card,Yes,Monthly,10.7,Sci-Fi,3,7,10,2,1,27,Active,Not Churned
CUST_4704,50,Male,Asia Pacific,2024-02-10,Standard,13.64,PayPal,Yes,Monthly,6.8,Drama,5,7,3,2,1,25,Active,Not Churned
CUST_4705,25,Female,Latin America,2021-02-12,Basic,7.57,PayPal,Yes,Monthly,15.4,Action,2,10,13,0,0,9,Active,Not Churned
CUST_4706,38,Female,Asia Pacific,2022-08-02,Basic,7.95,PayPal,Yes,Monthly,6.7,Action,2,8,6,0,1,11,Active,Not Churned
CUST_4707,29,Male,Latin America,2023-09-08,Basic,8.42,PayPal,Yes,Annual,7.0,Drama,2,6,9,0,4,18,Active,Not Churned
CUST_4708,18,Female,Asia Pacific,2022-01-19,Standard,14.2,PayPal,Yes,Monthly,20.5,Sci-Fi,3,12,16,1,2,1,Active,Not Churned
CUST_4709,41,Male,Asia Pacific,2022-11-12,Standard,13.74,Digital Wallet,Yes,Monthly,5.5,Family,4,4,7,0,1,19,Active,Not Churned
CUST_4710,24,Female,Asia Pacific,2025-11-09,Standard,14.24,Carrier Billing,No,Monthly,5.5,Comedy,5,4,5,1,1,23,Churned,Switched to competitor
CUST_4711,41,Female,Europe,2025-06-28,Premium,19.2,Direct Debit,Yes,Annual,9.2,Anime,4,5,9,0,1,31,Active,Not Churned
CUST_4712,40,Female,North America,2022-03-06,Standard,13.73,PayPal,No,Monthly,4.8,Sci-Fi,4,1,8,0,3,38,Churned,Technical issues
CUST_4713,30,Male,Asia Pacific,2024-01-04,Premium,19.7,Carrier Billing,No,Monthly,6.2,Action,2,5,7,2,2,27,Active,Not Churned
CUST_4714,38,Other,Europe,2025-08-02,Standard,14.02,Credit Card,Yes,Monthly,20.1,Comedy,1,11,14,0,2,0,Active,Not Churned
CUST_4715,43,Male,Europe,2023-11-22,Premium,19.92,Digital Wallet,Yes,Annual,9.1,Comedy,4,5,9,1,2,27,Active,Not Churned
CUST_4716,18,Female,Latin America,2024-03-14,Premium,19.94,Credit Card,Yes,Monthly,12.2,Comedy,6,7,7,1,1,8,Active,Not Churned
CUST_4717,37,Male,Asia Pacific,2022-03-19,Standard,13.93,Credit Card,No,Monthly,3.9,Comedy,2,4,9,0,0,28,Active,Not Churned
CUST_4718,39,Male,North America,2021-09-05,Premium,20.0,Direct Debit,Yes,Monthly,6.5,Drama,4,5,1,0,4,33,Churned,Switched to competitor
CUST_4719,32,Male,North America,2024-01-07,Premium,20.18,Direct Debit,Yes,Annual,23.0,Anime,1,16,15,1,0,3,Active,Not Churned
CUST_4720,50,Male,Latin America,2025-05-21,Standard,14.04,Digital Wallet,Yes,Monthly,4.9,Thriller,1,5,3,1,0,27,Active,Not Churned
CUST_4721,36,Male,Europe,2023-12-15,Standard,13.89,PayPal,Yes,Annual,11.0,Thriller,4,11,6,0,2,20,Active,Not Churned
CUST_4722,56,Female,North America,2021-07-11,Standard,14.13,PayPal,Yes,Monthly,1.6,Drama,2,2,4,2,1,30,Active,Not Churned
CUST_4723,49,Male,Asia Pacific,2024-07-24,Premium,20.28,Credit Card,Yes,Monthly,5.0,Drama,4,5,1,3,3,28,Churned,Switched to competitor
CUST_4724,52,Female,Middle East & Africa,2024-03-30,Standard,13.8,Direct Debit,Yes,Annual,7.8,Drama,3,5,13,3,0,14,Active,Not Churned
CUST_4725,42,Male,Asia Pacific,2024-02-06,Premium,19.97,Carrier Billing,Yes,Monthly,15.9,Drama,2,8,7,0,0,12,Active,Not Churned
CUST_4726,46,Male,Asia Pacific,2022-10-06,Premium,20.4,Credit Card,Yes,Monthly,10.5,Anime,6,11,5,3,0,6,Active,Not Churned
CUST_4727,32,Male,Middle East & Africa,2024-10-06,Premium,19.6,Direct Debit,Yes,Annual,9.5,Action,2,5,4,1,1,16,Churned,Too expensive
CUST_4728,55,Female,North America,2022-01-13,Basic,8.62,Credit Card,Yes,Monthly,12.1,Comedy,4,4,9,3,1,22,Active,Not Churned
CUST_4729,23,Male,Asia Pacific,2025-09-27,Standard,13.52,Direct Debit,Yes,Monthly,10.2,Sci-Fi,2,5,11,1,1,9,Active,Not Churned
CUST_4730,52,Female,North America,2023-03-15,Standard,13.87,Credit Card,Yes,Monthly,3.1,Documentary,4,1,5,1,1,36,Churned,Low usage
CUST_4731,33,Male,Asia Pacific,2021-12-28,Premium,19.66,PayPal,Yes,Annual,10.1,Family,2,5,12,0,0,21,Active,Not Churned
CUST_4732,21,Male,Asia Pacific,2021-11-03,Premium,20.76,Carrier Billing,No,Annual,8.2,Thriller,2,4,4,1,1,33,Churned,Too expensive
CUST_4733,40,Female,Latin America,2022-04-24,Standard,13.81,Digital Wallet,Yes,Monthly,8.0,Comedy,6,6,8,2,4,33,Active,Not Churned
CUST_4734,33,Male,Asia Pacific,2025-07-31,Standard,13.81,Direct Debit,No,Annual,6.8,Thriller,2,1,5,2,4,40,Churned,Technical issues
CUST_4735,41,Female,Asia Pacific,2021-04-27,Basic,7.86,Credit Card,Yes,Monthly,8.2,Drama,2,8,7,0,1,22,Churned,Too expensive
CUST_4736,54,Female,Asia Pacific,2024-02-12,Premium,20.02,PayPal,Yes,Monthly,12.6,Documentary,6,4,12,0,0,23,Churned,Low usage
CUST_4737,23,Female,North America,2023-08-13,Basic,7.88,PayPal,Yes,Monthly,3.5,Drama,4,3,0,1,0,34,Active,Not Churned
CUST_4738,50,Male,Asia Pacific,2023-09-03,Standard,13.94,PayPal,No,Monthly,6.0,Comedy,2,4,11,1,2,23,Churned,Lack of content
CUST_4739,42,Female,North America,2022-03-11,Premium,18.75,PayPal,Yes,Monthly,13.9,Anime,4,10,9,5,1,19,Active,Not Churned
CUST_4740,43,Female,Asia Pacific,2024-06-18,Standard,14.01,Credit Card,Yes,Monthly,13.5,Thriller,4,9,5,1,2,16,Active,Not Churned
CUST_4741,18,Female,North America,2021-12-17,Basic,8.0,Direct Debit,Yes,Annual,17.9,Family,4,13,10,2,1,24,Active,Not Churned
CUST_4742,39,Male,North America,2025-06-24,Basic,8.35,Direct Debit,Yes,Annual,8.6,Family,6,5,7,1,1,18,Active,Not Churned
CUST_4743,45,Male,Latin America,2022-08-13,Premium,20.45,PayPal,No,Monthly,7.1,Thriller,3,4,4,2,2,36,Churned,Technical issues
CUST_4744,55,Male,Europe,2024-05-22,Standard,13.92,Direct Debit,Yes,Monthly,6.1,Drama,5,5,0,0,0,10,Active,Not Churned
CUST_4745,19,Female,Asia Pacific,2022-04-26,Basic,8.28,PayPal,Yes,Annual,8.4,Thriller,3,8,7,1,2,20,Active,Not Churned
CUST_4746,31,Male,Asia Pacific,2025-10-03,Standard,13.6,PayPal,Yes,Annual,5.2,Anime,5,6,3,1,1,20,Active,Not Churned
CUST_4747,62,Male,Asia Pacific,2023-06-09,Basic,8.26,Credit Card,Yes,Monthly,17.2,Comedy,4,11,13,1,0,4,Active,Not Churned
CUST_4748,18,Female,North America,2022-06-09,Premium,19.79,PayPal,Yes,Monthly,8.1,Comedy,3,6,3,0,1,15,Churned,Technical issues
CUST_4749,46,Female,Latin America,2025-05-17,Basic,7.58,PayPal,Yes,Annual,15.9,Documentary,2,9,18,1,2,21,Active,Not Churned
CUST_4750,37,Female,Europe,2025-10-14,Basic,7.93,PayPal,Yes,Monthly,4.1,Comedy,5,4,6,3,0,23,Active,Not Churned
CUST_4751,28,Male,Europe,2021-03-24,Basic,8.48,PayPal,Yes,Monthly,7.3,Thriller,3,9,7,1,3,13,Active,Not Churned
CUST_4752,31,Female,Latin America,2024-06-05,Standard,14.05,Direct Debit,No,Monthly,7.3,Family,3,5,8,1,0,27,Active,Not Churned
CUST_4753,60,Male,Latin America,2025-04-20,Standard,14.51,PayPal,Yes,Monthly,3.8,Family,1,3,0,2,1,27,Active,Not Churned
CUST_4754,43,Female,Latin America,2022-09-12,Standard,13.73,PayPal,Yes,Annual,7.7,Sci-Fi,2,5,5,1,0,23,Active,Not Churned
CUST_4755,33,Male,Latin America,2024-01-23,Standard,14.36,Carrier Billing,No,Monthly,10.2,Thriller,3,7,13,1,2,29,Churned,Payment issues
CUST_4756,27,Female,North America,2024-02-12,Basic,7.76,Credit Card,Yes,Annual,1.6,Anime,2,1,2,1,1,40,Active,Not Churned
CUST_4757,44,Female,Latin America,2023-01-26,Basic,8.07,Credit Card,Yes,Annual,11.1,Drama,3,7,8,3,3,9,Active,Not Churned
CUST_4758,31,Female,North America,2024-05-23,Basic,8.07,Credit Card,No,Monthly,10.0,Action,5,8,6,2,2,20,Active,Not Churned
CUST_4759,26,Female,Europe,2024-06-29,Premium,20.22,Direct Debit,No,Monthly,10.1,Action,3,6,12,1,0,8,Active,Not Churned
CUST_4760,32,Male,Europe,2023-01-08,Basic,8.08,Credit Card,Yes,Monthly,12.4,Action,3,8,8,2,4,43,Churned,Technical issues
CUST_4761,39,Female,North America,2025-12-10,Premium,19.73,PayPal,No,Monthly,14.9,Thriller,5,13,6,0,0,7,Active,Not Churned
CUST_4762,33,Female,Asia Pacific,2023-09-24,Basic,8.3,Credit Card,No,Monthly,31.0,Action,3,18,27,2,2,10,Active,Not Churned
CUST_4763,52,Other,Asia Pacific,2025-04-10,Basic,8.6,Carrier Billing,No,Annual,3.0,Thriller,6,1,0,1,2,27,Active,Not Churned
CUST_4764,43,Male,Latin America,2021-07-21,Basic,7.79,PayPal,No,Annual,18.6,Drama,4,8,12,0,0,12,Active,Not Churned
CUST_4765,32,Female,North America,2023-10-24,Basic,7.35,Credit Card,Yes,Monthly,14.3,Family,2,8,7,2,4,32,Churned,Payment issues
CUST_4766,42,Male,Asia Pacific,2022-04-04,Premium,20.16,PayPal,No,Monthly,12.0,Comedy,5,6,6,1,1,25,Active,Not Churned
CUST_4767,31,Female,Asia Pacific,2023-12-20,Standard,13.87,PayPal,Yes,Monthly,4.9,Drama,7,4,2,0,2,37,Active,Not Churned
CUST_4768,33,Male,Europe,2021-01-12,Basic,7.94,Digital Wallet,Yes,Annual,6.3,Drama,4,4,4,1,2,20,Active,Not Churned
CUST_4769,34,Male,North America,2022-08-27,Standard,14.18,Direct Debit,Yes,Annual,6.5,Drama,3,7,9,0,1,17,Active,Not Churned
CUST_4770,30,Female,North America,2021-12-29,Standard,13.83,PayPal,Yes,Monthly,8.3,Drama,4,4,1,1,0,26,Active,Not Churned
CUST_4771,46,Female,Europe,2024-03-12,Premium,19.9,Digital Wallet,Yes,Monthly,14.1,Thriller,5,8,14,1,0,21,Active,Not Churned
CUST_4772,45,Female,Asia Pacific,2025-09-25,Premium,19.95,Direct Debit,Yes,Monthly,18.7,Action,2,11,16,0,1,14,Active,Not Churned
CUST_4773,25,Male,North America,2021-05-02,Standard,14.5,Credit Card,No,Annual,22.4,Sci-Fi,3,13,16,1,1,0,Active,Not Churned
CUST_4774,51,Male,Middle East & Africa,2022-07-04,Premium,20.0,PayPal,Yes,Annual,8.4,Thriller,5,6,7,2,0,14,Active,Not Churned
CUST_4775,39,Female,Asia Pacific,2025-06-24,Premium,19.56,PayPal,Yes,Monthly,11.1,Anime,6,3,9,2,0,28,Active,Not Churned
CUST_4776,18,Male,North America,2023-10-02,Standard,13.57,Digital Wallet,No,Annual,5.4,Thriller,3,4,9,0,1,13,Active,Not Churned
CUST_4777,36,Female,North America,2022-07-19,Standard,14.04,PayPal,No,Monthly,15.3,Action,3,9,5,1,3,13,Active,Not Churned
CUST_4778,40,Female,North America,2023-12-19,Basic,7.59,Direct Debit,Yes,Monthly,10.3,Thriller,4,8,10,1,2,20,Churned,Low usage
CUST_4779,27,Female,Latin America,2024-05-29,Standard,13.44,Credit Card,Yes,Annual,7.9,Anime,4,7,4,0,0,11,Active,Not Churned
CUST_4780,58,Female,North America,2024-07-19,Premium,20.21,PayPal,No,Monthly,4.9,Action,3,4,7,2,4,33,Churned,Low usage
CUST_4781,25,Male,Middle East & Africa,2025-03-31,Basic,8.23,Credit Card,Yes,Monthly,9.1,Thriller,3,7,5,2,0,18,Active,Not Churned
CUST_4782,40,Male,Middle East & Africa,2023-03-30,Premium,19.86,PayPal,Yes,Monthly,11.7,Anime,1,10,11,2,0,8,Active,Not Churned
CUST_4783,27,Female,North America,2024-11-11,Premium,20.09,Carrier Billing,Yes,Monthly,4.3,Action,2,6,0,3,1,18,Churned,Too expensive
CUST_4784,28,Male,Middle East & Africa,2021-09-04,Basic,8.06,Carrier Billing,No,Monthly,3.5,Thriller,3,4,0,2,1,35,Active,Not Churned
CUST_4785,35,Male,Europe,2022-11-04,Standard,14.2,Credit Card,Yes,Annual,9.7,Family,4,10,7,2,0,16,Active,Not Churned
CUST_4786,26,Male,Europe,2024-01-26,Premium,20.2,PayPal,No,Annual,22.6,Anime,2,12,19,0,3,15,Active,Not Churned
CUST_4787,31,Male,Middle East & Africa,2025-12-29,Premium,19.08,Digital Wallet,Yes,Monthly,17.5,Thriller,2,8,13,2,1,19,Active,Not Churned
CUST_4788,27,Male,Asia Pacific,2024-03-17,Basic,7.91,Credit Card,Yes,Annual,7.3,Thriller,2,5,8,0,0,14,Active,Not Churned
CUST_4789,18,Female,Asia Pacific,2025-04-28,Basic,8.17,Credit Card,No,Monthly,6.6,Family,6,4,8,0,1,19,Active,Not Churned
CUST_4790,31,Female,Europe,2023-01-17,Standard,13.85,Credit Card,Yes,Monthly,5.9,Drama,1,1,4,1,1,13,Active,Not Churned
CUST_4791,55,Male,Asia Pacific,2025-03-15,Basic,8.0,PayPal,No,Monthly,4.9,Sci-Fi,5,3,7,1,0,20,Active,Not Churned
CUST_4792,28,Female,Latin America,2025-12-15,Basic,8.25,Digital Wallet,Yes,Monthly,6.9,Comedy,6,6,4,3,1,19,Active,Not Churned
CUST_4793,33,Male,North America,2025-02-02,Basic,8.02,Digital Wallet,No,Monthly,24.1,Documentary,3,13,14,1,2,15,Active,Not Churned
CUST_4794,35,Female,Middle East & Africa,2022-11-13,Basic,8.52,Credit Card,Yes,Monthly,6.6,Anime,4,3,5,1,1,22,Active,Not Churned
CUST_4795,51,Male,Latin America,2025-02-08,Standard,14.38,Carrier Billing,Yes,Monthly,8.9,Sci-Fi,3,6,5,2,2,30,Active,Not Churned
CUST_4796,38,Male,Europe,2021-02-16,Standard,13.95,Credit Card,Yes,Monthly,4.4,Family,4,4,4,1,1,23,Active,Not Churned
CUST_4797,25,Male,Asia Pacific,2024-11-27,Standard,13.92,Direct Debit,No,Monthly,12.1,Family,3,9,8,1,2,19,Active,Not Churned
CUST_4798,18,Female,North America,2021-10-02,Standard,12.99,Carrier Billing,No,Annual,8.8,Action,3,5,5,2,3,27,Active,Not Churned
CUST_4799,25,Female,Latin America,2025-09-29,Standard,13.88,Credit Card,Yes,Annual,7.1,Sci-Fi,6,7,5,2,1,25,Active,Not Churned
CUST_4800,35,Female,Latin America,2025-09-25,Basic,7.52,PayPal,Yes,Annual,4.3,Action,4,2,5,1,0,35,Churned,Too expensive
CUST_4801,22,Female,North America,2023-04-28,Basic,8.07,Direct Debit,Yes,Monthly,5.0,Anime,6,3,1,0,2,20,Active,Not Churned
CUST_4802,47,Male,Europe,2024-09-24,Basic,8.04,Carrier Billing,Yes,Monthly,6.1,Thriller,3,8,7,0,3,33,Active,Not Churned
CUST_4803,31,Male,Asia Pacific,2022-05-28,Basic,8.23,PayPal,No,Monthly,6.3,Anime,3,3,4,1,1,20,Active,Not Churned
CUST_4804,47,Male,Asia Pacific,2025-03-15,Basic,8.48,Digital Wallet,Yes,Monthly,4.3,Comedy,3,2,5,2,2,30,Churned,Lack of content
CUST_4805,30,Male,North America,2024-11-15,Basic,7.98,Direct Debit,Yes,Annual,7.7,Family,4,3,4,0,0,20,Active,Not Churned
CUST_4806,26,Male,Europe,2025-10-26,Basic,8.79,Credit Card,Yes,Annual,9.3,Thriller,3,5,10,1,1,33,Active,Not Churned
CUST_4807,24,Female,Asia Pacific,2025-10-23,Standard,14.07,Carrier Billing,Yes,Monthly,13.2,Thriller,2,8,12,1,0,8,Active,Not Churned
CUST_4808,39,Male,Asia Pacific,2024-07-08,Standard,13.53,Carrier Billing,Yes,Annual,20.6,Documentary,4,13,10,0,0,11,Active,Not Churned
CUST_4809,47,Male,Europe,2025-10-19,Premium,19.79,Direct Debit,No,Monthly,4.2,Action,5,4,6,1,2,11,Churned,Technical issues
CUST_4810,38,Male,Europe,2021-11-06,Premium,19.86,Credit Card,Yes,Monthly,12.1,Anime,2,7,13,0,3,28,Active,Not Churned
CUST_4811,22,Male,North America,2023-11-03,Standard,14.2,Credit Card,Yes,Annual,7.5,Sci-Fi,1,3,3,0,1,24,Active,Not Churned
CUST_4812,35,Female,Middle East & Africa,2025-03-26,Basic,7.66,Credit Card,Yes,Monthly,1.8,Family,4,1,0,0,1,26,Active,Not Churned
CUST_4813,32,Female,North America,2023-02-08,Standard,13.89,Credit Card,Yes,Monthly,6.2,Thriller,4,2,8,1,2,25,Active,Not Churned
CUST_4814,18,Male,Asia Pacific,2022-01-05,Basic,7.93,Credit Card,Yes,Monthly,2.4,Drama,6,4,0,0,0,21,Active,Not Churned
CUST_4815,34,Female,North America,2023-09-24,Standard,13.83,Direct Debit,Yes,Monthly,12.5,Thriller,2,9,7,1,0,12,Active,Not Churned
CUST_4816,43,Female,North America,2024-06-07,Standard,14.27,PayPal,Yes,Monthly,11.6,Comedy,3,7,5,0,1,8,Active,Not Churned
CUST_4817,50,Male,Asia Pacific,2021-12-08,Standard,14.21,Credit Card,No,Monthly,9.4,Comedy,2,7,9,0,0,11,Active,Not Churned
CUST_4818,42,Male,North America,2021-03-01,Basic,8.4,Carrier Billing,Yes,Monthly,5.1,Family,3,6,3,2,0,26,Active,Not Churned
CUST_4819,18,Male,Asia Pacific,2025-11-29,Standard,13.87,Direct Debit,No,Annual,17.7,Action,3,11,11,1,1,10,Active,Not Churned
CUST_4820,25,Female,Asia Pacific,2022-09-13,Premium,20.41,PayPal,Yes,Monthly,5.9,Drama,6,7,3,4,1,17,Active,Not Churned
CUST_4821,43,Male,Middle East & Africa,2024-05-13,Standard,13.51,PayPal,Yes,Monthly,7.1,Comedy,3,3,9,1,0,25,Active,Not Churned
CUST_4822,23,Male,Europe,2023-08-02,Standard,13.5,Credit Card,Yes,Monthly,7.8,Sci-Fi,5,5,4,0,0,23,Active,Not Churned
CUST_4823,40,Other,North America,2025-05-13,Standard,13.57,PayPal,Yes,Monthly,8.5,Family,7,5,2,0,0,24,Active,Not Churned
CUST_4824,29,Female,Europe,2024-06-29,Basic,7.99,Digital Wallet,Yes,Monthly,26.6,Anime,3,16,12,0,0,4,Active,Not Churned
CUST_4825,33,Female,North America,2022-02-03,Standard,14.41,PayPal,Yes,Monthly,19.7,Anime,5,9,15,0,0,22,Active,Not Churned
CUST_4826,23,Female,Asia Pacific,2025-04-07,Standard,13.78,Credit Card,Yes,Annual,11.4,Documentary,2,10,11,1,0,13,Active,Not Churned
CUST_4827,37,Male,Asia Pacific,2024-07-12,Basic,7.82,Direct Debit,No,Annual,8.2,Action,1,7,10,1,1,18,Active,Not Churned
CUST_4828,30,Female,Europe,2021-04-18,Basic,7.91,Credit Card,Yes,Monthly,8.1,Sci-Fi,2,9,3,1,3,26,Churned,Too expensive
CUST_4829,52,Female,Latin America,2025-06-17,Premium,20.19,Digital Wallet,Yes,Monthly,14.3,Documentary,2,9,9,0,1,10,Active,Not Churned
CUST_4830,29,Female,Europe,2025-02-06,Standard,13.82,PayPal,No,Annual,15.9,Thriller,1,8,18,1,1,15,Active,Not Churned
CUST_4831,58,Female,Latin America,2023-06-09,Standard,13.8,Direct Debit,Yes,Annual,4.6,Action,4,5,4,1,1,12,Active,Not Churned
CUST_4832,39,Female,Latin America,2024-09-27,Standard,13.52,Carrier Billing,Yes,Annual,20.8,Drama,2,14,12,2,1,21,Active,Not Churned
CUST_4833,32,Male,Europe,2023-02-03,Standard,13.79,Carrier Billing,Yes,Annual,11.1,Drama,4,6,8,1,3,39,Active,Not Churned
CUST_4834,27,Male,Europe,2025-01-29,Standard,14.4,PayPal,No,Monthly,6.5,Thriller,3,1,7,1,1,28,Churned,Too expensive
CUST_4835,32,Female,North America,2022-12-29,Basic,8.02,PayPal,No,Monthly,7.5,Comedy,4,2,8,2,2,36,Churned,Switched to competitor
CUST_4836,30,Male,Latin America,2023-08-19,Standard,13.73,Digital Wallet,No,Annual,11.5,Family,2,8,6,0,0,20,Active,Not Churned
CUST_4837,34,Male,Latin America,2024-10-21,Standard,14.42,Credit Card,Yes,Annual,11.8,Thriller,2,10,7,3,1,18,Active,Not Churned
CUST_4838,32,Female,North America,2023-12-07,Basic,7.79,PayPal,Yes,Annual,4.3,Thriller,4,1,3,2,0,37,Active,Not Churned
CUST_4839,50,Female,North America,2023-12-03,Premium,20.49,PayPal,No,Monthly,9.9,Thriller,3,6,5,1,1,12,Churned,Low usage
CUST_4840,41,Female,Latin America,2021-07-25,Basic,8.48,Carrier Billing,No,Monthly,9.2,Drama,4,5,3,1,1,22,Active,Not Churned
CUST_4841,44,Male,North America,2021-11-26,Standard,14.01,Credit Card,Yes,Monthly,16.0,Action,1,13,16,1,0,0,Active,Not Churned
CUST_4842,46,Male,Latin America,2025-02-02,Standard,13.47,Direct Debit,Yes,Annual,17.0,Anime,1,14,10,0,0,0,Active,Not Churned
CUST_4843,30,Female,North America,2023-09-12,Standard,14.79,Direct Debit,Yes,Monthly,4.2,Action,2,4,3,0,0,10,Active,Not Churned
CUST_4844,22,Male,Asia Pacific,2021-09-23,Standard,14.13,Digital Wallet,Yes,Monthly,9.1,Anime,3,8,6,0,1,4,Active,Not Churned
CUST_4845,38,Female,North America,2021-11-24,Premium,19.88,Carrier Billing,Yes,Monthly,7.6,Drama,4,7,6,1,1,16,Active,Not Churned
CUST_4846,34,Male,Europe,2023-12-31,Standard,14.32,PayPal,No,Annual,11.3,Family,2,5,10,0,0,22,Active,Not Churned
CUST_4847,33,Male,Asia Pacific,2022-02-24,Standard,14.24,Credit Card,No,Annual,26.5,Sci-Fi,1,16,15,1,1,0,Active,Not Churned
CUST_4848,58,Male,Latin America,2022-06-16,Standard,14.45,Carrier Billing,Yes,Monthly,15.0,Anime,1,7,14,1,0,14,Active,Not Churned
CUST_4849,40,Female,Asia Pacific,2024-12-10,Basic,7.76,Credit Card,Yes,Annual,11.2,Anime,2,7,10,2,2,17,Active,Not Churned
CUST_4850,24,Male,North America,2021-07-31,Basic,8.1,Direct Debit,Yes,Monthly,13.0,Family,4,10,9,1,0,13,Active,Not Churned
CUST_4851,37,Male,Asia Pacific,2024-06-26,Standard,13.57,PayPal,Yes,Monthly,19.0,Thriller,3,11,10,0,1,7,Active,Not Churned
CUST_4852,39,Female,North America,2022-02-24,Basic,8.22,Credit Card,Yes,Monthly,13.6,Thriller,3,10,13,1,2,9,Active,Not Churned
CUST_4853,27,Female,Asia Pacific,2021-03-18,Standard,13.98,Credit Card,Yes,Monthly,4.7,Comedy,3,6,4,1,1,28,Active,Not Churned
CUST_4854,42,Female,North America,2021-01-26,Standard,14.09,Credit Card,No,Annual,21.6,Comedy,3,9,10,1,1,10,Active,Not Churned
CUST_4855,23,Male,Latin America,2023-01-31,Standard,13.94,Credit Card,No,Annual,9.6,Comedy,4,2,10,1,1,19,Active,Not Churned
CUST_4856,26,Male,Latin America,2022-03-21,Basic,7.9,Credit Card,No,Monthly,10.4,Comedy,3,9,6,1,1,21,Active,Not Churned
CUST_4857,31,Male,Asia Pacific,2023-03-21,Premium,19.69,Credit Card,Yes,Monthly,18.3,Thriller,2,13,15,2,1,0,Active,Not Churned
CUST_4858,30,Male,Europe,2023-03-04,Standard,14.27,Carrier Billing,No,Annual,25.8,Sci-Fi,4,15,9,3,0,15,Active,Not Churned
CUST_4859,35,Male,Latin America,2021-04-12,Standard,14.51,PayPal,No,Annual,7.1,Documentary,2,6,5,0,0,11,Active,Not Churned
CUST_4860,27,Male,Europe,2023-12-03,Basic,7.8,Credit Card,Yes,Annual,15.8,Drama,3,11,14,1,1,13,Active,Not Churned
CUST_4861,38,Female,Europe,2022-08-14,Standard,14.18,Credit Card,Yes,Monthly,6.9,Family,2,7,6,1,1,12,Active,Not Churned
CUST_4862,37,Male,North America,2021-10-15,Basic,8.14,Direct Debit,Yes,Annual,9.9,Family,7,6,9,1,2,23,Active,Not Churned
CUST_4863,18,Female,Middle East & Africa,2021-10-19,Standard,13.99,Direct Debit,Yes,Monthly,3.8,Anime,3,5,1,2,1,20,Active,Not Churned
CUST_4864,47,Male,North America,2022-06-05,Basic,7.46,Direct Debit,Yes,Monthly,6.2,Family,7,4,6,1,1,18,Active,Not Churned
CUST_4865,39,Female,Middle East & Africa,2025-07-31,Premium,19.53,Direct Debit,Yes,Annual,11.6,Thriller,2,8,8,2,0,6,Active,Not Churned
CUST_4866,32,Female,Latin America,2024-05-13,Basic,7.72,Direct Debit,Yes,Monthly,11.5,Action,4,8,9,0,1,13,Active,Not Churned
CUST_4867,26,Female,Latin America,2024-12-17,Standard,13.24,Carrier Billing,No,Monthly,11.8,Family,1,6,15,1,0,23,Active,Not Churned
CUST_4868,41,Male,Asia Pacific,2022-01-01,Basic,8.48,Credit Card,Yes,Monthly,14.6,Comedy,2,7,14,4,0,26,Active,Not Churned
CUST_4869,28,Male,Europe,2024-01-19,Standard,14.12,Direct Debit,Yes,Monthly,7.4,Drama,4,9,8,0,5,17,Churned,Too expensive
CUST_4870,30,Male,Asia Pacific,2022-08-08,Standard,13.98,Credit Card,No,Monthly,8.7,Family,3,4,9,0,1,18,Churned,Payment issues
CUST_4871,31,Male,Latin America,2024-06-16,Standard,13.22,Credit Card,Yes,Monthly,8.9,Action,1,7,4,0,1,17,Active,Not Churned
CUST_4872,30,Male,Asia Pacific,2023-10-23,Basic,7.35,Direct Debit,Yes,Annual,7.1,Anime,4,6,4,0,2,22,Active,Not Churned
CUST_4873,31,Other,Europe,2024-02-26,Basic,7.99,Digital Wallet,Yes,Annual,4.8,Family,4,4,0,2,3,29,Active,Not Churned
CUST_4874,18,Male,Asia Pacific,2023-05-20,Basic,8.68,Credit Card,No,Annual,8.9,Family,5,7,3,1,0,15,Active,Not Churned
CUST_4875,38,Female,North America,2025-01-30,Premium,19.75,PayPal,Yes,Monthly,15.3,Thriller,2,10,8,1,1,12,Active,Not Churned
CUST_4876,26,Other,Latin America,2022-11-22,Standard,14.29,Direct Debit,Yes,Monthly,10.9,Family,4,5,8,2,0,20,Active,Not Churned
CUST_4877,32,Female,Asia Pacific,2024-05-26,Basic,7.82,Digital Wallet,Yes,Monthly,6.5,Sci-Fi,5,6,2,2,2,7,Active,Not Churned
CUST_4878,29,Female,North America,2024-05-17,Premium,20.01,Direct Debit,Yes,Monthly,11.0,Family,3,6,8,0,2,19,Active,Not Churned
CUST_4879,34,Male,North America,2025-02-03,Basic,8.42,Direct Debit,No,Monthly,6.3,Drama,3,8,5,0,1,22,Churned,Payment issues
CUST_4880,32,Female,Latin America,2022-05-31,Standard,13.87,Credit Card,No,Monthly,12.4,Drama,3,8,5,3,3,33,Churned,Lack of content
CUST_4881,30,Female,Europe,2024-06-05,Standard,13.75,PayPal,No,Monthly,14.3,Drama,1,7,14,0,1,27,Churned,Too expensive
CUST_4882,35,Female,Asia Pacific,2022-12-13,Premium,20.49,Digital Wallet,Yes,Monthly,15.7,Documentary,4,10,7,1,0,13,Active,Not Churned
CUST_4883,43,Male,Asia Pacific,2025-05-20,Standard,14.01,Credit Card,No,Monthly,8.2,Action,3,4,10,1,3,20,Active,Not Churned
CUST_4884,37,Male,Asia Pacific,2023-10-04,Standard,14.37,PayPal,Yes,Monthly,7.1,Drama,3,6,0,0,2,18,Active,Not Churned
CUST_4885,45,Female,North America,2021-02-17,Premium,19.75,Credit Card,Yes,Annual,16.6,Sci-Fi,2,9,11,1,1,11,Active,Not Churned
CUST_4886,46,Male,Europe,2023-02-06,Basic,8.48,Credit Card,Yes,Monthly,7.1,Comedy,2,4,2,2,1,16,Active,Not Churned
CUST_4887,29,Male,Latin America,2025-04-10,Premium,20.09,Credit Card,Yes,Monthly,11.0,Action,2,5,6,3,0,17,Active,Not Churned
CUST_4888,50,Female,Latin America,2022-09-13,Premium,20.14,PayPal,Yes,Monthly,12.2,Drama,2,12,14,1,1,6,Active,Not Churned
CUST_4889,30,Male,Europe,2022-03-29,Premium,20.04,Direct Debit,Yes,Monthly,10.5,Action,4,7,7,1,2,11,Active,Not Churned
CUST_4890,21,Male,North America,2025-10-16,Basic,7.81,Credit Card,Yes,Monthly,12.6,Drama,1,7,6,1,1,26,Active,Not Churned
CUST_4891,36,Female,Asia Pacific,2022-12-25,Basic,7.99,PayPal,Yes,Annual,3.4,Sci-Fi,2,2,5,2,1,33,Active,Not Churned
CUST_4892,40,Male,Asia Pacific,2022-04-26,Standard,13.84,Digital Wallet,Yes,Annual,11.8,Comedy,1,8,7,2,0,17,Active,Not Churned
CUST_4893,54,Female,Latin America,2022-10-06,Standard,14.33,PayPal,Yes,Annual,5.9,Thriller,3,3,6,1,2,31,Active,Not Churned
CUST_4894,43,Other,Latin America,2022-09-14,Standard,13.92,Credit Card,Yes,Monthly,7.4,Comedy,2,3,3,4,2,33,Active,Not Churned
CUST_4895,47,Other,Europe,2021-01-21,Premium,19.47,Credit Card,No,Monthly,11.5,Comedy,4,7,6,1,2,16,Churned,Switched to competitor
CUST_4896,47,Male,Asia Pacific,2021-07-12,Standard,13.4,Credit Card,Yes,Annual,3.5,Comedy,3,3,2,0,0,36,Churned,Too expensive
CUST_4897,28,Male,Asia Pacific,2021-08-14,Basic,7.39,Direct Debit,No,Monthly,7.7,Drama,7,5,9,1,4,23,Churned,Too expensive
CUST_4898,39,Male,North America,2025-12-07,Standard,14.21,Carrier Billing,Yes,Monthly,7.7,Drama,2,4,6,2,1,14,Active,Not Churned
CUST_4899,28,Female,Europe,2024-11-12,Basic,7.59,Direct Debit,Yes,Monthly,8.0,Family,1,5,3,3,0,24,Active,Not Churned
CUST_4900,35,Female,Asia Pacific,2025-01-30,Basic,8.1,Credit Card,Yes,Annual,6.7,Sci-Fi,5,4,6,0,1,27,Churned,Switched to competitor
CUST_4901,35,Male,Latin America,2021-12-21,Basic,8.04,Direct Debit,Yes,Monthly,9.0,Family,4,5,7,0,1,20,Active,Not Churned
CUST_4902,37,Male,Asia Pacific,2022-01-08,Premium,19.97,PayPal,No,Monthly,8.1,Anime,3,6,8,2,1,31,Churned,Lack of content
CUST_4903,50,Male,Europe,2023-05-15,Standard,14.14,Carrier Billing,Yes,Monthly,9.0,Comedy,2,10,6,0,2,16,Active,Not Churned
CUST_4904,47,Male,Asia Pacific,2021-12-31,Standard,14.05,PayPal,Yes,Monthly,10.1,Family,2,9,7,2,0,10,Active,Not Churned
CUST_4905,34,Male,North America,2025-01-17,Standard,13.04,PayPal,No,Monthly,15.6,Action,1,13,12,0,1,4,Active,Not Churned
CUST_4906,30,Male,Asia Pacific,2022-12-05,Standard,13.88,Digital Wallet,Yes,Monthly,17.5,Family,4,9,9,2,3,22,Active,Not Churned
CUST_4907,46,Female,Europe,2021-03-01,Premium,20.14,Credit Card,Yes,Annual,5.6,Comedy,3,7,8,1,0,18,Active,Not Churned
CUST_4908,36,Female,Europe,2023-02-22,Premium,20.56,Credit Card,Yes,Monthly,17.6,Thriller,4,11,12,0,1,20,Active,Not Churned
CUST_4909,47,Male,Europe,2021-09-21,Standard,14.58,Digital Wallet,Yes,Monthly,5.5,Thriller,2,6,2,0,2,28,Active,Not Churned
CUST_4910,18,Male,North America,2023-01-14,Premium,19.51,Digital Wallet,No,Monthly,10.4,Comedy,7,8,4,0,1,6,Active,Not Churned
CUST_4911,34,Male,Europe,2022-03-30,Standard,13.87,Credit Card,Yes,Monthly,3.6,Action,6,3,4,0,1,24,Active,Not Churned
CUST_4912,47,Female,Asia Pacific,2023-02-08,Standard,13.44,Credit Card,Yes,Annual,2.7,Thriller,2,4,2,1,0,14,Churned,Too expensive
CUST_4913,22,Male,North America,2025-02-23,Premium,20.52,Carrier Billing,Yes,Monthly,27.0,Documentary,3,16,19,1,0,13,Active,Not Churned
CUST_4914,19,Male,Europe,2022-08-21,Standard,14.34,Credit Card,Yes,Monthly,9.2,Drama,5,3,6,0,0,16,Active,Not Churned
CUST_4915,20,Female,Middle East & Africa,2022-01-25,Standard,14.11,Credit Card,Yes,Monthly,8.1,Thriller,4,5,7,0,4,29,Active,Not Churned
CUST_4916,35,Male,Europe,2022-01-12,Basic,8.05,Credit Card,Yes,Annual,10.1,Sci-Fi,4,8,5,0,0,10,Active,Not Churned
CUST_4917,27,Female,Europe,2021-08-03,Standard,14.47,Credit Card,Yes,Monthly,8.2,Thriller,5,6,6,2,0,7,Active,Not Churned
CUST_4918,38,Female,Asia Pacific,2022-05-08,Standard,14.41,Credit Card,No,Monthly,14.2,Sci-Fi,6,9,14,1,1,7,Active,Not Churned
CUST_4919,44,Male,Europe,2022-02-03,Standard,14.4,Credit Card,Yes,Monthly,10.5,Action,2,5,7,1,0,19,Active,Not Churned
CUST_4920,28,Male,North America,2022-06-23,Standard,14.15,PayPal,Yes,Monthly,13.0,Action,1,8,7,0,0,19,Active,Not Churned
CUST_4921,39,Female,Latin America,2022-12-08,Basic,7.87,PayPal,No,Annual,5.3,Documentary,6,4,2,1,1,28,Active,Not Churned
CUST_4922,35,Female,Latin America,2023-09-27,Premium,20.26,Credit Card,No,Monthly,5.2,Family,2,4,5,1,0,13,Churned,Switched to competitor
CUST_4923,18,Male,Latin America,2022-03-22,Basic,8.28,Credit Card,Yes,Monthly,14.3,Thriller,7,7,14,1,1,22,Active,Not Churned
CUST_4924,24,Female,Europe,2021-05-21,Premium,19.92,PayPal,Yes,Annual,12.3,Sci-Fi,2,9,5,2,3,27,Churned,Low usage
CUST_4925,39,Female,Asia Pacific,2023-01-15,Basic,7.87,Credit Card,Yes,Monthly,4.0,Thriller,4,4,4,0,2,29,Active,Not Churned
CUST_4926,40,Female,Asia Pacific,2021-11-16,Standard,14.39,Credit Card,No,Monthly,4.7,Sci-Fi,4,4,0,1,2,24,Churned,Lack of content
CUST_4927,20,Male,Asia Pacific,2024-05-27,Standard,14.57,Credit Card,Yes,Annual,9.8,Anime,4,10,6,1,3,18,Active,Not Churned
CUST_4928,33,Male,Asia Pacific,2023-09-25,Premium,19.73,Carrier Billing,No,Monthly,13.7,Comedy,3,9,10,1,2,19,Active,Not Churned
CUST_4929,18,Male,Europe,2021-03-31,Basic,7.9,Credit Card,Yes,Monthly,4.8,Documentary,5,6,0,0,2,32,Churned,Technical issues
CUST_4930,34,Male,Latin America,2022-08-05,Premium,20.11,PayPal,Yes,Monthly,20.8,Anime,5,12,12,1,0,21,Active,Not Churned
CUST_4931,40,Female,Asia Pacific,2023-12-30,Standard,14.16,PayPal,No,Monthly,13.3,Family,5,8,10,2,0,22,Active,Not Churned
CUST_4932,18,Male,Latin America,2023-11-22,Standard,13.81,Credit Card,Yes,Monthly,15.6,Comedy,2,7,11,0,1,19,Churned,Technical issues
CUST_4933,24,Male,Asia Pacific,2021-08-17,Standard,14.65,Carrier Billing,No,Monthly,9.7,Sci-Fi,2,7,8,3,2,23,Active,Not Churned
CUST_4934,21,Male,Latin America,2025-03-09,Basic,8.14,Digital Wallet,No,Annual,8.5,Drama,2,1,4,0,1,29,Active,Not Churned
CUST_4935,36,Female,Asia Pacific,2023-03-21,Standard,14.18,PayPal,Yes,Monthly,4.4,Thriller,7,4,5,2,0,25,Active,Not Churned
CUST_4936,42,Male,Asia Pacific,2025-05-03,Basic,8.61,Digital Wallet,Yes,Monthly,5.3,Family,5,5,3,2,1,20,Active,Not Churned
CUST_4937,51,Female,North America,2021-08-17,Basic,7.83,Credit Card,No,Annual,7.9,Family,5,5,8,2,0,36,Active,Not Churned
CUST_4938,19,Female,Asia Pacific,2021-08-12,Standard,13.96,Direct Debit,No,Annual,11.2,Sci-Fi,2,7,1,0,2,15,Active,Not Churned
CUST_4939,34,Male,Middle East & Africa,2023-10-13,Standard,13.55,PayPal,Yes,Monthly,10.1,Sci-Fi,1,4,7,1,1,34,Active,Not Churned
CUST_4940,44,Female,Europe,2022-03-20,Basic,7.93,PayPal,Yes,Monthly,2.3,Drama,2,5,4,0,0,5,Active,Not Churned
CUST_4941,37,Female,Europe,2021-10-22,Basic,7.47,Digital Wallet,Yes,Annual,4.6,Family,2,3,9,1,0,22,Active,Not Churned
CUST_4942,20,Male,Asia Pacific,2024-07-17,Basic,8.25,Digital Wallet,Yes,Annual,9.8,Action,3,5,8,2,0,20,Active,Not Churned
CUST_4943,32,Other,Europe,2025-05-05,Basic,8.14,Credit Card,Yes,Annual,10.6,Thriller,2,8,8,1,0,18,Active,Not Churned
CUST_4944,44,Female,North America,2023-09-04,Standard,13.89,Credit Card,Yes,Monthly,7.4,Anime,4,5,7,0,0,17,Active,Not Churned
CUST_4945,34,Female,Middle East & Africa,2024-03-23,Basic,7.95,Credit Card,Yes,Annual,12.0,Anime,5,7,12,0,0,26,Active,Not Churned
CUST_4946,41,Female,North America,2021-05-21,Premium,20.26,PayPal,No,Monthly,13.9,Anime,2,8,8,1,1,16,Active,Not Churned
CUST_4947,43,Male,North America,2025-10-08,Basic,7.59,Direct Debit,Yes,Monthly,24.1,Comedy,5,14,11,0,0,0,Active,Not Churned
CUST_4948,20,Female,Asia Pacific,2025-07-04,Basic,8.06,Carrier Billing,Yes,Annual,8.6,Sci-Fi,6,8,2,0,1,10,Active,Not Churned
CUST_4949,26,Female,Latin America,2025-10-07,Premium,20.23,Digital Wallet,Yes,Monthly,8.5,Documentary,2,7,9,1,1,16,Active,Not Churned
CUST_4950,27,Female,North America,2024-04-28,Basic,7.37,PayPal,Yes,Monthly,4.8,Family,2,4,5,0,2,30,Active,Not Churned
CUST_4951,33,Male,Europe,2024-08-09,Standard,14.23,Credit Card,Yes,Annual,4.1,Comedy,5,5,3,4,2,34,Active,Not Churned
CUST_4952,33,Female,Latin America,2021-01-30,Premium,19.4,Direct Debit,No,Annual,13.6,Sci-Fi,6,8,8,0,0,6,Active,Not Churned
CUST_4953,43,Female,North America,2022-08-23,Premium,19.95,Direct Debit,Yes,Annual,12.9,Drama,4,9,10,0,0,7,Active,Not Churned
CUST_4954,26,Male,North America,2022-05-07,Standard,13.58,Credit Card,No,Monthly,4.4,Documentary,7,4,5,3,1,19,Active,Not Churned
CUST_4955,49,Male,North America,2023-01-03,Basic,8.49,Direct Debit,Yes,Monthly,11.7,Family,4,8,10,1,1,16,Active,Not Churned
CUST_4956,48,Male,Middle East & Africa,2025-11-27,Standard,13.59,Carrier Billing,Yes,Annual,9.9,Sci-Fi,3,6,4,0,0,25,Active,Not Churned
CUST_4957,43,Other,Latin America,2022-08-28,Premium,19.41,Credit Card,No,Annual,9.1,Drama,3,4,2,1,1,26,Active,Not Churned
CUST_4958,51,Female,Europe,2023-03-02,Premium,20.04,PayPal,Yes,Annual,4.1,Sci-Fi,1,5,2,0,1,26,Active,Not Churned
CUST_4959,32,Male,Middle East & Africa,2025-03-30,Basic,7.85,Credit Card,No,Monthly,10.8,Sci-Fi,3,10,4,0,4,24,Active,Not Churned
CUST_4960,19,Male,North America,2022-02-05,Standard,13.46,Credit Card,Yes,Monthly,20.9,Drama,4,10,9,4,2,15,Active,Not Churned
CUST_4961,21,Male,North America,2022-05-07,Basic,8.17,Credit Card,Yes,Monthly,5.2,Sci-Fi,6,4,10,0,1,14,Active,Not Churned
CUST_4962,36,Female,Asia Pacific,2021-11-20,Basic,7.29,Digital Wallet,Yes,Monthly,9.3,Anime,6,5,0,0,0,16,Active,Not Churned
CUST_4963,30,Male,Latin America,2023-07-02,Standard,13.63,Direct Debit,No,Monthly,12.0,Drama,3,9,10,0,0,19,Active,Not Churned
CUST_4964,27,Male,North America,2021-08-20,Basic,7.79,Digital Wallet,Yes,Monthly,1.5,Sci-Fi,3,3,6,1,1,30,Active,Not Churned
CUST_4965,42,Female,Europe,2025-08-10,Basic,8.27,Digital Wallet,Yes,Monthly,4.7,Anime,4,10,8,2,1,16,Active,Not Churned
CUST_4966,33,Female,North America,2024-07-08,Basic,8.44,PayPal,No,Monthly,3.1,Family,2,3,5,3,0,33,Active,Not Churned
CUST_4967,21,Male,Asia Pacific,2021-10-21,Standard,14.38,PayPal,Yes,Monthly,20.8,Action,2,15,17,1,0,5,Active,Not Churned
CUST_4968,22,Male,Europe,2024-07-26,Basic,7.94,Direct Debit,Yes,Annual,1.4,Family,3,5,8,1,0,19,Active,Not Churned
CUST_4969,44,Male,Asia Pacific,2022-08-14,Standard,13.14,Credit Card,No,Monthly,7.8,Action,4,6,5,1,0,8,Active,Not Churned
CUST_4970,20,Male,North America,2024-07-16,Basic,8.13,Credit Card,Yes,Monthly,9.9,Sci-Fi,3,7,9,1,0,26,Active,Not Churned
CUST_4971,21,Male,Europe,2025-07-14,Premium,20.5,Carrier Billing,Yes,Monthly,7.2,Thriller,2,5,10,1,2,24,Churned,Technical issues
CUST_4972,46,Female,North America,2025-07-12,Basic,8.42,Direct Debit,No,Monthly,1.6,Family,2,2,0,2,2,28,Churned,Lack of content
CUST_4973,42,Male,Middle East & Africa,2024-12-21,Standard,14.15,Digital Wallet,Yes,Annual,8.0,Thriller,1,8,6,0,2,18,Active,Not Churned
CUST_4974,49,Female,Asia Pacific,2025-05-07,Basic,7.57,Direct Debit,Yes,Annual,5.1,Action,4,2,3,3,0,39,Churned,Too expensive
CUST_4975,42,Female,Asia Pacific,2021-03-16,Basic,7.81,Credit Card,Yes,Monthly,10.5,Comedy,2,6,9,0,0,25,Active,Not Churned
CUST_4976,40,Female,Europe,2021-04-23,Basic,8.67,Credit Card,Yes,Monthly,12.7,Drama,5,7,3,1,2,19,Active,Not Churned
CUST_4977,37,Female,North America,2021-06-23,Basic,7.49,Credit Card,No,Monthly,3.7,Sci-Fi,3,1,8,0,3,35,Churned,Switched to competitor
CUST_4978,37,Male,Europe,2021-11-11,Basic,7.59,Credit Card,No,Monthly,5.4,Comedy,3,6,7,0,2,30,Active,Not Churned
CUST_4979,45,Male,North America,2024-03-15,Standard,14.32,PayPal,Yes,Monthly,6.3,Family,2,7,7,4,1,25,Active,Not Churned
CUST_4980,25,Male,Asia Pacific,2021-09-14,Standard,13.84,Credit Card,Yes,Monthly,13.3,Drama,3,7,2,0,1,19,Active,Not Churned
CUST_4981,31,Female,North America,2022-10-23,Basic,7.58,Carrier Billing,Yes,Annual,8.7,Thriller,4,8,4,2,1,4,Active,Not Churned
CUST_4982,23,Female,Asia Pacific,2022-09-29,Standard,14.52,Direct Debit,Yes,Annual,4.5,Comedy,3,1,9,0,0,35,Churned,Too expensive
CUST_4983,36,Male,Latin America,2022-02-14,Standard,14.15,Credit Card,No,Annual,15.6,Thriller,6,9,10,0,1,8,Churned,Low usage
CUST_4984,41,Female,Europe,2022-10-25,Basic,7.86,PayPal,Yes,Monthly,5.1,Drama,2,4,0,0,1,10,Active,Not Churned
CUST_4985,39,Male,North America,2023-06-04,Standard,13.59,Digital Wallet,Yes,Monthly,6.7,Comedy,2,5,6,0,2,11,Active,Not Churned
CUST_4986,24,Other,Asia Pacific,2025-04-03,Basic,8.71,Credit Card,Yes,Monthly,4.5,Comedy,2,4,7,0,1,17,Active,Not Churned
CUST_4987,45,Male,Middle East & Africa,2021-06-14,Basic,7.98,Carrier Billing,Yes,Annual,9.1,Thriller,1,6,9,1,0,23,Active,Not Churned
CUST_4988,28,Male,Middle East & Africa,2023-07-21,Standard,14.48,Credit Card,No,Monthly,7.4,Anime,3,5,6,2,0,30,Churned,Technical issues
CUST_4989,31,Male,Europe,2023-04-24,Premium,20.3,Credit Card,Yes,Monthly,19.3,Family,1,11,16,3,1,17,Active,Not Churned
CUST_4990,44,Male,Europe,2024-07-07,Premium,19.81,PayPal,Yes,Monthly,10.7,Drama,4,9,6,3,1,30,Churned,Switched to competitor
CUST_4991,35,Male,Europe,2021-12-05,Premium,19.81,Carrier Billing,Yes,Monthly,6.6,Family,1,4,7,2,3,26,Active,Not Churned
CUST_4992,32,Male,Middle East & Africa,2021-08-23,Standard,14.5,Credit Card,Yes,Monthly,8.9,Action,3,10,7,1,0,11,Active,Not Churned
CUST_4993,59,Male,North America,2023-05-03,Basic,8.5,Digital Wallet,Yes,Annual,18.7,Sci-Fi,4,10,12,1,1,1,Active,Not Churned
CUST_4994,37,Male,Asia Pacific,2021-09-20,Basic,7.33,PayPal,Yes,Annual,3.6,Drama,3,4,3,1,1,20,Active,Not Churned
CUST_4995,34,Male,Asia Pacific,2022-03-24,Basic,8.18,Credit Card,Yes,Monthly,10.8,Sci-Fi,2,8,7,1,1,3,Active,Not Churned
CUST_4996,32,Female,North America,2021-05-21,Basic,7.95,Credit Card,Yes,Annual,2.2,Thriller,3,2,3,2,1,20,Active,Not Churned
CUST_4997,30,Female,Asia Pacific,2024-03-16,Basic,7.63,Credit Card,Yes,Monthly,16.7,Sci-Fi,3,12,10,0,0,12,Active,Not Churned
CUST_4998,35,Female,Asia Pacific,2021-11-06,Standard,14.08,Credit Card,No,Monthly,6.8,Thriller,3,6,8,2,0,9,Active,Not Churned
CUST_4999,26,Male,Europe,2023-02-01,Basic,7.52,Carrier Billing,Yes,Annual,4.6,Documentary,4,3,3,1,2,17,Churned,Technical issues
CUST_5000,26,Female,North America,2022-03-29,Basic,7.83,PayPal,Yes,Monthly,18.1,Sci-Fi,3,13,17,1,2,0,Active,Not Churned
CUST_5001,30,Female,Europe,2025-05-15,Standard,13.71,Credit Card,No,Monthly,8.6,Family,1,4,5,0,1,29,Active,Not Churned
CUST_5002,41,Other,Middle East & Africa,2023-11-14,Standard,13.82,Credit Card,No,Annual,8.7,Thriller,2,5,10,1,1,34,Active,Not Churned
CUST_5003,44,Female,Middle East & Africa,2023-08-15,Premium,19.96,Direct Debit,Yes,Monthly,8.2,Family,1,7,9,0,0,16,Churned,Technical issues
CUST_5004,18,Female,Europe,2024-04-19,Basic,7.63,PayPal,Yes,Monthly,6.4,Sci-Fi,5,6,6,3,0,28,Active,Not Churned
CUST_5005,37,Female,Latin America,2022-02-05,Standard,14.54,Carrier Billing,Yes,Monthly,2.7,Family,7,3,4,1,0,16,Churned,Too expensive
CUST_5006,32,Female,Latin America,2024-09-28,Basic,8.16,Credit Card,Yes,Annual,10.7,Action,1,7,6,0,1,27,Active,Not Churned
CUST_5007,60,Male,Middle East & Africa,2022-09-13,Standard,14.62,Direct Debit,Yes,Annual,3.8,Family,3,3,3,3,1,23,Active,Not Churned
CUST_5008,32,Male,Asia Pacific,2024-11-18,Basic,7.93,Credit Card,Yes,Annual,13.7,Sci-Fi,4,10,10,0,0,16,Active,Not Churned
CUST_5009,23,Male,Europe,2023-08-27,Basic,7.8,Credit Card,Yes,Monthly,4.0,Action,2,4,4,2,0,24,Active,Not Churned
CUST_5010,42,Female,Middle East & Africa,2021-12-17,Standard,14.61,Digital Wallet,Yes,Monthly,9.2,Thriller,3,5,11,2,0,9,Churned,Too expensive
CUST_5011,41,Male,Europe,2022-10-02,Basic,7.79,Direct Debit,Yes,Annual,5.6,Family,3,3,4,2,2,23,Churned,Payment issues
CUST_5012,32,Female,North America,2021-05-16,Basic,7.93,PayPal,Yes,Monthly,6.2,Sci-Fi,5,7,4,0,0,18,Active,Not Churned
CUST_5013,38,Female,Asia Pacific,2022-05-09,Premium,20.24,Credit Card,No,Annual,9.0,Sci-Fi,3,5,2,2,0,9,Active,Not Churned
CUST_5014,45,Female,Middle East & Africa,2023-01-17,Basic,7.56,Credit Card,Yes,Monthly,9.8,Thriller,5,7,9,1,4,27,Churned,Payment issues
CUST_5015,47,Female,Asia Pacific,2023-08-17,Standard,14.24,Credit Card,Yes,Monthly,18.5,Action,3,13,14,0,2,0,Active,Not Churned
CUST_5016,40,Female,Asia Pacific,2025-09-29,Standard,14.19,PayPal,Yes,Monthly,6.8,Thriller,3,6,9,1,2,27,Active,Not Churned
CUST_5017,28,Other,Europe,2022-07-31,Basic,8.43,Credit Card,Yes,Monthly,1.7,Documentary,6,1,6,0,0,17,Churned,Payment issues
CUST_5018,21,Female,Latin America,2023-06-25,Standard,14.3,Credit Card,Yes,Annual,16.4,Anime,1,8,13,0,0,18,Active,Not Churned
CUST_5019,27,Female,North America,2021-04-09,Basic,8.44,Credit Card,Yes,Annual,11.7,Anime,7,11,11,2,1,19,Active,Not Churned
CUST_5020,44,Female,North America,2024-12-28,Standard,13.95,Digital Wallet,No,Monthly,4.6,Drama,1,2,6,1,0,25,Churned,Low usage
CUST_5021,40,Male,Middle East & Africa,2022-08-17,Basic,7.69,Direct Debit,No,Annual,3.4,Drama,3,2,6,1,0,26,Active,Not Churned
CUST_5022,18,Male,Asia Pacific,2025-06-23,Basic,8.73,PayPal,Yes,Annual,10.1,Anime,3,7,2,3,1,32,Active,Not Churned
CUST_5023,18,Female,Middle East & Africa,2022-09-16,Basic,7.46,PayPal,Yes,Annual,9.1,Comedy,5,6,4,3,1,18,Active,Not Churned
CUST_5024,18,Male,North America,2023-09-28,Premium,19.49,Credit Card,Yes,Monthly,22.3,Drama,3,14,10,0,0,1,Active,Not Churned
CUST_5025,39,Male,Asia Pacific,2025-08-22,Premium,20.19,PayPal,Yes,Annual,12.8,Anime,4,5,13,1,1,27,Churned,Too expensive
CUST_5026,30,Male,North America,2022-01-27,Premium,20.56,Direct Debit,Yes,Monthly,7.3,Sci-Fi,6,5,4,1,0,24,Active,Not Churned
CUST_5027,30,Male,North America,2024-02-23,Standard,14.06,Carrier Billing,Yes,Monthly,5.3,Comedy,4,5,3,1,1,21,Churned,Low usage
CUST_5028,33,Female,North America,2024-10-14,Standard,14.34,Digital Wallet,Yes,Monthly,9.0,Anime,5,7,7,1,0,9,Active,Not Churned
CUST_5029,30,Male,North America,2024-04-15,Standard,13.29,Direct Debit,Yes,Monthly,2.8,Action,4,2,0,1,4,40,Active,Not Churned
CUST_5030,28,Female,Middle East & Africa,2023-12-21,Premium,19.82,Direct Debit,Yes,Annual,4.7,Family,2,2,6,1,3,23,Active,Not Churned
CUST_5031,48,Male,Asia Pacific,2021-12-15,Standard,13.33,PayPal,Yes,Monthly,4.3,Action,2,4,0,0,0,38,Active,Not Churned
CUST_5032,42,Male,Middle East & Africa,2025-10-30,Standard,14.26,Credit Card,Yes,Annual,5.9,Thriller,5,2,2,1,1,20,Active,Not Churned
CUST_5033,43,Female,North America,2023-12-28,Standard,13.45,Direct Debit,Yes,Annual,8.5,Sci-Fi,4,8,7,1,0,8,Active,Not Churned
CUST_5034,49,Female,Latin America,2023-12-27,Standard,13.54,Direct Debit,Yes,Annual,11.9,Thriller,2,8,5,3,0,20,Active,Not Churned
CUST_5035,45,Male,North America,2022-12-12,Basic,8.17,Credit Card,Yes,Monthly,16.2,Anime,3,8,15,1,0,20,Active,Not Churned
CUST_5036,24,Female,North America,2025-07-24,Standard,14.36,Digital Wallet,Yes,Monthly,15.2,Sci-Fi,1,7,10,1,2,14,Active,Not Churned
CUST_5037,40,Female,Middle East & Africa,2022-06-24,Basic,7.93,PayPal,Yes,Annual,13.2,Thriller,4,7,13,0,2,32,Active,Not Churned
CUST_5038,18,Female,North America,2023-03-21,Premium,20.19,Direct Debit,Yes,Monthly,8.0,Drama,3,3,7,0,2,29,Churned,Payment issues
CUST_5039,26,Female,Latin America,2023-11-07,Standard,14.18,PayPal,Yes,Monthly,5.4,Family,2,5,5,1,1,21,Active,Not Churned
CUST_5040,44,Female,Middle East & Africa,2025-12-12,Premium,19.91,PayPal,No,Monthly,11.9,Thriller,2,6,6,0,1,23,Active,Not Churned
CUST_5041,28,Male,North America,2024-03-13,Standard,13.61,Direct Debit,No,Monthly,11.0,Family,7,8,11,1,3,30,Active,Not Churned
CUST_5042,38,Male,Middle East & Africa,2023-02-22,Standard,14.19,Credit Card,No,Annual,4.6,Family,4,5,6,1,0,32,Active,Not Churned
CUST_5043,50,Male,Asia Pacific,2025-06-03,Basic,8.2,Carrier Billing,Yes,Annual,6.9,Drama,4,7,12,2,2,24,Active,Not Churned
CUST_5044,33,Male,Asia Pacific,2022-02-08,Premium,20.3,Credit Card,No,Monthly,6.4,Family,7,5,8,1,2,16,Active,Not Churned
CUST_5045,31,Female,Latin America,2021-02-04,Standard,14.1,PayPal,No,Annual,3.3,Anime,3,5,3,2,1,15,Churned,Lack of content
CUST_5046,31,Male,Asia Pacific,2023-08-05,Basic,7.58,Direct Debit,Yes,Annual,9.5,Anime,2,9,8,1,0,4,Active,Not Churned
CUST_5047,30,Female,Middle East & Africa,2021-08-07,Basic,8.23,Digital Wallet,Yes,Monthly,13.1,Drama,2,9,10,1,3,15,Active,Not Churned
CUST_5048,29,Female,Middle East & Africa,2021-01-31,Basic,7.99,Credit Card,Yes,Monthly,19.2,Drama,2,12,16,1,1,11,Active,Not Churned
CUST_5049,33,Female,Europe,2023-09-18,Standard,13.82,PayPal,No,Annual,8.0,Drama,6,4,10,2,3,31,Active,Not Churned
CUST_5050,38,Female,Latin America,2024-08-28,Standard,13.89,Credit Card,Yes,Annual,2.9,Action,3,1,3,0,0,35,Active,Not Churned
CUST_5051,31,Female,Europe,2024-08-18,Premium,19.75,PayPal,Yes,Monthly,23.1,Comedy,4,15,11,4,1,0,Active,Not Churned
CUST_5052,31,Male,North America,2024-08-15,Standard,14.3,Direct Debit,No,Annual,22.9,Thriller,6,14,9,0,0,5,Active,Not Churned
CUST_5053,35,Female,Europe,2023-09-20,Standard,13.49,Credit Card,No,Monthly,34.2,Documentary,2,20,17,1,0,0,Active,Not Churned
CUST_5054,23,Male,North America,2025-04-29,Standard,13.64,Direct Debit,Yes,Annual,26.7,Action,1,14,15,1,3,0,Active,Not Churned
CUST_5055,32,Female,Asia Pacific,2023-01-10,Premium,19.87,Direct Debit,Yes,Annual,11.2,Thriller,7,10,13,2,3,22,Churned,Lack of content
CUST_5056,41,Female,North America,2024-08-08,Premium,20.55,PayPal,Yes,Annual,10.0,Sci-Fi,2,6,12,1,3,44,Active,Not Churned
CUST_5057,22,Other,North America,2021-04-11,Basic,8.36,Carrier Billing,No,Monthly,12.3,Drama,6,6,12,0,2,27,Active,Not Churned
CUST_5058,39,Male,Middle East & Africa,2021-03-07,Premium,19.42,Credit Card,No,Monthly,5.0,Sci-Fi,2,3,8,1,3,32,Active,Not Churned
CUST_5059,41,Male,Middle East & Africa,2022-02-13,Standard,14.46,Direct Debit,Yes,Monthly,5.8,Action,2,7,3,0,0,15,Active,Not Churned
CUST_5060,52,Female,Asia Pacific,2025-06-11,Premium,20.46,Carrier Billing,Yes,Monthly,9.3,Sci-Fi,6,4,3,0,0,23,Active,Not Churned
CUST_5061,37,Male,Middle East & Africa,2023-07-19,Premium,19.58,Direct Debit,Yes,Monthly,16.8,Drama,2,9,8,0,0,24,Active,Not Churned
CUST_5062,27,Female,Europe,2023-09-02,Standard,13.11,PayPal,Yes,Monthly,15.8,Anime,2,15,5,0,1,2,Active,Not Churned
CUST_5063,33,Female,Asia Pacific,2021-05-13,Basic,7.96,Credit Card,Yes,Annual,7.6,Thriller,1,7,3,2,1,29,Active,Not Churned
CUST_5064,29,Female,Europe,2024-01-18,Standard,14.38,Credit Card,No,Monthly,3.9,Sci-Fi,4,2,3,0,0,28,Active,Not Churned
CUST_5065,32,Male,North America,2025-10-09,Basic,8.55,PayPal,Yes,Monthly,12.9,Anime,4,6,10,0,2,33,Active,Not Churned
CUST_5066,21,Male,Europe,2023-01-27,Premium,19.69,Credit Card,Yes,Annual,5.0,Family,2,1,5,0,0,34,Active,Not Churned
CUST_5067,33,Male,Asia Pacific,2022-07-19,Basic,8.6,Direct Debit,Yes,Monthly,5.6,Documentary,3,4,3,0,0,23,Active,Not Churned
CUST_5068,47,Female,Asia Pacific,2023-02-16,Standard,13.21,Credit Card,No,Monthly,9.8,Drama,5,8,9,2,4,25,Active,Not Churned
CUST_5069,47,Female,Asia Pacific,2022-11-19,Premium,19.86,Credit Card,No,Annual,4.8,Family,3,7,3,2,1,18,Active,Not Churned
CUST_5070,41,Male,Europe,2022-11-22,Basic,7.84,Direct Debit,No,Monthly,4.9,Drama,6,1,5,0,1,35,Active,Not Churned
CUST_5071,26,Male,Asia Pacific,2025-11-03,Standard,14.39,Direct Debit,Yes,Monthly,14.8,Sci-Fi,3,7,7,1,0,13,Active,Not Churned
CUST_5072,39,Female,Middle East & Africa,2024-12-23,Standard,14.44,Credit Card,Yes,Monthly,13.0,Thriller,4,8,12,1,0,17,Active,Not Churned
CUST_5073,32,Female,Latin America,2024-02-18,Standard,14.32,Direct Debit,Yes,Annual,4.2,Sci-Fi,3,9,4,4,0,16,Active,Not Churned
CUST_5074,31,Female,Europe,2021-01-06,Basic,7.52,Carrier Billing,Yes,Annual,9.8,Thriller,3,8,9,0,0,5,Active,Not Churned
CUST_5075,46,Female,Europe,2023-05-12,Basic,8.29,Credit Card,Yes,Monthly,2.2,Anime,2,3,0,0,2,28,Active,Not Churned
CUST_5076,31,Male,Middle East & Africa,2021-11-28,Standard,14.17,PayPal,Yes,Monthly,12.2,Thriller,2,5,9,0,0,9,Active,Not Churned
CUST_5077,31,Male,North America,2021-06-06,Standard,13.41,Credit Card,Yes,Monthly,5.9,Comedy,3,1,7,2,2,29,Active,Not Churned
CUST_5078,39,Female,North America,2024-09-28,Standard,13.27,Credit Card,Yes,Monthly,7.7,Family,3,5,0,0,4,32,Active,Not Churned
CUST_5079,21,Male,Europe,2023-03-10,Basic,8.35,PayPal,Yes,Annual,8.5,Sci-Fi,3,6,10,2,0,22,Active,Not Churned
CUST_5080,32,Male,Asia Pacific,2023-01-17,Standard,13.93,PayPal,Yes,Annual,4.4,Sci-Fi,5,3,1,0,3,30,Churned,Payment issues
CUST_5081,47,Male,North America,2023-12-01,Standard,13.54,Direct Debit,Yes,Annual,5.6,Sci-Fi,3,4,6,0,0,16,Active,Not Churned
CUST_5082,49,Male,North America,2023-02-13,Basic,7.92,Credit Card,No,Annual,19.6,Action,2,10,18,0,2,22,Active,Not Churned
CUST_5083,25,Female,Europe,2022-02-08,Standard,14.12,PayPal,Yes,Monthly,7.4,Action,6,3,9,0,0,17,Active,Not Churned
CUST_5084,24,Female,Asia Pacific,2024-02-10,Basic,7.96,Digital Wallet,Yes,Monthly,8.8,Action,2,8,2,1,1,23,Churned,Technical issues
CUST_5085,28,Male,Latin America,2021-06-05,Standard,13.45,Digital Wallet,Yes,Monthly,9.6,Thriller,2,5,7,2,0,31,Active,Not Churned
CUST_5086,18,Female,Middle East & Africa,2021-05-20,Premium,20.65,Credit Card,Yes,Monthly,18.4,Drama,5,10,16,1,0,2,Active,Not Churned
CUST_5087,51,Female,North America,2022-02-14,Standard,14.34,Direct Debit,Yes,Annual,13.4,Thriller,5,8,7,1,1,15,Active,Not Churned
CUST_5088,41,Female,Asia Pacific,2024-06-13,Standard,13.87,Direct Debit,No,Annual,4.5,Family,2,5,3,1,0,18,Active,Not Churned
CUST_5089,23,Female,North America,2023-11-03,Basic,7.89,Direct Debit,Yes,Monthly,17.6,Drama,3,9,11,2,2,21,Active,Not Churned
CUST_5090,20,Male,Asia Pacific,2024-11-15,Basic,8.12,Direct Debit,Yes,Monthly,21.3,Drama,5,14,15,2,2,4,Active,Not Churned
CUST_5091,34,Female,Europe,2024-07-20,Basic,7.59,PayPal,Yes,Annual,3.8,Thriller,6,2,0,0,0,17,Active,Not Churned
CUST_5092,38,Female,Europe,2022-12-28,Standard,14.1,Carrier Billing,Yes,Monthly,7.1,Family,1,5,8,2,0,22,Active,Not Churned
CUST_5093,55,Male,Asia Pacific,2025-08-21,Premium,19.52,Direct Debit,No,Monthly,9.5,Thriller,3,9,5,3,1,14,Active,Not Churned
CUST_5094,29,Male,Middle East & Africa,2024-06-24,Basic,7.97,Direct Debit,Yes,Monthly,6.6,Comedy,3,3,6,0,0,22,Active,Not Churned
CUST_5095,36,Other,Europe,2021-04-09,Basic,7.58,Carrier Billing,Yes,Monthly,11.6,Sci-Fi,7,9,8,3,0,23,Active,Not Churned
CUST_5096,29,Female,Latin America,2023-04-11,Basic,7.6,PayPal,Yes,Annual,7.0,Drama,2,7,8,1,2,10,Active,Not Churned
CUST_5097,32,Female,Latin America,2021-02-22,Standard,14.57,Credit Card,Yes,Monthly,6.4,Sci-Fi,2,5,5,0,0,19,Churned,Technical issues
CUST_5098,53,Female,Asia Pacific,2023-02-03,Standard,14.01,Credit Card,Yes,Annual,12.6,Comedy,5,8,13,0,0,11,Active,Not Churned
CUST_5099,62,Female,Asia Pacific,2021-12-15,Standard,14.06,Direct Debit,Yes,Annual,2.5,Thriller,1,7,6,0,0,17,Active,Not Churned
CUST_5100,41,Female,Europe,2021-02-13,Premium,19.29,PayPal,No,Monthly,11.2,Family,4,7,6,1,0,13,Churned,Too expensive
CUST_5101,21,Female,Asia Pacific,2022-07-16,Basic,7.78,Carrier Billing,No,Monthly,10.8,Comedy,2,7,12,2,0,10,Active,Not Churned
CUST_5102,43,Female,North America,2025-11-29,Standard,14.15,Credit Card,Yes,Monthly,17.7,Family,5,10,13,0,2,18,Active,Not Churned
CUST_5103,34,Male,Latin America,2023-10-29,Standard,14.06,Credit Card,Yes,Monthly,9.1,Thriller,3,6,8,1,0,39,Churned,Payment issues
CUST_5104,37,Male,Europe,2023-06-03,Basic,7.24,Direct Debit,Yes,Monthly,2.3,Thriller,6,4,6,1,1,24,Active,Not Churned
CUST_5105,33,Female,Middle East & Africa,2023-08-14,Premium,20.06,Digital Wallet,Yes,Monthly,10.7,Family,5,6,5,1,0,14,Active,Not Churned
CUST_5106,28,Other,Europe,2025-05-14,Basic,8.12,Carrier Billing,Yes,Monthly,2.2,Drama,2,1,0,6,0,28,Active,Not Churned
CUST_5107,39,Female,Middle East & Africa,2025-04-25,Standard,14.44,PayPal,Yes,Monthly,10.8,Sci-Fi,3,8,8,1,1,24,Active,Not Churned
CUST_5108,28,Female,Europe,2023-01-16,Standard,13.76,Carrier Billing,Yes,Monthly,16.0,Family,2,8,9,0,0,9,Active,Not Churned
CUST_5109,31,Female,Europe,2024-05-03,Premium,19.21,Credit Card,Yes,Monthly,9.7,Anime,2,8,14,2,1,28,Churned,Payment issues
CUST_5110,35,Female,Latin America,2022-05-23,Standard,13.64,Direct Debit,Yes,Annual,7.8,Action,1,5,4,1,2,13,Active,Not Churned
CUST_5111,37,Female,Middle East & Africa,2021-05-18,Basic,7.61,Credit Card,Yes,Annual,12.6,Thriller,2,9,9,1,0,16,Active,Not Churned
CUST_5112,19,Female,Asia Pacific,2024-10-15,Premium,20.25,Credit Card,Yes,Monthly,11.9,Family,4,6,9,1,1,26,Active,Not Churned
CUST_5113,38,Female,North America,2025-09-20,Standard,13.04,Credit Card,No,Annual,12.7,Sci-Fi,5,7,13,2,0,24,Active,Not Churned
CUST_5114,30,Female,Europe,2024-11-06,Standard,13.83,Credit Card,Yes,Annual,26.4,Thriller,2,14,14,0,0,9,Active,Not Churned
CUST_5115,39,Female,Latin America,2021-03-16,Standard,14.49,PayPal,Yes,Monthly,6.6,Comedy,1,2,1,1,3,33,Churned,Too expensive
CUST_5116,56,Female,Asia Pacific,2025-06-30,Basic,7.99,PayPal,Yes,Monthly,10.5,Family,3,9,12,2,0,23,Active,Not Churned
CUST_5117,26,Female,Asia Pacific,2024-06-12,Standard,14.3,PayPal,No,Monthly,18.5,Action,3,8,12,1,0,9,Active,Not Churned
CUST_5118,33,Male,Europe,2024-10-27,Premium,19.42,PayPal,Yes,Monthly,19.9,Comedy,4,13,15,2,0,4,Active,Not Churned
CUST_5119,30,Male,North America,2021-11-12,Basic,7.43,Credit Card,Yes,Monthly,11.1,Sci-Fi,2,8,11,0,2,16,Active,Not Churned
CUST_5120,29,Female,Asia Pacific,2024-07-06,Standard,14.49,Carrier Billing,Yes,Monthly,7.6,Documentary,7,5,9,1,1,33,Churned,Payment issues
CUST_5121,22,Female,Europe,2023-09-18,Premium,20.03,Carrier Billing,Yes,Monthly,13.9,Drama,3,9,9,4,1,23,Churned,Technical issues
CUST_5122,35,Other,Asia Pacific,2021-01-10,Premium,20.03,Direct Debit,Yes,Monthly,14.1,Action,6,9,8,1,1,21,Active,Not Churned
CUST_5123,25,Male,Middle East & Africa,2023-02-11,Premium,19.6,Direct Debit,Yes,Monthly,15.3,Thriller,7,8,4,1,0,15,Active,Not Churned
CUST_5124,51,Female,North America,2021-11-05,Standard,14.03,PayPal,Yes,Annual,4.7,Drama,2,4,2,1,3,34,Active,Not Churned
CUST_5125,37,Male,Europe,2024-11-30,Premium,19.59,Direct Debit,Yes,Monthly,23.0,Anime,2,14,15,1,0,0,Active,Not Churned
CUST_5126,22,Male,North America,2023-11-18,Basic,8.41,Carrier Billing,Yes,Annual,17.8,Documentary,7,9,10,1,1,13,Active,Not Churned
CUST_5127,38,Male,North America,2021-05-04,Standard,14.94,Direct Debit,No,Monthly,8.6,Family,5,6,3,3,0,20,Active,Not Churned
CUST_5128,35,Male,Europe,2023-11-15,Standard,14.16,Credit Card,Yes,Monthly,17.5,Family,1,6,12,1,1,18,Active,Not Churned
CUST_5129,23,Female,North America,2023-07-17,Premium,19.77,Credit Card,Yes,Monthly,9.5,Action,2,3,11,1,1,24,Active,Not Churned
CUST_5130,34,Female,Europe,2024-04-08,Premium,19.1,PayPal,Yes,Monthly,21.1,Action,2,13,13,0,1,12,Active,Not Churned
CUST_5131,36,Other,Latin America,2022-12-31,Standard,13.4,PayPal,Yes,Monthly,9.4,Drama,4,5,4,0,1,23,Active,Not Churned
CUST_5132,56,Female,North America,2024-03-02,Standard,14.53,Credit Card,Yes,Monthly,5.2,Thriller,4,3,9,2,2,37,Churned,Lack of content
CUST_5133,23,Female,Asia Pacific,2022-02-11,Standard,13.63,Digital Wallet,Yes,Monthly,24.5,Anime,2,14,13,1,3,0,Active,Not Churned
CUST_5134,38,Female,Europe,2021-07-19,Standard,13.86,Direct Debit,Yes,Monthly,13.7,Drama,4,8,14,0,1,27,Active,Not Churned
CUST_5135,22,Male,Europe,2024-09-08,Standard,14.22,PayPal,Yes,Monthly,7.9,Sci-Fi,1,4,6,3,1,22,Active,Not Churned
CUST_5136,31,Male,Asia Pacific,2025-09-25,Basic,8.51,Credit Card,Yes,Monthly,20.0,Documentary,2,9,13,2,0,25,Active,Not Churned
CUST_5137,24,Female,Europe,2023-09-23,Standard,13.92,Credit Card,No,Monthly,12.7,Comedy,1,4,14,0,1,20,Active,Not Churned
CUST_5138,49,Female,North America,2023-04-03,Premium,19.85,Digital Wallet,Yes,Annual,8.7,Anime,2,7,3,0,1,21,Churned,Switched to competitor
CUST_5139,47,Female,Middle East & Africa,2025-05-16,Standard,14.02,Credit Card,Yes,Annual,20.9,Drama,4,11,10,0,0,2,Active,Not Churned
CUST_5140,45,Female,North America,2024-09-02,Premium,19.77,Carrier Billing,No,Monthly,15.2,Anime,2,11,9,3,2,8,Active,Not Churned
CUST_5141,28,Male,Asia Pacific,2024-07-14,Standard,13.79,Credit Card,Yes,Monthly,10.8,Thriller,3,6,8,1,0,23,Active,Not Churned
CUST_5142,26,Male,Latin America,2024-09-17,Standard,14.13,Direct Debit,Yes,Monthly,9.0,Documentary,5,7,15,1,0,0,Active,Not Churned
CUST_5143,34,Male,North America,2025-11-23,Basic,8.05,PayPal,Yes,Monthly,4.4,Action,5,3,2,1,1,18,Active,Not Churned
CUST_5144,53,Female,North America,2022-01-25,Standard,14.74,PayPal,Yes,Monthly,1.9,Drama,1,3,0,0,2,32,Active,Not Churned
CUST_5145,44,Male,Middle East & Africa,2024-06-13,Standard,14.14,Carrier Billing,No,Annual,13.2,Family,2,8,6,1,2,17,Active,Not Churned
CUST_5146,59,Male,North America,2023-01-22,Basic,8.39,Credit Card,No,Monthly,3.8,Drama,2,3,5,0,1,19,Active,Not Churned
CUST_5147,31,Male,Europe,2025-11-17,Basic,7.62,Credit Card,Yes,Monthly,4.4,Action,2,1,6,1,1,40,Active,Not Churned
CUST_5148,34,Female,North America,2021-04-10,Standard,14.17,Credit Card,Yes,Monthly,8.1,Drama,2,7,4,2,1,34,Active,Not Churned
CUST_5149,41,Male,Europe,2022-02-08,Standard,13.74,Credit Card,Yes,Monthly,8.3,Anime,3,9,7,2,1,17,Active,Not Churned
CUST_5150,33,Female,North America,2021-02-20,Standard,14.13,Digital Wallet,Yes,Monthly,5.5,Family,4,7,11,2,0,28,Active,Not Churned
CUST_5151,33,Female,Middle East & Africa,2021-11-25,Basic,8.23,Credit Card,No,Monthly,12.5,Thriller,4,7,9,0,0,27,Active,Not Churned
CUST_5152,24,Female,Europe,2021-10-02,Standard,14.01,Carrier Billing,Yes,Annual,3.2,Anime,3,2,5,0,0,25,Active,Not Churned
CUST_5153,25,Female,Latin America,2024-01-04,Standard,14.83,Direct Debit,Yes,Monthly,13.0,Sci-Fi,2,7,15,1,0,14,Active,Not Churned
CUST_5154,57,Male,Europe,2021-08-02,Standard,14.49,Credit Card,No,Monthly,7.6,Action,1,5,4,0,2,24,Churned,Too expensive
CUST_5155,29,Male,Asia Pacific,2025-12-31,Standard,14.4,Credit Card,Yes,Monthly,5.4,Comedy,6,4,3,3,1,17,Active,Not Churned
CUST_5156,45,Male,Asia Pacific,2024-08-02,Basic,8.26,Carrier Billing,Yes,Monthly,2.6,Drama,2,1,2,2,0,33,Active,Not Churned
CUST_5157,18,Male,Asia Pacific,2021-12-11,Premium,20.61,Direct Debit,Yes,Annual,11.2,Drama,2,4,7,0,2,23,Active,Not Churned
CUST_5158,35,Female,Latin America,2023-06-21,Basic,7.49,Direct Debit,No,Monthly,3.6,Comedy,3,3,0,2,0,26,Churned,Switched to competitor
CUST_5159,24,Female,Europe,2025-08-27,Standard,14.47,Carrier Billing,Yes,Annual,3.9,Family,4,1,5,3,1,32,Churned,Technical issues
CUST_5160,32,Other,Asia Pacific,2022-12-11,Basic,7.64,Credit Card,Yes,Annual,17.7,Comedy,2,10,12,1,3,12,Active,Not Churned
CUST_5161,43,Male,Latin America,2021-08-16,Standard,13.79,Direct Debit,Yes,Monthly,3.7,Drama,3,2,3,1,3,31,Active,Not Churned
CUST_5162,31,Female,Europe,2021-10-31,Basic,8.19,Credit Card,Yes,Monthly,2.4,Anime,3,4,4,2,0,14,Active,Not Churned
CUST_5163,53,Male,North America,2025-12-30,Premium,20.42,Digital Wallet,Yes,Monthly,13.8,Thriller,1,10,10,1,2,13,Active,Not Churned
CUST_5164,37,Male,Europe,2022-12-21,Standard,13.59,PayPal,No,Monthly,10.3,Action,2,9,4,1,1,8,Active,Not Churned
CUST_5165,36,Female,Europe,2022-09-09,Standard,13.81,Credit Card,Yes,Monthly,6.4,Sci-Fi,2,4,6,0,3,21,Churned,Lack of content
CUST_5166,30,Male,North America,2025-01-08,Basic,8.02,Credit Card,Yes,Monthly,4.2,Thriller,2,2,6,0,0,9,Active,Not Churned
CUST_5167,25,Female,North America,2022-01-04,Basic,7.92,Direct Debit,No,Annual,5.0,Drama,2,3,0,3,2,27,Active,Not Churned
CUST_5168,27,Female,North America,2025-08-08,Standard,14.29,Carrier Billing,Yes,Annual,6.5,Sci-Fi,2,5,10,0,0,23,Active,Not Churned
CUST_5169,39,Female,North America,2025-10-26,Standard,15.19,Credit Card,No,Monthly,11.7,Action,4,4,5,1,1,26,Active,Not Churned
CUST_5170,26,Female,Middle East & Africa,2022-12-12,Standard,14.14,Digital Wallet,No,Monthly,10.0,Comedy,4,9,4,1,3,27,Active,Not Churned
CUST_5171,31,Male,Asia Pacific,2023-01-07,Premium,19.73,Credit Card,No,Monthly,8.4,Sci-Fi,4,5,7,0,6,24,Churned,Too expensive
CUST_5172,31,Male,Europe,2024-07-27,Standard,13.54,Carrier Billing,Yes,Annual,7.1,Sci-Fi,1,6,8,3,0,18,Active,Not Churned
CUST_5173,51,Female,Latin America,2023-09-16,Premium,19.88,Credit Card,Yes,Monthly,14.1,Documentary,3,5,12,1,1,29,Active,Not Churned
CUST_5174,36,Other,Asia Pacific,2025-03-26,Basic,7.66,Credit Card,Yes,Monthly,4.7,Thriller,5,2,6,0,1,26,Churned,Switched to competitor
CUST_5175,37,Female,North America,2022-09-18,Premium,20.15,Credit Card,Yes,Annual,4.6,Documentary,2,1,3,1,0,29,Active,Not Churned
CUST_5176,25,Female,Asia Pacific,2022-12-22,Standard,14.15,Credit Card,No,Annual,17.3,Action,3,12,12,0,2,26,Active,Not Churned
CUST_5177,26,Female,Middle East & Africa,2024-05-30,Standard,13.83,Carrier Billing,Yes,Monthly,7.1,Drama,3,5,5,1,2,23,Active,Not Churned
CUST_5178,24,Female,North America,2022-06-08,Premium,20.68,Direct Debit,Yes,Annual,24.4,Family,2,15,16,0,1,1,Active,Not Churned
CUST_5179,33,Female,Middle East & Africa,2025-08-26,Standard,13.73,Digital Wallet,Yes,Monthly,6.6,Thriller,2,5,6,2,1,17,Active,Not Churned
CUST_5180,18,Female,Europe,2022-11-05,Premium,19.95,Credit Card,Yes,Annual,10.0,Family,5,7,6,0,1,16,Active,Not Churned
CUST_5181,42,Male,Asia Pacific,2024-04-28,Standard,14.21,Credit Card,Yes,Monthly,5.1,Comedy,1,3,4,2,0,33,Churned,Too expensive
CUST_5182,39,Female,North America,2023-02-01,Basic,8.3,Credit Card,Yes,Monthly,9.4,Thriller,2,6,2,1,2,27,Active,Not Churned
CUST_5183,22,Female,Europe,2024-10-06,Standard,14.44,Carrier Billing,Yes,Annual,7.2,Anime,2,5,8,0,1,32,Active,Not Churned
CUST_5184,32,Male,Europe,2024-08-13,Standard,14.14,Credit Card,Yes,Monthly,7.7,Sci-Fi,2,6,7,1,0,22,Active,Not Churned
CUST_5185,46,Female,Middle East & Africa,2025-03-11,Premium,20.36,Direct Debit,No,Annual,10.6,Family,2,8,1,0,0,0,Active,Not Churned
CUST_5186,34,Female,Latin America,2022-05-27,Premium,19.76,Credit Card,Yes,Monthly,8.0,Sci-Fi,2,11,9,1,0,15,Churned,Too expensive
CUST_5187,22,Male,Middle East & Africa,2021-11-24,Basic,8.31,PayPal,No,Monthly,9.2,Anime,4,9,7,1,0,15,Active,Not Churned
CUST_5188,46,Female,Latin America,2021-09-27,Basic,8.31,Direct Debit,No,Monthly,5.1,Documentary,3,1,2,2,2,33,Churned,Technical issues
CUST_5189,44,Male,Latin America,2024-12-02,Basic,8.52,Credit Card,Yes,Annual,8.9,Documentary,5,6,4,1,1,30,Churned,Technical issues
CUST_5190,46,Male,North America,2023-11-03,Standard,13.41,Digital Wallet,Yes,Monthly,2.9,Drama,3,2,2,2,1,27,Churned,Too expensive
CUST_5191,24,Female,Middle East & Africa,2023-02-10,Basic,7.67,Credit Card,No,Monthly,3.0,Drama,4,5,1,0,1,26,Churned,Low usage
CUST_5192,65,Male,Latin America,2021-02-07,Standard,14.28,Credit Card,Yes,Monthly,5.0,Action,4,3,2,2,1,20,Active,Not Churned
CUST_5193,38,Female,Asia Pacific,2021-06-23,Standard,13.06,Carrier Billing,No,Monthly,4.2,Comedy,4,4,9,1,1,14,Active,Not Churned
CUST_5194,33,Male,Asia Pacific,2023-06-04,Premium,20.16,Digital Wallet,Yes,Monthly,5.7,Anime,1,1,6,1,0,24,Active,Not Churned
CUST_5195,37,Female,Latin America,2021-03-13,Basic,8.36,Credit Card,No,Monthly,10.6,Comedy,2,4,14,0,4,27,Active,Not Churned
CUST_5196,43,Female,North America,2024-07-12,Standard,13.79,PayPal,No,Monthly,7.3,Anime,4,9,7,3,3,26,Churned,Technical issues
CUST_5197,50,Female,North America,2025-04-13,Basic,7.84,Credit Card,Yes,Monthly,6.0,Action,5,5,7,0,2,16,Active,Not Churned
CUST_5198,26,Male,Middle East & Africa,2022-04-25,Premium,19.61,Credit Card,Yes,Monthly,11.3,Sci-Fi,5,5,6,2,2,36,Churned,Low usage
CUST_5199,31,Male,Europe,2024-06-17,Basic,7.81,Credit Card,Yes,Monthly,9.7,Anime,4,7,7,0,1,12,Active,Not Churned
CUST_5200,26,Male,North America,2021-01-29,Basic,7.82,Digital Wallet,Yes,Monthly,5.5,Documentary,5,2,5,0,2,28,Active,Not Churned
CUST_5201,18,Male,Asia Pacific,2024-10-15,Basic,7.75,Digital Wallet,Yes,Annual,14.2,Anime,3,8,12,1,0,16,Active,Not Churned
CUST_5202,37,Female,Europe,2025-06-06,Premium,19.73,Carrier Billing,Yes,Annual,8.8,Comedy,2,3,7,0,3,31,Active,Not Churned
CUST_5203,43,Female,Latin America,2024-03-03,Basic,7.9,Digital Wallet,No,Monthly,11.2,Thriller,5,6,9,2,3,29,Active,Not Churned
CUST_5204,26,Male,Asia Pacific,2022-10-29,Standard,13.89,Direct Debit,Yes,Monthly,5.8,Thriller,4,4,6,3,1,43,Active,Not Churned
CUST_5205,27,Male,Middle East & Africa,2021-02-20,Standard,14.65,PayPal,No,Monthly,9.8,Family,2,8,6,0,0,11,Active,Not Churned
CUST_5206,27,Male,Asia Pacific,2022-09-02,Standard,13.85,Credit Card,Yes,Monthly,12.5,Action,4,9,8,1,2,20,Active,Not Churned
CUST_5207,44,Male,Asia Pacific,2022-03-14,Basic,8.11,Direct Debit,No,Annual,11.0,Action,2,8,6,1,1,17,Active,Not Churned
CUST_5208,29,Female,Asia Pacific,2024-07-10,Basic,7.79,Direct Debit,Yes,Monthly,10.4,Documentary,5,7,11,3,1,28,Active,Not Churned
CUST_5209,18,Female,North America,2025-01-17,Standard,13.78,PayPal,Yes,Annual,5.6,Sci-Fi,3,6,4,1,0,22,Active,Not Churned
CUST_5210,35,Male,North America,2021-11-07,Basic,7.39,Direct Debit,No,Monthly,3.4,Comedy,2,2,5,2,0,29,Churned,Lack of content
CUST_5211,30,Male,Latin America,2023-03-14,Standard,13.44,Direct Debit,Yes,Monthly,3.8,Action,1,2,4,0,0,15,Churned,Too expensive
CUST_5212,23,Male,Latin America,2024-06-14,Standard,13.57,PayPal,Yes,Annual,6.5,Action,2,5,9,1,0,18,Active,Not Churned
CUST_5213,34,Male,North America,2024-03-08,Standard,14.05,Credit Card,Yes,Annual,6.2,Thriller,4,4,0,1,2,19,Active,Not Churned
CUST_5214,36,Male,Asia Pacific,2024-01-24,Basic,8.37,Credit Card,Yes,Monthly,9.8,Sci-Fi,7,6,8,1,4,23,Active,Not Churned
CUST_5215,31,Male,Europe,2022-07-19,Standard,13.36,Credit Card,Yes,Annual,8.6,Anime,2,6,3,2,1,16,Active,Not Churned
CUST_5216,32,Male,Latin America,2022-01-25,Basic,7.8,Credit Card,Yes,Annual,3.1,Drama,3,5,5,0,0,16,Active,Not Churned
CUST_5217,18,Male,Latin America,2024-08-23,Standard,13.51,PayPal,No,Monthly,13.7,Drama,1,11,9,0,0,7,Active,Not Churned
CUST_5218,24,Male,Europe,2022-10-28,Basic,7.9,Credit Card,Yes,Annual,8.8,Documentary,3,5,2,0,1,19,Active,Not Churned
CUST_5219,37,Male,Asia Pacific,2023-10-28,Premium,20.37,Credit Card,No,Monthly,6.7,Action,3,2,7,1,2,28,Active,Not Churned
CUST_5220,41,Other,Europe,2025-07-18,Standard,13.83,Credit Card,Yes,Annual,5.9,Family,2,3,6,1,0,18,Active,Not Churned
CUST_5221,26,Female,Asia Pacific,2021-02-02,Basic,7.97,Credit Card,Yes,Annual,16.5,Comedy,5,8,10,1,1,18,Active,Not Churned
CUST_5222,52,Female,Latin America,2024-07-13,Basic,8.5,Direct Debit,Yes,Monthly,3.5,Thriller,3,5,4,4,0,18,Active,Not Churned
CUST_5223,32,Male,North America,2024-03-22,Basic,8.15,PayPal,Yes,Monthly,17.0,Sci-Fi,3,12,12,0,1,6,Active,Not Churned
CUST_5224,27,Male,North America,2025-02-27,Basic,7.72,Credit Card,Yes,Annual,6.5,Thriller,2,3,9,2,1,27,Active,Not Churned
CUST_5225,36,Female,Asia Pacific,2024-09-01,Basic,8.05,Credit Card,Yes,Monthly,6.8,Thriller,4,4,5,0,2,7,Active,Not Churned
CUST_5226,37,Male,Latin America,2023-02-12,Premium,19.7,Credit Card,Yes,Monthly,11.3,Thriller,5,4,11,0,1,41,Active,Not Churned
CUST_5227,34,Male,Asia Pacific,2023-07-12,Standard,14.14,Credit Card,Yes,Monthly,3.2,Drama,3,3,4,2,1,31,Active,Not Churned
CUST_5228,34,Female,North America,2024-03-02,Basic,8.17,Credit Card,Yes,Monthly,8.7,Drama,3,6,11,2,1,24,Active,Not Churned
CUST_5229,39,Male,Asia Pacific,2021-01-21,Standard,13.51,Credit Card,Yes,Monthly,12.4,Documentary,3,9,8,1,2,14,Active,Not Churned
CUST_5230,47,Female,Europe,2022-07-19,Basic,8.05,Credit Card,Yes,Monthly,5.7,Comedy,2,5,3,0,2,24,Active,Not Churned
CUST_5231,24,Male,Middle East & Africa,2024-05-02,Premium,19.95,Direct Debit,No,Monthly,9.5,Comedy,4,7,4,1,0,9,Active,Not Churned
CUST_5232,26,Female,Asia Pacific,2023-03-08,Basic,8.18,Credit Card,No,Monthly,22.7,Drama,2,10,14,1,0,16,Active,Not Churned
CUST_5233,35,Female,Asia Pacific,2025-09-09,Standard,14.28,Credit Card,Yes,Annual,13.1,Thriller,4,7,7,3,1,10,Churned,Technical issues
CUST_5234,42,Female,Europe,2025-11-18,Standard,14.16,PayPal,No,Monthly,4.8,Thriller,4,6,9,1,2,14,Active,Not Churned
CUST_5235,18,Other,Europe,2021-06-22,Basic,7.88,Credit Card,Yes,Annual,5.5,Action,3,3,2,1,1,21,Active,Not Churned
CUST_5236,35,Male,North America,2024-04-01,Basic,8.32,PayPal,Yes,Annual,6.4,Family,3,2,3,2,2,41,Active,Not Churned
CUST_5237,51,Male,Asia Pacific,2022-03-03,Standard,13.68,Digital Wallet,Yes,Annual,13.5,Documentary,2,10,11,0,1,5,Active,Not Churned
CUST_5238,37,Female,Asia Pacific,2022-02-16,Premium,19.53,Credit Card,No,Monthly,6.1,Drama,5,4,9,0,2,28,Active,Not Churned
CUST_5239,40,Male,North America,2023-04-19,Standard,12.87,Carrier Billing,Yes,Annual,11.7,Documentary,2,9,11,0,1,0,Active,Not Churned
CUST_5240,35,Female,Europe,2024-06-19,Standard,13.97,Credit Card,No,Annual,11.8,Anime,5,7,12,2,1,21,Active,Not Churned
CUST_5241,37,Female,Latin America,2024-06-05,Premium,19.7,PayPal,Yes,Monthly,9.8,Family,4,6,7,0,0,30,Active,Not Churned
CUST_5242,41,Male,North America,2025-12-21,Premium,20.13,Credit Card,Yes,Annual,15.1,Documentary,3,12,10,1,1,14,Active,Not Churned
CUST_5243,26,Female,Latin America,2023-07-18,Standard,13.3,Direct Debit,Yes,Monthly,5.1,Comedy,1,2,11,0,0,10,Active,Not Churned
CUST_5244,21,Male,Europe,2024-06-22,Standard,13.76,Digital Wallet,Yes,Monthly,15.3,Drama,1,12,15,2,1,12,Active,Not Churned
CUST_5245,40,Female,North America,2021-04-12,Standard,14.15,Direct Debit,Yes,Monthly,2.8,Thriller,3,2,6,0,0,22,Churned,Low usage
CUST_5246,34,Female,Middle East & Africa,2024-02-05,Basic,7.63,PayPal,Yes,Monthly,4.1,Family,2,4,8,1,2,35,Churned,Too expensive
CUST_5247,53,Female,North America,2024-12-12,Premium,20.13,Direct Debit,Yes,Annual,4.2,Thriller,5,4,7,0,4,28,Active,Not Churned
CUST_5248,20,Male,North America,2024-02-13,Basic,7.8,Credit Card,Yes,Monthly,4.6,Documentary,4,3,1,1,1,16,Active,Not Churned
CUST_5249,43,Female,Asia Pacific,2023-01-10,Basic,7.98,Direct Debit,Yes,Annual,11.2,Family,2,6,8,2,1,21,Active,Not Churned
CUST_5250,24,Male,North America,2024-08-27,Premium,20.2,Credit Card,Yes,Monthly,11.5,Documentary,2,7,13,0,1,13,Churned,Technical issues
CUST_5251,36,Female,North America,2025-08-29,Basic,8.32,Digital Wallet,Yes,Annual,8.7,Family,2,4,9,0,3,12,Churned,Technical issues
CUST_5252,41,Female,Asia Pacific,2025-11-15,Basic,8.02,Digital Wallet,Yes,Monthly,4.5,Sci-Fi,3,7,4,0,0,15,Active,Not Churned
CUST_5253,34,Female,North America,2025-07-09,Basic,7.71,PayPal,Yes,Monthly,7.4,Documentary,7,4,11,0,0,22,Active,Not Churned
CUST_5254,35,Female,Middle East & Africa,2021-01-03,Standard,13.83,Credit Card,Yes,Monthly,15.4,Anime,1,11,12,0,4,20,Active,Not Churned
CUST_5255,33,Male,Latin America,2021-11-01,Premium,20.21,Credit Card,Yes,Monthly,6.6,Action,6,7,8,0,1,25,Churned,Lack of content
CUST_5256,34,Male,Middle East & Africa,2021-10-05,Basic,7.63,Carrier Billing,No,Annual,4.8,Drama,3,5,6,3,0,21,Active,Not Churned
CUST_5257,22,Female,Asia Pacific,2025-10-10,Basic,7.93,Credit Card,Yes,Monthly,4.9,Comedy,4,4,6,2,2,17,Active,Not Churned
CUST_5258,25,Male,Asia Pacific,2024-06-04,Standard,13.85,PayPal,No,Monthly,9.1,Drama,1,6,9,0,1,14,Active,Not Churned
CUST_5259,34,Male,Asia Pacific,2022-02-12,Premium,19.95,Direct Debit,Yes,Monthly,12.6,Action,1,9,13,1,2,18,Active,Not Churned
CUST_5260,35,Male,Asia Pacific,2021-04-14,Basic,7.64,Credit Card,Yes,Monthly,12.0,Action,3,8,13,0,2,27,Active,Not Churned
CUST_5261,33,Male,Latin America,2024-04-10,Premium,19.34,Direct Debit,Yes,Monthly,8.4,Comedy,7,3,5,1,1,26,Active,Not Churned
CUST_5262,23,Male,North America,2024-12-20,Premium,20.17,PayPal,Yes,Annual,8.0,Drama,2,2,7,4,3,34,Churned,Too expensive
CUST_5263,44,Male,North America,2025-08-19,Basic,8.33,Digital Wallet,Yes,Annual,5.3,Family,4,7,9,2,1,19,Active,Not Churned
CUST_5264,37,Male,Asia Pacific,2022-04-26,Premium,19.36,Digital Wallet,Yes,Annual,12.2,Sci-Fi,6,3,8,0,1,25,Active,Not Churned
CUST_5265,37,Female,North America,2025-06-03,Standard,14.12,PayPal,Yes,Monthly,3.3,Thriller,4,4,0,1,0,36,Churned,Technical issues
CUST_5266,34,Female,Middle East & Africa,2024-11-14,Standard,14.37,PayPal,Yes,Annual,7.6,Sci-Fi,1,5,3,1,1,22,Active,Not Churned
CUST_5267,24,Male,North America,2023-04-12,Standard,14.2,Credit Card,Yes,Monthly,7.6,Sci-Fi,3,6,4,2,3,24,Active,Not Churned
CUST_5268,18,Female,Asia Pacific,2025-05-14,Premium,19.84,Credit Card,Yes,Monthly,13.2,Documentary,3,6,8,2,2,24,Active,Not Churned
CUST_5269,35,Male,Latin America,2022-11-23,Premium,19.66,Direct Debit,Yes,Annual,5.2,Family,3,5,3,1,0,16,Active,Not Churned
CUST_5270,27,Male,Europe,2022-01-13,Standard,14.02,Direct Debit,Yes,Annual,12.4,Comedy,3,8,12,1,2,9,Active,Not Churned
CUST_5271,28,Female,Asia Pacific,2021-06-10,Premium,20.08,Credit Card,No,Monthly,11.9,Comedy,5,12,8,1,1,0,Active,Not Churned
CUST_5272,41,Female,Middle East & Africa,2025-07-26,Standard,14.02,Digital Wallet,Yes,Monthly,20.5,Thriller,2,12,17,0,0,3,Active,Not Churned
CUST_5273,32,Male,Middle East & Africa,2021-11-02,Premium,19.93,Credit Card,Yes,Monthly,19.7,Drama,3,14,9,2,3,20,Active,Not Churned
CUST_5274,40,Female,North America,2021-07-23,Premium,19.61,Carrier Billing,Yes,Monthly,16.1,Family,5,7,10,1,2,29,Active,Not Churned
CUST_5275,27,Male,North America,2023-11-20,Basic,8.14,PayPal,Yes,Annual,1.7,Thriller,2,4,3,0,2,17,Active,Not Churned
CUST_5276,31,Male,Europe,2022-04-26,Basic,8.15,Credit Card,Yes,Monthly,3.4,Comedy,3,4,6,1,1,23,Churned,Switched to competitor
CUST_5277,33,Male,North America,2024-09-27,Standard,14.06,Direct Debit,Yes,Monthly,13.8,Action,2,9,13,0,2,18,Active,Not Churned
CUST_5278,18,Female,North America,2022-06-13,Premium,20.03,Carrier Billing,Yes,Monthly,8.8,Documentary,4,6,5,3,0,16,Active,Not Churned
CUST_5279,26,Male,Europe,2025-11-06,Basic,8.58,Digital Wallet,Yes,Annual,17.7,Comedy,4,13,15,0,1,17,Active,Not Churned
CUST_5280,48,Male,North America,2022-10-22,Standard,13.77,Direct Debit,Yes,Monthly,8.6,Anime,4,6,2,3,1,29,Active,Not Churned
CUST_5281,27,Male,North America,2022-09-02,Basic,8.44,Digital Wallet,No,Monthly,10.9,Action,3,6,11,2,2,27,Active,Not Churned
CUST_5282,36,Male,Middle East & Africa,2024-07-22,Standard,13.73,PayPal,Yes,Monthly,11.2,Action,1,6,4,0,4,26,Active,Not Churned
CUST_5283,27,Female,Asia Pacific,2022-01-04,Standard,14.38,Digital Wallet,Yes,Monthly,8.5,Drama,2,7,8,0,0,6,Churned,Low usage
CUST_5284,27,Female,Europe,2021-12-08,Basic,8.42,PayPal,No,Monthly,13.3,Comedy,1,9,13,1,2,27,Churned,Lack of content
CUST_5285,36,Female,North America,2022-04-23,Premium,19.89,Credit Card,Yes,Monthly,13.4,Drama,5,5,12,0,2,28,Active,Not Churned
CUST_5286,22,Female,Asia Pacific,2023-03-10,Basic,8.57,Digital Wallet,Yes,Monthly,3.6,Comedy,2,4,0,2,2,30,Active,Not Churned
CUST_5287,42,Male,Asia Pacific,2022-04-27,Premium,20.15,Credit Card,Yes,Monthly,25.5,Thriller,2,12,15,1,2,8,Active,Not Churned
CUST_5288,41,Female,Europe,2025-05-16,Basic,7.68,Credit Card,Yes,Annual,3.4,Action,3,4,6,1,1,20,Active,Not Churned
CUST_5289,40,Female,Asia Pacific,2025-04-05,Premium,19.86,Credit Card,No,Annual,6.8,Sci-Fi,3,3,8,2,2,33,Churned,Low usage
CUST_5290,18,Male,Europe,2021-03-07,Standard,14.39,PayPal,No,Monthly,11.5,Comedy,4,7,9,4,2,32,Active,Not Churned
CUST_5291,34,Female,Asia Pacific,2023-06-07,Basic,8.31,Credit Card,No,Monthly,9.7,Comedy,4,5,1,1,0,33,Active,Not Churned
CUST_5292,53,Male,Europe,2023-11-07,Basic,7.62,Direct Debit,No,Monthly,12.0,Sci-Fi,6,10,12,1,2,11,Active,Not Churned
CUST_5293,18,Female,Asia Pacific,2023-12-03,Basic,7.94,Direct Debit,Yes,Monthly,6.7,Family,2,6,10,0,1,19,Active,Not Churned
CUST_5294,50,Male,North America,2024-01-26,Standard,14.06,Direct Debit,No,Monthly,10.8,Documentary,2,9,8,2,2,4,Active,Not Churned
CUST_5295,18,Male,North America,2021-06-05,Premium,19.81,Digital Wallet,Yes,Monthly,7.0,Anime,1,10,7,1,2,0,Active,Not Churned
CUST_5296,40,Male,Europe,2022-05-31,Standard,14.82,Direct Debit,Yes,Monthly,8.6,Family,2,6,8,1,0,23,Active,Not Churned
CUST_5297,18,Male,Asia Pacific,2023-07-05,Standard,14.07,Credit Card,Yes,Annual,17.2,Comedy,5,13,16,2,2,6,Active,Not Churned
CUST_5298,36,Female,Latin America,2024-12-26,Standard,13.97,Credit Card,Yes,Monthly,4.1,Documentary,6,2,5,0,0,11,Churned,Technical issues
CUST_5299,45,Female,North America,2022-11-30,Standard,14.41,Direct Debit,Yes,Annual,14.4,Drama,4,11,9,2,3,9,Active,Not Churned
CUST_5300,21,Male,Asia Pacific,2025-09-19,Standard,13.86,PayPal,No,Monthly,7.7,Action,2,4,7,0,2,28,Active,Not Churned
CUST_5301,55,Male,Europe,2024-10-17,Standard,14.34,PayPal,Yes,Monthly,5.0,Sci-Fi,3,4,5,1,0,25,Active,Not Churned
CUST_5302,23,Male,North America,2022-09-23,Standard,13.41,Credit Card,No,Monthly,5.2,Thriller,3,5,5,0,0,8,Active,Not Churned
CUST_5303,37,Female,North America,2024-11-06,Premium,19.83,PayPal,Yes,Monthly,8.8,Anime,4,7,2,1,3,32,Active,Not Churned
CUST_5304,23,Female,Asia Pacific,2025-03-18,Standard,14.36,PayPal,Yes,Monthly,14.8,Comedy,5,7,12,3,1,17,Active,Not Churned
CUST_5305,46,Male,Asia Pacific,2021-04-07,Basic,8.54,Direct Debit,No,Monthly,10.1,Family,3,5,11,0,1,24,Active,Not Churned
CUST_5306,51,Female,Middle East & Africa,2022-03-20,Basic,7.72,Direct Debit,No,Monthly,3.2,Comedy,3,4,7,0,0,22,Active,Not Churned
CUST_5307,30,Male,North America,2025-05-14,Standard,13.68,PayPal,Yes,Annual,14.0,Comedy,2,8,13,3,1,20,Active,Not Churned
CUST_5308,50,Female,Latin America,2022-03-10,Basic,8.19,Credit Card,Yes,Monthly,12.1,Action,2,5,8,0,2,17,Active,Not Churned
CUST_5309,37,Female,North America,2021-05-04,Premium,19.77,PayPal,Yes,Monthly,4.2,Family,6,3,5,1,0,24,Active,Not Churned
CUST_5310,31,Male,Asia Pacific,2023-10-11,Standard,13.9,Digital Wallet,No,Annual,4.9,Action,2,4,8,0,2,27,Active,Not Churned
CUST_5311,23,Male,North America,2025-10-10,Standard,14.3,Digital Wallet,Yes,Monthly,15.6,Documentary,2,10,13,1,0,11,Active,Not Churned
CUST_5312,26,Female,Asia Pacific,2023-08-29,Premium,19.8,Digital Wallet,Yes,Annual,9.8,Drama,3,7,12,0,2,21,Active,Not Churned
CUST_5313,43,Female,Europe,2021-03-10,Basic,7.3,Carrier Billing,Yes,Annual,13.3,Comedy,4,9,7,2,6,34,Active,Not Churned
CUST_5314,26,Male,Europe,2025-07-19,Premium,19.53,Direct Debit,Yes,Annual,3.3,Drama,2,2,2,0,0,22,Active,Not Churned
CUST_5315,41,Male,Asia Pacific,2022-11-10,Basic,7.99,PayPal,Yes,Monthly,0.9,Comedy,5,1,1,3,3,40,Churned,Lack of content
CUST_5316,31,Female,Asia Pacific,2023-04-05,Standard,13.34,Credit Card,No,Annual,12.0,Comedy,3,9,6,2,2,17,Active,Not Churned
CUST_5317,50,Male,North America,2023-01-22,Premium,19.89,Carrier Billing,No,Monthly,7.3,Thriller,3,4,2,0,1,33,Churned,Too expensive
CUST_5318,27,Male,Asia Pacific,2023-10-31,Premium,19.5,Credit Card,Yes,Monthly,13.6,Family,4,8,11,0,2,9,Active,Not Churned
CUST_5319,18,Male,Asia Pacific,2024-06-28,Premium,20.56,Direct Debit,No,Annual,15.4,Action,2,6,12,3,3,36,Active,Not Churned
CUST_5320,21,Male,Latin America,2022-09-22,Standard,14.75,PayPal,No,Annual,6.1,Drama,1,4,6,0,0,18,Active,Not Churned
CUST_5321,39,Female,Latin America,2021-11-14,Premium,19.62,Direct Debit,No,Monthly,9.3,Thriller,3,7,8,1,1,34,Churned,Lack of content
CUST_5322,33,Male,North America,2022-02-07,Standard,14.08,PayPal,Yes,Monthly,7.1,Thriller,3,1,2,0,2,33,Active,Not Churned
CUST_5323,34,Male,Asia Pacific,2025-11-30,Standard,13.65,PayPal,Yes,Annual,6.0,Anime,5,3,4,1,1,32,Active,Not Churned
CUST_5324,41,Female,Europe,2024-07-16,Basic,7.88,Carrier Billing,No,Monthly,8.9,Drama,3,3,6,2,0,24,Churned,Lack of content
CUST_5325,22,Female,North America,2021-06-09,Basic,8.62,PayPal,No,Monthly,12.6,Drama,5,9,9,0,1,20,Active,Not Churned
CUST_5326,27,Male,Asia Pacific,2021-04-25,Standard,13.83,Carrier Billing,Yes,Monthly,5.5,Family,3,1,1,0,2,35,Active,Not Churned
CUST_5327,30,Female,Asia Pacific,2021-11-16,Basic,7.89,Credit Card,Yes,Monthly,4.8,Drama,3,4,2,0,1,22,Active,Not Churned
CUST_5328,35,Female,Middle East & Africa,2025-04-23,Standard,13.66,Carrier Billing,Yes,Monthly,6.1,Drama,1,6,4,1,0,25,Active,Not Churned
CUST_5329,25,Male,North America,2022-03-16,Premium,20.39,Digital Wallet,Yes,Annual,12.8,Comedy,4,8,12,0,0,0,Active,Not Churned
CUST_5330,29,Female,North America,2025-07-29,Premium,18.85,Digital Wallet,Yes,Monthly,15.3,Documentary,5,8,11,2,0,12,Active,Not Churned
CUST_5331,29,Male,Asia Pacific,2023-05-07,Basic,7.84,PayPal,Yes,Annual,6.3,Sci-Fi,3,5,9,1,2,25,Active,Not Churned
CUST_5332,18,Male,Latin America,2023-08-23,Premium,19.97,PayPal,Yes,Monthly,3.8,Documentary,2,5,4,1,1,26,Churned,Too expensive
CUST_5333,29,Male,Asia Pacific,2021-06-01,Basic,7.76,PayPal,No,Annual,3.8,Anime,6,3,4,0,0,30,Active,Not Churned
CUST_5334,38,Female,Europe,2021-05-20,Standard,14.29,Credit Card,Yes,Monthly,6.8,Documentary,5,1,7,2,0,27,Churned,Lack of content
CUST_5335,22,Female,Asia Pacific,2021-10-02,Premium,20.41,Carrier Billing,Yes,Annual,6.4,Thriller,4,7,5,4,1,20,Active,Not Churned
CUST_5336,19,Female,Asia Pacific,2022-09-04,Basic,7.5,Credit Card,Yes,Annual,3.2,Sci-Fi,6,4,2,0,4,35,Churned,Payment issues
CUST_5337,30,Female,Asia Pacific,2025-12-21,Basic,8.72,Credit Card,Yes,Monthly,8.0,Drama,4,5,2,4,1,34,Active,Not Churned
CUST_5338,27,Male,Latin America,2021-04-19,Basic,7.49,Direct Debit,No,Monthly,26.8,Comedy,1,11,15,0,1,17,Active,Not Churned
CUST_5339,18,Female,Middle East & Africa,2025-05-05,Standard,14.44,Credit Card,Yes,Monthly,4.7,Drama,3,3,7,3,0,26,Churned,Technical issues
CUST_5340,18,Male,North America,2022-02-28,Premium,20.04,Direct Debit,No,Monthly,10.9,Family,1,5,12,0,1,40,Churned,Lack of content
CUST_5341,43,Female,Asia Pacific,2021-02-24,Basic,7.81,Carrier Billing,Yes,Monthly,10.5,Comedy,5,5,5,1,0,22,Active,Not Churned
CUST_5342,26,Female,Asia Pacific,2024-04-03,Basic,7.85,Credit Card,Yes,Monthly,11.0,Thriller,3,7,3,1,1,21,Active,Not Churned
CUST_5343,42,Male,North America,2025-12-10,Standard,13.98,Credit Card,No,Monthly,8.2,Family,3,5,9,0,0,31,Active,Not Churned
CUST_5344,40,Female,Middle East & Africa,2021-02-19,Basic,8.06,PayPal,No,Annual,3.3,Comedy,3,2,4,0,0,36,Active,Not Churned
CUST_5345,50,Male,Latin America,2024-07-22,Standard,13.67,Credit Card,Yes,Annual,13.3,Action,4,9,5,0,3,23,Active,Not Churned
CUST_5346,36,Male,North America,2022-04-05,Premium,19.91,Direct Debit,Yes,Annual,4.4,Thriller,5,4,0,1,2,20,Churned,Low usage
CUST_5347,27,Male,Middle East & Africa,2024-07-22,Standard,13.72,Digital Wallet,No,Annual,7.7,Anime,2,4,3,1,1,25,Active,Not Churned
CUST_5348,40,Other,North America,2024-01-11,Premium,19.56,PayPal,Yes,Monthly,8.6,Documentary,6,5,5,0,1,25,Churned,Switched to competitor
CUST_5349,18,Female,Europe,2024-09-19,Standard,13.7,Credit Card,Yes,Annual,4.2,Comedy,5,3,1,3,3,46,Churned,Switched to competitor
CUST_5350,43,Female,North America,2025-02-10,Premium,19.59,Direct Debit,Yes,Monthly,7.4,Action,2,5,8,1,0,42,Churned,Too expensive
CUST_5351,52,Male,North America,2021-07-07,Basic,7.84,Credit Card,Yes,Monthly,10.8,Thriller,6,8,6,1,2,15,Active,Not Churned
CUST_5352,22,Female,North America,2024-06-16,Basic,8.14,Credit Card,Yes,Monthly,7.0,Family,2,3,6,4,0,34,Active,Not Churned
CUST_5353,31,Female,Middle East & Africa,2024-02-03,Standard,14.03,Digital Wallet,Yes,Monthly,3.4,Thriller,5,6,11,1,1,15,Active,Not Churned
CUST_5354,35,Male,Latin America,2024-01-23,Basic,8.68,Carrier Billing,Yes,Monthly,11.7,Thriller,7,8,9,2,1,18,Churned,Technical issues
CUST_5355,30,Female,Asia Pacific,2025-01-01,Premium,19.22,Direct Debit,Yes,Monthly,21.5,Comedy,3,7,13,2,2,16,Churned,Low usage
CUST_5356,33,Male,Europe,2021-11-16,Standard,14.15,Direct Debit,Yes,Monthly,3.7,Drama,3,4,4,3,0,37,Churned,Lack of content
CUST_5357,26,Male,Latin America,2024-10-28,Premium,19.99,Direct Debit,Yes,Monthly,9.4,Comedy,5,8,9,0,0,16,Active,Not Churned
CUST_5358,28,Male,Asia Pacific,2024-11-27,Basic,8.28,Direct Debit,No,Annual,7.5,Anime,3,6,8,1,1,23,Churned,Technical issues
CUST_5359,63,Male,Middle East & Africa,2025-01-27,Standard,14.24,PayPal,No,Monthly,3.7,Documentary,3,3,1,0,0,24,Churned,Too expensive
CUST_5360,35,Other,North America,2022-05-12,Standard,13.93,Credit Card,Yes,Monthly,15.9,Comedy,4,9,10,0,2,19,Active,Not Churned
CUST_5361,18,Male,North America,2024-03-20,Basic,8.05,Credit Card,No,Monthly,7.6,Sci-Fi,3,6,4,1,1,24,Active,Not Churned
CUST_5362,28,Male,Europe,2024-10-10,Standard,13.73,Credit Card,Yes,Annual,13.5,Anime,2,10,9,0,1,8,Active,Not Churned
CUST_5363,30,Male,Latin America,2022-04-06,Standard,14.2,PayPal,Yes,Monthly,9.9,Drama,3,4,13,1,1,13,Active,Not Churned
CUST_5364,50,Male,Asia Pacific,2022-10-24,Premium,19.33,Credit Card,No,Monthly,16.9,Family,5,9,13,1,0,5,Active,Not Churned
CUST_5365,49,Male,Europe,2021-08-30,Standard,14.26,PayPal,Yes,Monthly,9.9,Drama,3,9,7,1,2,7,Active,Not Churned
CUST_5366,35,Female,North America,2023-03-23,Basic,7.98,Direct Debit,Yes,Monthly,5.8,Family,3,4,9,1,1,26,Active,Not Churned
CUST_5367,22,Female,Asia Pacific,2022-11-19,Standard,13.82,Direct Debit,No,Annual,11.0,Action,4,10,9,0,1,7,Churned,Switched to competitor
CUST_5368,36,Male,Asia Pacific,2025-06-23,Standard,13.91,PayPal,Yes,Annual,5.2,Anime,2,9,0,1,2,25,Active,Not Churned
CUST_5369,25,Female,North America,2021-06-11,Basic,7.93,Direct Debit,No,Monthly,10.9,Thriller,3,6,13,2,1,24,Active,Not Churned
CUST_5370,37,Male,Latin America,2021-11-02,Standard,14.44,PayPal,Yes,Annual,4.7,Action,7,2,4,2,2,18,Active,Not Churned
CUST_5371,44,Male,Latin America,2025-04-05,Basic,9.12,Digital Wallet,Yes,Monthly,7.2,Anime,7,5,0,2,2,23,Active,Not Churned
CUST_5372,28,Male,Asia Pacific,2024-01-14,Basic,8.42,Direct Debit,Yes,Annual,6.4,Action,6,7,1,2,1,6,Active,Not Churned
CUST_5373,36,Female,North America,2021-01-19,Standard,13.79,PayPal,Yes,Monthly,9.5,Drama,1,8,11,0,0,7,Active,Not Churned
CUST_5374,41,Male,Asia Pacific,2024-12-22,Basic,8.21,Credit Card,No,Monthly,16.3,Action,2,14,6,2,2,7,Active,Not Churned
CUST_5375,39,Female,Asia Pacific,2023-01-12,Standard,14.23,Direct Debit,Yes,Annual,6.0,Comedy,3,4,9,1,0,16,Active,Not Churned
CUST_5376,18,Male,Middle East & Africa,2022-02-26,Basic,7.67,PayPal,Yes,Annual,12.3,Drama,2,9,9,2,2,32,Active,Not Churned
CUST_5377,33,Female,North America,2021-03-14,Standard,13.55,Credit Card,No,Annual,15.9,Family,2,8,13,1,0,21,Active,Not Churned
CUST_5378,18,Male,Latin America,2023-01-02,Basic,7.97,Direct Debit,No,Monthly,12.1,Family,2,3,8,1,1,24,Active,Not Churned
CUST_5379,37,Female,Asia Pacific,2022-02-09,Premium,20.27,PayPal,No,Monthly,10.8,Drama,2,7,10,2,3,34,Active,Not Churned
CUST_5380,42,Male,North America,2022-07-15,Basic,7.43,Direct Debit,Yes,Monthly,8.5,Thriller,3,4,8,0,1,17,Active,Not Churned
CUST_5381,38,Male,Latin America,2024-12-14,Standard,13.74,Credit Card,Yes,Monthly,5.8,Thriller,5,6,5,0,3,21,Active,Not Churned
CUST_5382,37,Male,Asia Pacific,2024-10-09,Basic,8.19,PayPal,Yes,Annual,2.4,Comedy,3,1,0,3,1,38,Active,Not Churned
CUST_5383,37,Female,North America,2023-08-28,Basic,8.0,Credit Card,Yes,Annual,7.8,Drama,1,4,7,1,2,18,Active,Not Churned
CUST_5384,40,Male,Asia Pacific,2024-01-27,Standard,14.49,Carrier Billing,No,Monthly,16.6,Thriller,2,10,6,1,0,17,Active,Not Churned
CUST_5385,25,Male,Asia Pacific,2022-01-29,Premium,19.5,PayPal,No,Monthly,19.2,Comedy,6,12,15,0,0,10,Active,Not Churned
CUST_5386,28,Male,Europe,2023-05-31,Premium,20.81,Credit Card,Yes,Annual,4.8,Action,2,4,5,2,1,30,Churned,Low usage
CUST_5387,35,Female,North America,2024-11-09,Basic,7.45,Carrier Billing,Yes,Monthly,16.9,Comedy,5,13,13,1,1,22,Active,Not Churned
CUST_5388,46,Male,Middle East & Africa,2025-04-09,Basic,7.28,Digital Wallet,Yes,Monthly,10.6,Documentary,6,10,0,0,2,18,Active,Not Churned
CUST_5389,39,Male,Middle East & Africa,2022-08-26,Standard,13.97,PayPal,Yes,Monthly,10.6,Drama,5,6,4,1,0,20,Active,Not Churned
CUST_5390,41,Female,Middle East & Africa,2022-07-22,Standard,13.59,Carrier Billing,Yes,Monthly,16.5,Comedy,2,13,10,1,1,0,Active,Not Churned
CUST_5391,31,Male,Asia Pacific,2021-02-18,Basic,7.98,PayPal,No,Monthly,13.3,Drama,2,11,11,0,1,13,Active,Not Churned
CUST_5392,35,Female,North America,2022-01-15,Standard,13.96,Direct Debit,Yes,Monthly,4.6,Drama,3,4,2,1,1,21,Active,Not Churned
CUST_5393,33,Male,Asia Pacific,2023-11-16,Standard,13.92,Credit Card,Yes,Annual,5.4,Documentary,3,4,13,1,1,24,Active,Not Churned
CUST_5394,21,Female,Latin America,2024-12-03,Standard,13.7,Credit Card,Yes,Monthly,2.9,Documentary,3,3,3,2,3,28,Active,Not Churned
CUST_5395,37,Female,Middle East & Africa,2023-06-10,Standard,14.14,PayPal,Yes,Monthly,10.4,Thriller,2,6,5,2,0,24,Active,Not Churned
CUST_5396,32,Female,Asia Pacific,2022-08-17,Standard,13.88,PayPal,Yes,Annual,5.0,Sci-Fi,3,3,4,0,0,16,Active,Not Churned
CUST_5397,43,Female,Europe,2021-10-31,Basic,8.38,Credit Card,Yes,Monthly,5.7,Sci-Fi,3,7,2,1,2,23,Active,Not Churned
CUST_5398,19,Male,Europe,2023-01-12,Standard,13.93,Credit Card,Yes,Annual,15.5,Sci-Fi,5,10,7,0,5,13,Active,Not Churned
CUST_5399,29,Female,Asia Pacific,2023-12-14,Basic,7.65,Direct Debit,Yes,Monthly,10.4,Comedy,3,6,11,1,2,10,Active,Not Churned
CUST_5400,18,Female,Latin America,2023-10-06,Standard,13.4,Credit Card,Yes,Monthly,11.3,Family,4,5,10,1,1,20,Churned,Technical issues
CUST_5401,38,Female,Middle East & Africa,2022-08-13,Premium,19.93,Credit Card,Yes,Monthly,25.3,Action,2,13,17,0,0,10,Active,Not Churned
CUST_5402,42,Male,North America,2025-12-02,Standard,13.55,PayPal,No,Annual,1.3,Documentary,5,2,7,0,1,21,Active,Not Churned
CUST_5403,38,Female,North America,2021-08-29,Basic,7.52,Credit Card,No,Monthly,4.4,Sci-Fi,2,5,6,1,1,24,Active,Not Churned
CUST_5404,54,Female,Latin America,2022-09-26,Basic,8.17,Credit Card,No,Annual,6.3,Family,4,3,2,4,2,29,Active,Not Churned
CUST_5405,40,Female,Europe,2021-11-15,Standard,13.37,Direct Debit,Yes,Monthly,5.3,Action,3,6,7,3,0,14,Active,Not Churned
CUST_5406,25,Male,Europe,2024-03-09,Standard,14.48,Credit Card,Yes,Annual,13.4,Documentary,5,9,6,0,0,17,Active,Not Churned
CUST_5407,46,Female,North America,2021-01-26,Premium,20.05,PayPal,No,Monthly,8.8,Comedy,3,6,5,0,0,14,Active,Not Churned
CUST_5408,55,Male,North America,2025-07-27,Standard,13.97,Credit Card,No,Annual,4.4,Action,4,6,4,0,1,23,Active,Not Churned
CUST_5409,41,Male,Europe,2024-01-21,Premium,19.63,Digital Wallet,No,Monthly,11.2,Comedy,5,9,8,0,1,5,Active,Not Churned
CUST_5410,27,Other,North America,2022-05-22,Basic,8.26,Credit Card,Yes,Monthly,10.1,Sci-Fi,2,4,2,1,0,24,Active,Not Churned
CUST_5411,28,Male,Middle East & Africa,2024-12-11,Standard,13.99,PayPal,No,Annual,4.6,Documentary,3,2,2,0,2,33,Churned,Lack of content
CUST_5412,38,Male,Asia Pacific,2024-12-14,Basic,7.75,Direct Debit,Yes,Monthly,7.0,Anime,2,5,6,0,1,24,Active,Not Churned
CUST_5413,30,Female,Latin America,2023-02-27,Standard,14.06,Digital Wallet,Yes,Monthly,10.9,Documentary,4,8,6,0,3,26,Active,Not Churned
CUST_5414,45,Female,Europe,2024-09-08,Basic,7.4,Credit Card,Yes,Annual,15.2,Documentary,3,12,14,2,1,17,Active,Not Churned
CUST_5415,32,Male,Middle East & Africa,2023-12-16,Basic,7.42,Direct Debit,Yes,Annual,5.0,Sci-Fi,6,4,9,4,1,30,Churned,Switched to competitor
CUST_5416,43,Female,Europe,2024-11-18,Standard,13.6,Credit Card,No,Annual,11.6,Documentary,3,10,5,0,0,17,Active,Not Churned
CUST_5417,41,Male,Europe,2024-09-23,Standard,14.11,Direct Debit,Yes,Monthly,6.1,Sci-Fi,5,3,6,2,1,25,Active,Not Churned
CUST_5418,20,Female,Latin America,2025-01-24,Basic,7.99,Credit Card,Yes,Monthly,8.2,Sci-Fi,4,5,11,1,0,25,Active,Not Churned
CUST_5419,33,Male,Asia Pacific,2024-02-10,Basic,8.36,Credit Card,No,Annual,4.1,Family,4,3,4,1,0,25,Active,Not Churned
CUST_5420,44,Female,Europe,2023-03-20,Standard,13.67,PayPal,No,Monthly,11.4,Action,1,6,7,0,1,33,Active,Not Churned
CUST_5421,33,Male,North America,2022-05-24,Basic,8.19,Credit Card,No,Monthly,13.8,Family,4,10,12,1,1,16,Active,Not Churned
CUST_5422,37,Female,North America,2021-09-04,Basic,7.95,Credit Card,Yes,Annual,7.2,Family,3,1,5,0,1,20,Active,Not Churned
CUST_5423,36,Female,Europe,2021-09-20,Standard,13.66,Credit Card,Yes,Monthly,7.4,Documentary,4,4,10,1,1,26,Churned,Too expensive
CUST_5424,26,Female,North America,2023-08-04,Basic,8.12,Digital Wallet,No,Monthly,6.3,Thriller,6,7,4,1,2,15,Active,Not Churned
CUST_5425,51,Female,Asia Pacific,2025-03-12,Standard,13.97,PayPal,Yes,Annual,4.1,Action,4,3,3,1,0,29,Active,Not Churned
CUST_5426,26,Female,Europe,2021-11-25,Standard,13.77,Direct Debit,Yes,Monthly,12.6,Sci-Fi,2,10,11,0,1,18,Active,Not Churned
CUST_5427,25,Other,Asia Pacific,2021-11-05,Basic,8.0,Carrier Billing,No,Monthly,15.0,Comedy,3,13,11,2,1,6,Active,Not Churned
CUST_5428,45,Male,Asia Pacific,2021-09-24,Basic,7.94,Credit Card,Yes,Monthly,4.8,Anime,5,4,5,1,1,17,Active,Not Churned
CUST_5429,29,Female,North America,2024-09-24,Basic,7.94,Credit Card,Yes,Monthly,8.9,Comedy,3,8,1,0,0,16,Active,Not Churned
CUST_5430,35,Male,Europe,2023-05-23,Basic,7.85,Credit Card,Yes,Monthly,10.5,Documentary,3,11,7,0,2,7,Active,Not Churned
CUST_5431,38,Other,Latin America,2021-05-17,Basic,7.53,Direct Debit,Yes,Monthly,5.4,Sci-Fi,2,5,8,3,1,19,Churned,Lack of content
CUST_5432,44,Female,Asia Pacific,2022-05-03,Premium,20.02,Digital Wallet,Yes,Monthly,19.1,Action,2,11,10,0,1,8,Active,Not Churned
CUST_5433,18,Male,Europe,2022-01-31,Premium,19.71,PayPal,No,Monthly,11.0,Documentary,3,9,10,2,0,20,Churned,Lack of content
CUST_5434,33,Female,Europe,2022-12-18,Standard,13.63,Credit Card,Yes,Annual,3.5,Comedy,5,5,5,1,1,12,Active,Not Churned
CUST_5435,31,Female,Asia Pacific,2025-11-16,Standard,13.91,Digital Wallet,Yes,Monthly,14.9,Thriller,6,9,10,0,2,11,Active,Not Churned
CUST_5436,34,Male,Asia Pacific,2021-12-20,Standard,14.25,PayPal,Yes,Monthly,8.1,Documentary,3,5,11,0,2,40,Active,Not Churned
CUST_5437,42,Male,Asia Pacific,2023-09-16,Premium,20.05,Credit Card,No,Annual,8.0,Family,4,9,5,0,0,27,Active,Not Churned
CUST_5438,49,Female,Asia Pacific,2025-04-04,Basic,7.8,Credit Card,Yes,Monthly,11.4,Documentary,6,7,7,0,0,25,Churned,Technical issues
CUST_5439,36,Female,Europe,2023-06-29,Basic,7.79,Carrier Billing,Yes,Annual,5.5,Drama,1,6,4,0,1,20,Active,Not Churned
CUST_5440,26,Female,Latin America,2024-08-23,Basic,8.21,Carrier Billing,Yes,Annual,16.5,Drama,3,10,11,0,1,18,Active,Not Churned
CUST_5441,36,Male,Middle East & Africa,2022-07-10,Basic,7.15,Carrier Billing,Yes,Annual,14.5,Family,1,12,12,1,1,8,Active,Not Churned
CUST_5442,40,Female,North America,2024-03-02,Basic,8.27,Digital Wallet,Yes,Monthly,17.8,Drama,3,9,7,2,2,0,Active,Not Churned
CUST_5443,37,Male,Middle East & Africa,2021-05-22,Premium,19.33,Credit Card,Yes,Monthly,24.6,Sci-Fi,4,12,18,0,3,9,Active,Not Churned
CUST_5444,45,Male,North America,2021-07-06,Premium,19.49,PayPal,Yes,Monthly,12.5,Documentary,5,9,9,0,0,10,Active,Not Churned
CUST_5445,27,Male,North America,2021-03-28,Basic,7.81,Direct Debit,Yes,Monthly,7.8,Action,2,3,8,0,1,25,Active,Not Churned
CUST_5446,28,Female,Asia Pacific,2022-07-30,Standard,14.75,Digital Wallet,Yes,Monthly,6.1,Drama,3,5,13,0,1,25,Active,Not Churned
CUST_5447,36,Male,Europe,2022-09-15,Standard,14.58,Digital Wallet,No,Annual,11.7,Anime,2,10,7,1,1,26,Active,Not Churned
CUST_5448,46,Female,Middle East & Africa,2024-02-26,Standard,14.24,Credit Card,No,Annual,22.9,Sci-Fi,3,10,11,1,2,16,Active,Not Churned
CUST_5449,51,Male,Europe,2025-03-05,Standard,14.11,Digital Wallet,No,Monthly,4.1,Action,5,4,5,2,1,19,Active,Not Churned
CUST_5450,39,Male,Asia Pacific,2022-01-05,Basic,7.34,PayPal,Yes,Monthly,9.4,Documentary,3,8,8,0,4,21,Active,Not Churned
CUST_5451,37,Female,North America,2023-10-07,Premium,20.04,Credit Card,Yes,Monthly,4.8,Action,3,4,7,4,1,32,Active,Not Churned
CUST_5452,25,Male,Europe,2025-03-07,Premium,19.8,Credit Card,Yes,Annual,4.7,Documentary,5,2,3,1,1,27,Active,Not Churned
CUST_5453,41,Other,Asia Pacific,2024-06-09,Standard,13.7,Digital Wallet,Yes,Monthly,16.0,Drama,4,9,8,2,1,11,Active,Not Churned
CUST_5454,23,Female,North America,2025-05-18,Standard,14.04,Digital Wallet,No,Monthly,14.6,Sci-Fi,6,7,5,2,0,22,Active,Not Churned
CUST_5455,45,Male,Asia Pacific,2023-04-12,Standard,13.83,Direct Debit,Yes,Annual,5.9,Anime,2,5,1,2,2,18,Active,Not Churned
CUST_5456,36,Other,Middle East & Africa,2023-10-17,Basic,8.29,Direct Debit,Yes,Annual,3.8,Drama,1,3,3,0,1,19,Active,Not Churned
CUST_5457,35,Male,Europe,2021-06-29,Basic,7.31,Direct Debit,Yes,Monthly,18.2,Comedy,4,10,12,0,0,14,Active,Not Churned
CUST_5458,47,Other,Asia Pacific,2021-08-30,Standard,14.02,Carrier Billing,Yes,Monthly,4.7,Sci-Fi,4,5,11,0,2,18,Churned,Technical issues
CUST_5459,35,Female,Asia Pacific,2022-01-02,Basic,7.68,Credit Card,No,Monthly,3.2,Thriller,4,6,0,1,0,17,Churned,Payment issues
CUST_5460,30,Female,Latin America,2022-02-05,Premium,19.85,Credit Card,Yes,Annual,6.1,Anime,5,5,6,1,2,25,Active,Not Churned
CUST_5461,37,Male,North America,2023-04-07,Standard,14.1,PayPal,Yes,Monthly,10.7,Comedy,2,9,6,0,2,16,Active,Not Churned
CUST_5462,26,Male,Asia Pacific,2021-02-07,Standard,13.6,Credit Card,Yes,Monthly,25.0,Comedy,3,17,16,1,0,0,Active,Not Churned
CUST_5463,36,Female,Asia Pacific,2024-08-17,Basic,8.05,PayPal,Yes,Monthly,5.4,Anime,2,3,3,1,1,29,Active,Not Churned
CUST_5464,32,Female,Asia Pacific,2022-06-06,Premium,19.92,Digital Wallet,No,Annual,17.2,Sci-Fi,1,11,15,3,0,7,Active,Not Churned
CUST_5465,27,Female,Asia Pacific,2022-12-01,Basic,7.76,Credit Card,Yes,Monthly,8.4,Family,4,5,10,1,2,36,Active,Not Churned
CUST_5466,58,Female,Latin America,2025-01-20,Basic,7.83,Direct Debit,Yes,Monthly,1.8,Sci-Fi,3,1,3,0,1,26,Active,Not Churned
CUST_5467,32,Female,Asia Pacific,2024-10-02,Basic,7.94,Digital Wallet,Yes,Monthly,5.5,Comedy,3,5,9,1,0,25,Active,Not Churned
CUST_5468,28,Male,North America,2022-07-05,Standard,13.72,PayPal,Yes,Monthly,14.7,Family,4,7,12,1,2,26,Active,Not Churned
CUST_5469,18,Female,Asia Pacific,2021-08-23,Premium,19.99,Credit Card,No,Annual,15.6,Family,2,10,15,1,1,12,Active,Not Churned
CUST_5470,27,Female,Asia Pacific,2025-01-26,Basic,7.89,Direct Debit,No,Annual,5.0,Drama,4,1,5,2,2,26,Churned,Switched to competitor
CUST_5471,42,Female,North America,2025-03-17,Premium,19.78,Direct Debit,No,Annual,13.9,Anime,7,9,13,2,0,20,Churned,Technical issues
CUST_5472,19,Female,Europe,2025-04-22,Basic,8.55,Credit Card,Yes,Monthly,7.3,Action,1,2,4,1,0,16,Active,Not Churned
CUST_5473,23,Female,North America,2022-04-29,Standard,14.14,Direct Debit,Yes,Annual,10.5,Family,5,8,5,0,0,6,Active,Not Churned
CUST_5474,44,Male,Europe,2025-04-13,Basic,7.86,Direct Debit,Yes,Monthly,15.7,Family,3,9,17,2,1,21,Active,Not Churned
CUST_5475,30,Male,Latin America,2024-11-03,Standard,14.04,Carrier Billing,No,Monthly,5.9,Drama,3,4,2,3,1,25,Churned,Lack of content
CUST_5476,29,Female,Latin America,2025-02-27,Standard,13.63,Carrier Billing,Yes,Monthly,6.9,Action,2,7,4,0,0,12,Active,Not Churned
CUST_5477,35,Female,Asia Pacific,2021-04-04,Standard,13.84,PayPal,Yes,Monthly,16.6,Drama,4,9,5,0,0,10,Active,Not Churned
CUST_5478,46,Female,North America,2021-12-23,Basic,7.88,Direct Debit,Yes,Monthly,22.9,Family,4,13,12,2,0,3,Active,Not Churned
CUST_5479,24,Female,Latin America,2022-03-12,Premium,19.55,Credit Card,No,Monthly,15.0,Sci-Fi,4,9,7,2,1,32,Active,Not Churned
CUST_5480,54,Male,Latin America,2024-01-25,Premium,20.13,Direct Debit,Yes,Monthly,11.4,Sci-Fi,2,8,6,0,1,24,Active,Not Churned
CUST_5481,35,Female,North America,2021-05-16,Standard,13.81,Credit Card,Yes,Monthly,13.7,Thriller,2,10,10,1,2,10,Active,Not Churned
CUST_5482,34,Female,Asia Pacific,2023-02-15,Standard,13.87,Credit Card,No,Monthly,6.2,Sci-Fi,4,6,7,0,1,18,Active,Not Churned
CUST_5483,40,Female,Asia Pacific,2021-02-17,Premium,19.79,PayPal,Yes,Monthly,10.1,Thriller,2,6,5,2,2,28,Churned,Too expensive
CUST_5484,18,Male,Asia Pacific,2022-02-14,Basic,9.03,Credit Card,Yes,Monthly,2.7,Thriller,5,5,1,3,0,16,Active,Not Churned
CUST_5485,37,Male,Asia Pacific,2025-04-29,Premium,19.76,Digital Wallet,Yes,Annual,7.6,Drama,1,4,9,0,1,19,Active,Not Churned
CUST_5486,36,Female,North America,2025-08-07,Basic,7.27,Credit Card,Yes,Annual,10.1,Sci-Fi,5,5,13,1,3,24,Active,Not Churned
CUST_5487,52,Female,North America,2024-02-04,Standard,13.43,Digital Wallet,No,Monthly,9.6,Sci-Fi,4,6,11,0,1,14,Active,Not Churned
CUST_5488,57,Male,Latin America,2025-10-26,Basic,8.26,Carrier Billing,Yes,Monthly,1.3,Documentary,2,4,0,1,3,36,Churned,Payment issues
CUST_5489,36,Female,Asia Pacific,2024-06-28,Basic,8.46,Carrier Billing,No,Monthly,6.8,Comedy,5,3,9,0,1,20,Churned,Too expensive
CUST_5490,35,Male,Latin America,2022-11-19,Standard,13.75,PayPal,Yes,Annual,9.5,Comedy,2,8,13,1,0,15,Active,Not Churned
CUST_5491,32,Female,Europe,2023-05-03,Standard,14.44,Credit Card,Yes,Annual,9.7,Family,6,6,2,0,2,23,Active,Not Churned
CUST_5492,34,Male,Middle East & Africa,2025-03-17,Premium,20.25,PayPal,No,Monthly,5.1,Thriller,2,3,8,3,1,40,Active,Not Churned
CUST_5493,30,Male,Europe,2024-10-20,Premium,19.92,Digital Wallet,Yes,Monthly,14.0,Family,7,10,10,2,0,13,Active,Not Churned
CUST_5494,44,Male,Asia Pacific,2025-12-19,Basic,7.9,Credit Card,Yes,Monthly,21.1,Action,4,11,13,0,2,28,Active,Not Churned
CUST_5495,48,Male,Europe,2023-09-01,Basic,8.05,Credit Card,Yes,Annual,12.9,Sci-Fi,1,12,9,1,2,10,Churned,Technical issues
CUST_5496,46,Female,Latin America,2025-09-26,Standard,14.3,Direct Debit,Yes,Monthly,8.8,Thriller,3,6,8,0,0,17,Active,Not Churned
CUST_5497,47,Female,Asia Pacific,2025-02-15,Standard,14.13,PayPal,Yes,Monthly,19.1,Thriller,4,11,16,0,2,20,Active,Not Churned
CUST_5498,39,Female,Middle East & Africa,2022-04-18,Standard,13.75,Credit Card,Yes,Monthly,6.2,Sci-Fi,3,7,9,1,1,33,Churned,Too expensive
CUST_5499,42,Male,Europe,2025-08-31,Premium,19.93,Credit Card,Yes,Monthly,13.2,Comedy,4,8,5,2,1,17,Active,Not Churned
CUST_5500,41,Male,Latin America,2021-02-10,Standard,14.68,Carrier Billing,No,Monthly,8.3,Anime,4,8,5,1,0,25,Active,Not Churned
CUST_5501,19,Male,Europe,2025-02-05,Basic,8.08,Credit Card,Yes,Monthly,18.5,Documentary,2,7,12,2,1,26,Active,Not Churned
CUST_5502,31,Male,Europe,2021-12-11,Standard,14.29,Credit Card,Yes,Monthly,4.9,Thriller,1,3,9,2,2,24,Active,Not Churned
CUST_5503,28,Male,Middle East & Africa,2023-01-06,Standard,14.18,Digital Wallet,Yes,Monthly,4.9,Drama,3,5,0,0,5,29,Churned,Low usage
CUST_5504,33,Male,Europe,2021-11-17,Standard,14.09,Carrier Billing,No,Annual,16.8,Sci-Fi,4,12,9,0,1,10,Active,Not Churned
CUST_5505,32,Female,North America,2021-01-07,Basic,8.03,Direct Debit,Yes,Monthly,10.7,Anime,3,8,3,2,2,13,Active,Not Churned
CUST_5506,40,Male,Asia Pacific,2022-05-06,Standard,14.3,Direct Debit,Yes,Annual,17.5,Thriller,3,11,8,3,1,16,Active,Not Churned
CUST_5507,30,Other,Latin America,2023-06-16,Standard,14.24,Credit Card,Yes,Monthly,5.2,Action,3,6,8,0,1,21,Active,Not Churned
CUST_5508,18,Female,North America,2022-11-18,Basic,8.08,PayPal,No,Annual,5.1,Anime,2,5,3,2,1,27,Active,Not Churned
CUST_5509,37,Male,Latin America,2021-09-22,Standard,13.75,Direct Debit,Yes,Monthly,10.3,Action,5,3,1,0,3,29,Active,Not Churned
CUST_5510,31,Male,Middle East & Africa,2025-01-14,Basic,8.12,Credit Card,Yes,Monthly,2.8,Comedy,2,5,3,1,2,20,Active,Not Churned
CUST_5511,39,Female,Asia Pacific,2024-09-21,Standard,13.97,Direct Debit,No,Monthly,9.9,Drama,3,5,14,1,1,40,Churned,Too expensive
CUST_5512,22,Female,Middle East & Africa,2022-09-26,Standard,13.88,Direct Debit,Yes,Monthly,6.8,Action,4,5,0,0,2,25,Active,Not Churned
CUST_5513,38,Other,North America,2023-08-16,Premium,20.93,Digital Wallet,No,Annual,9.6,Drama,4,7,9,1,2,30,Active,Not Churned
CUST_5514,25,Male,Asia Pacific,2025-07-05,Basic,7.45,Credit Card,Yes,Annual,12.0,Anime,3,8,13,1,1,21,Active,Not Churned
CUST_5515,18,Male,Middle East & Africa,2023-05-21,Basic,8.33,Credit Card,Yes,Monthly,12.4,Sci-Fi,5,6,9,1,0,30,Churned,Technical issues
CUST_5516,31,Other,Europe,2024-05-28,Basic,7.69,Credit Card,Yes,Monthly,20.5,Thriller,6,8,19,2,0,12,Active,Not Churned
CUST_5517,18,Male,Latin America,2021-08-18,Standard,14.04,Digital Wallet,Yes,Monthly,15.4,Drama,1,7,8,1,2,21,Active,Not Churned
CUST_5518,27,Female,Asia Pacific,2021-06-05,Basic,8.89,Direct Debit,Yes,Monthly,1.8,Action,7,4,7,1,1,21,Active,Not Churned
CUST_5519,35,Female,Europe,2023-05-01,Standard,13.65,Direct Debit,No,Monthly,5.2,Comedy,2,1,8,3,0,26,Churned,Lack of content
CUST_5520,20,Male,Middle East & Africa,2025-12-03,Basic,7.74,Direct Debit,Yes,Monthly,4.7,Thriller,3,2,4,2,0,29,Churned,Too expensive
CUST_5521,37,Male,Europe,2022-01-10,Basic,7.98,Credit Card,Yes,Annual,13.8,Action,3,9,5,0,1,13,Active,Not Churned
CUST_5522,20,Female,North America,2022-05-22,Standard,13.69,Direct Debit,Yes,Annual,19.5,Action,2,9,10,2,1,7,Active,Not Churned
CUST_5523,24,Female,North America,2024-09-13,Standard,14.3,Direct Debit,No,Monthly,4.1,Documentary,4,3,0,1,2,26,Active,Not Churned
CUST_5524,23,Male,Latin America,2024-07-09,Premium,19.8,Digital Wallet,Yes,Monthly,16.0,Action,3,10,13,0,1,10,Active,Not Churned
CUST_5525,40,Female,Asia Pacific,2021-11-08,Standard,14.22,Credit Card,No,Monthly,8.9,Comedy,5,6,8,0,2,28,Active,Not Churned
CUST_5526,36,Female,Asia Pacific,2024-12-23,Standard,13.52,Direct Debit,No,Monthly,8.2,Comedy,4,4,7,1,0,13,Active,Not Churned
CUST_5527,29,Male,North America,2023-03-26,Standard,13.36,PayPal,Yes,Monthly,6.2,Action,1,5,5,1,0,17,Active,Not Churned
CUST_5528,18,Male,Latin America,2022-11-15,Standard,13.91,Credit Card,Yes,Monthly,7.5,Family,1,6,10,0,0,13,Active,Not Churned
CUST_5529,33,Female,Asia Pacific,2022-07-17,Basic,7.44,Direct Debit,Yes,Monthly,9.2,Anime,3,4,8,1,0,28,Active,Not Churned
CUST_5530,22,Female,North America,2025-06-06,Standard,14.52,PayPal,Yes,Monthly,6.6,Drama,6,5,4,5,0,22,Active,Not Churned
CUST_5531,21,Male,Europe,2024-03-06,Standard,13.45,PayPal,Yes,Monthly,11.1,Comedy,3,6,9,0,0,26,Active,Not Churned
CUST_5532,40,Male,Europe,2025-01-18,Basic,7.63,PayPal,Yes,Monthly,7.5,Documentary,1,5,12,1,0,21,Active,Not Churned
CUST_5533,25,Male,Asia Pacific,2025-08-25,Standard,14.13,Digital Wallet,Yes,Annual,7.7,Thriller,1,7,8,1,1,23,Active,Not Churned
CUST_5534,34,Male,Europe,2024-11-07,Standard,13.78,Direct Debit,Yes,Monthly,12.2,Comedy,1,7,8,3,2,31,Active,Not Churned
CUST_5535,25,Male,Asia Pacific,2022-01-22,Standard,13.46,Credit Card,Yes,Annual,10.5,Sci-Fi,4,8,8,2,0,9,Active,Not Churned
CUST_5536,43,Female,Middle East & Africa,2025-06-03,Basic,8.7,PayPal,Yes,Monthly,1.4,Comedy,4,4,4,0,1,22,Active,Not Churned
CUST_5537,39,Male,Europe,2022-10-22,Standard,13.64,Credit Card,Yes,Monthly,11.3,Action,4,9,7,0,0,16,Active,Not Churned
CUST_5538,44,Male,Middle East & Africa,2022-09-25,Premium,19.92,Credit Card,No,Monthly,11.5,Drama,4,8,7,0,1,18,Active,Not Churned
CUST_5539,46,Other,Europe,2025-01-10,Basic,7.92,Credit Card,No,Annual,15.2,Sci-Fi,7,11,10,1,2,5,Active,Not Churned
CUST_5540,19,Male,Europe,2024-08-25,Standard,14.24,Credit Card,Yes,Monthly,10.4,Drama,5,7,12,1,1,24,Active,Not Churned
CUST_5541,54,Male,North America,2024-07-21,Basic,8.15,Carrier Billing,Yes,Monthly,6.6,Action,3,2,8,2,0,28,Active,Not Churned
CUST_5542,18,Female,Latin America,2023-06-15,Basic,7.7,Direct Debit,Yes,Monthly,5.3,Family,2,3,4,2,1,28,Churned,Technical issues
CUST_5543,28,Male,Latin America,2022-11-14,Premium,19.88,Credit Card,Yes,Monthly,4.4,Documentary,2,3,7,2,2,28,Active,Not Churned
CUST_5544,29,Male,North America,2024-06-17,Standard,13.91,Credit Card,Yes,Monthly,8.8,Thriller,3,6,7,2,1,0,Active,Not Churned
CUST_5545,18,Male,Middle East & Africa,2024-11-24,Standard,14.25,Digital Wallet,Yes,Monthly,5.5,Comedy,4,5,6,3,1,29,Active,Not Churned
CUST_5546,29,Female,Europe,2024-09-09,Basic,7.58,Credit Card,Yes,Monthly,16.5,Documentary,4,8,12,1,2,24,Active,Not Churned
CUST_5547,43,Male,Asia Pacific,2025-10-12,Premium,20.7,Direct Debit,Yes,Monthly,10.3,Anime,2,10,1,3,2,15,Churned,Lack of content
CUST_5548,35,Female,Middle East & Africa,2024-03-04,Basic,7.72,Direct Debit,Yes,Monthly,3.9,Comedy,2,3,0,0,1,15,Active,Not Churned
CUST_5549,18,Male,Asia Pacific,2024-06-15,Standard,13.99,Digital Wallet,Yes,Monthly,2.6,Comedy,5,3,4,2,2,25,Churned,Lack of content
CUST_5550,31,Other,Middle East & Africa,2025-03-26,Basic,7.58,Carrier Billing,Yes,Annual,2.5,Anime,3,2,1,3,0,35,Churned,Switched to competitor
CUST_5551,43,Female,Latin America,2021-06-15,Basic,7.54,Direct Debit,Yes,Monthly,10.1,Action,5,5,3,1,0,18,Active,Not Churned
CUST_5552,26,Male,Europe,2022-03-17,Standard,13.68,Direct Debit,No,Monthly,18.3,Action,4,10,10,1,0,13,Active,Not Churned
CUST_5553,30,Female,Europe,2025-06-22,Basic,7.65,PayPal,Yes,Annual,11.4,Anime,4,7,11,0,2,18,Active,Not Churned
CUST_5554,38,Male,Asia Pacific,2021-02-22,Standard,13.85,Credit Card,Yes,Monthly,8.3,Thriller,1,5,8,1,1,25,Active,Not Churned
CUST_5555,42,Male,Middle East & Africa,2024-03-12,Basic,7.65,Direct Debit,Yes,Annual,23.1,Action,4,16,17,0,2,0,Active,Not Churned
CUST_5556,40,Male,Middle East & Africa,2024-04-23,Standard,14.23,PayPal,Yes,Monthly,13.5,Sci-Fi,2,8,11,1,0,14,Active,Not Churned
CUST_5557,30,Female,North America,2024-01-24,Standard,13.72,PayPal,Yes,Monthly,10.4,Documentary,4,7,5,1,2,29,Active,Not Churned
CUST_5558,18,Male,Asia Pacific,2021-04-30,Standard,13.68,Direct Debit,Yes,Annual,7.2,Comedy,1,7,8,0,1,12,Active,Not Churned
CUST_5559,37,Male,Middle East & Africa,2025-01-16,Basic,7.85,Direct Debit,Yes,Monthly,18.1,Action,5,10,14,3,2,16,Active,Not Churned
CUST_5560,19,Female,Europe,2022-04-11,Standard,14.34,Direct Debit,Yes,Monthly,7.6,Anime,2,6,6,1,2,30,Churned,Too expensive
CUST_5561,33,Other,Asia Pacific,2023-12-08,Premium,20.07,Direct Debit,Yes,Monthly,6.7,Family,4,3,6,0,2,32,Churned,Switched to competitor
CUST_5562,25,Female,Asia Pacific,2021-11-14,Basic,7.96,Carrier Billing,Yes,Monthly,7.8,Family,2,3,9,2,2,32,Active,Not Churned
CUST_5563,32,Other,Asia Pacific,2021-02-11,Basic,7.49,Digital Wallet,No,Monthly,8.8,Thriller,3,6,5,2,2,27,Churned,Too expensive
CUST_5564,46,Male,North America,2022-09-25,Premium,19.59,PayPal,Yes,Annual,15.5,Family,2,9,14,3,0,19,Active,Not Churned
CUST_5565,37,Male,North America,2021-09-16,Basic,7.54,PayPal,Yes,Annual,4.7,Thriller,2,2,6,1,3,30,Churned,Too expensive
CUST_5566,45,Male,Asia Pacific,2025-12-13,Standard,14.45,Credit Card,Yes,Monthly,6.0,Drama,1,5,5,2,1,32,Active,Not Churned
CUST_5567,26,Female,Middle East & Africa,2025-07-20,Standard,14.18,Credit Card,Yes,Monthly,6.1,Thriller,3,5,10,2,1,21,Active,Not Churned
CUST_5568,37,Other,North America,2024-06-17,Basic,7.69,PayPal,Yes,Monthly,7.5,Thriller,3,4,2,2,3,22,Active,Not Churned
CUST_5569,23,Other,Asia Pacific,2022-12-10,Standard,13.79,PayPal,Yes,Annual,4.6,Documentary,2,3,3,0,1,15,Active,Not Churned
CUST_5570,32,Female,North America,2021-03-08,Standard,13.7,PayPal,No,Annual,17.1,Thriller,1,10,9,1,2,12,Active,Not Churned
CUST_5571,39,Female,Latin America,2023-06-27,Basic,7.68,PayPal,No,Monthly,2.5,Action,5,1,4,0,1,24,Active,Not Churned
CUST_5572,18,Female,Latin America,2025-11-16,Premium,20.15,Carrier Billing,No,Monthly,20.4,Sci-Fi,3,11,17,0,1,7,Active,Not Churned
CUST_5573,32,Male,Asia Pacific,2023-12-22,Basic,7.89,Credit Card,Yes,Annual,12.7,Thriller,3,9,6,5,0,10,Churned,Too expensive
CUST_5574,39,Female,Asia Pacific,2025-10-12,Standard,14.72,Direct Debit,Yes,Monthly,5.2,Comedy,1,4,15,1,2,29,Churned,Technical issues
CUST_5575,29,Female,Latin America,2024-03-22,Premium,20.43,PayPal,No,Annual,9.2,Drama,1,5,5,2,1,17,Churned,Lack of content
CUST_5576,42,Male,Asia Pacific,2024-07-28,Basic,8.45,Credit Card,No,Monthly,5.0,Action,4,2,6,1,0,30,Active,Not Churned
CUST_5577,33,Male,Asia Pacific,2021-04-07,Premium,20.22,Direct Debit,Yes,Monthly,14.8,Anime,2,7,10,0,1,23,Active,Not Churned
CUST_5578,20,Female,Asia Pacific,2024-11-27,Basic,7.84,Digital Wallet,Yes,Monthly,17.3,Sci-Fi,6,10,12,1,0,31,Active,Not Churned
CUST_5579,37,Female,North America,2022-12-02,Standard,14.2,Direct Debit,Yes,Annual,35.6,Comedy,4,23,19,2,0,0,Active,Not Churned
CUST_5580,34,Female,Europe,2021-11-04,Basic,7.87,Direct Debit,Yes,Monthly,11.0,Family,6,8,11,1,1,17,Active,Not Churned
CUST_5581,32,Male,Asia Pacific,2023-11-09,Standard,14.56,Credit Card,Yes,Monthly,3.3,Documentary,2,1,1,1,0,23,Active,Not Churned
CUST_5582,33,Male,Latin America,2023-09-06,Premium,20.13,Carrier Billing,Yes,Monthly,6.2,Sci-Fi,4,6,0,1,2,15,Active,Not Churned
CUST_5583,41,Male,North America,2022-11-30,Premium,20.08,Credit Card,Yes,Annual,12.6,Thriller,4,6,6,0,3,21,Active,Not Churned
CUST_5584,34,Male,Europe,2023-04-16,Premium,20.03,Carrier Billing,Yes,Annual,9.4,Comedy,5,6,12,1,0,14,Active,Not Churned
CUST_5585,40,Male,Europe,2022-08-14,Standard,14.6,Digital Wallet,Yes,Monthly,13.3,Sci-Fi,1,7,13,1,0,9,Active,Not Churned
CUST_5586,49,Male,Middle East & Africa,2024-04-19,Standard,13.49,Direct Debit,Yes,Monthly,10.5,Thriller,2,10,2,2,1,17,Active,Not Churned
CUST_5587,41,Female,Europe,2021-05-29,Standard,14.63,Credit Card,No,Monthly,5.2,Thriller,5,2,7,2,1,21,Churned,Low usage
CUST_5588,34,Female,North America,2024-09-02,Premium,19.92,PayPal,Yes,Annual,8.6,Anime,3,6,1,1,1,25,Churned,Lack of content
CUST_5589,33,Male,Middle East & Africa,2023-09-20,Standard,13.5,Carrier Billing,No,Monthly,13.6,Comedy,2,7,9,2,0,25,Active,Not Churned
CUST_5590,31,Male,Europe,2022-04-15,Premium,19.73,Credit Card,Yes,Annual,12.2,Thriller,4,9,5,1,3,14,Churned,Too expensive
CUST_5591,34,Male,Middle East & Africa,2022-11-03,Basic,7.41,Credit Card,Yes,Monthly,12.7,Documentary,3,8,12,1,1,27,Active,Not Churned
CUST_5592,35,Male,North America,2022-06-03,Standard,14.22,Credit Card,Yes,Annual,4.0,Comedy,3,6,6,1,1,24,Active,Not Churned
CUST_5593,27,Female,Middle East & Africa,2025-02-09,Standard,13.63,Direct Debit,No,Monthly,5.4,Comedy,5,5,8,3,2,26,Active,Not Churned
CUST_5594,29,Male,Middle East & Africa,2025-05-16,Basic,8.05,Credit Card,Yes,Monthly,15.7,Thriller,2,8,10,0,1,4,Active,Not Churned
CUST_5595,25,Male,Europe,2024-04-01,Basic,8.39,Credit Card,Yes,Monthly,3.4,Thriller,3,8,3,1,2,8,Active,Not Churned
CUST_5596,41,Female,North America,2022-05-19,Premium,19.75,Carrier Billing,Yes,Monthly,14.2,Drama,4,10,5,2,0,25,Active,Not Churned
CUST_5597,36,Male,Europe,2025-07-05,Standard,13.9,Direct Debit,No,Monthly,3.8,Thriller,2,2,1,0,1,36,Active,Not Churned
CUST_5598,34,Male,North America,2022-10-08,Basic,7.53,PayPal,Yes,Monthly,8.7,Sci-Fi,5,6,10,1,1,32,Active,Not Churned
CUST_5599,27,Female,Latin America,2023-01-29,Basic,7.85,Credit Card,Yes,Annual,6.0,Comedy,2,6,6,1,0,32,Active,Not Churned
CUST_5600,40,Other,North America,2024-07-14,Standard,14.89,Credit Card,Yes,Monthly,5.2,Comedy,3,5,5,2,0,32,Churned,Technical issues
CUST_5601,27,Female,North America,2024-01-24,Standard,14.26,Credit Card,Yes,Monthly,9.8,Comedy,2,7,11,2,1,22,Active,Not Churned
CUST_5602,27,Female,Asia Pacific,2024-08-01,Premium,19.9,Credit Card,Yes,Monthly,17.3,Thriller,5,12,8,1,0,13,Churned,Lack of content
CUST_5603,41,Male,Latin America,2021-02-06,Premium,19.78,Credit Card,Yes,Monthly,7.2,Anime,3,7,8,0,0,12,Active,Not Churned
CUST_5604,30,Male,North America,2022-11-23,Standard,13.98,PayPal,Yes,Monthly,2.3,Comedy,1,1,0,0,4,36,Active,Not Churned
CUST_5605,37,Male,Europe,2021-11-08,Standard,14.04,Credit Card,Yes,Annual,8.2,Documentary,3,9,11,2,2,24,Active,Not Churned
CUST_5606,29,Female,Asia Pacific,2025-11-12,Basic,7.84,Credit Card,Yes,Monthly,4.4,Sci-Fi,3,7,6,1,1,25,Active,Not Churned
CUST_5607,32,Female,Europe,2021-04-08,Premium,20.18,Carrier Billing,No,Monthly,15.1,Sci-Fi,3,10,13,0,1,12,Active,Not Churned
CUST_5608,33,Other,Asia Pacific,2022-09-28,Basic,7.66,Carrier Billing,Yes,Annual,6.0,Family,5,5,3,2,1,10,Active,Not Churned
CUST_5609,44,Female,Asia Pacific,2025-10-22,Basic,7.65,PayPal,Yes,Monthly,5.3,Sci-Fi,3,4,11,0,0,11,Active,Not Churned
CUST_5610,38,Female,Asia Pacific,2022-04-24,Premium,20.12,Digital Wallet,Yes,Monthly,8.5,Documentary,1,5,13,0,2,27,Active,Not Churned
CUST_5611,39,Male,Latin America,2025-02-23,Premium,19.58,Digital Wallet,Yes,Monthly,17.3,Anime,3,10,13,1,0,9,Active,Not Churned
CUST_5612,39,Female,North America,2021-05-23,Basic,8.25,PayPal,Yes,Annual,10.5,Documentary,2,3,11,0,2,32,Active,Not Churned
CUST_5613,44,Female,North America,2025-01-24,Standard,13.99,Direct Debit,No,Monthly,4.7,Anime,4,7,4,4,0,12,Active,Not Churned
CUST_5614,50,Male,North America,2022-12-13,Standard,13.35,Carrier Billing,Yes,Monthly,4.0,Drama,5,6,0,0,2,31,Active,Not Churned
CUST_5615,39,Female,Middle East & Africa,2024-07-13,Basic,8.03,Carrier Billing,Yes,Monthly,18.3,Family,1,8,14,1,1,11,Active,Not Churned
CUST_5616,25,Female,Europe,2024-02-15,Basic,7.4,Credit Card,Yes,Monthly,5.2,Drama,5,6,2,1,0,30,Active,Not Churned
CUST_5617,37,Male,Europe,2024-05-23,Basic,8.23,PayPal,Yes,Monthly,15.6,Documentary,7,9,15,2,2,8,Active,Not Churned
CUST_5618,47,Male,Europe,2021-06-13,Standard,13.9,PayPal,Yes,Monthly,8.0,Sci-Fi,3,5,10,0,1,26,Active,Not Churned
CUST_5619,21,Other,Latin America,2022-09-17,Standard,14.64,Credit Card,No,Annual,5.5,Sci-Fi,2,5,6,1,1,16,Active,Not Churned
CUST_5620,51,Male,Europe,2021-01-03,Standard,14.36,Direct Debit,Yes,Annual,5.7,Drama,1,1,6,0,0,27,Active,Not Churned
CUST_5621,41,Female,Asia Pacific,2025-08-17,Basic,7.62,Credit Card,Yes,Monthly,7.5,Documentary,2,5,9,0,0,27,Active,Not Churned
CUST_5622,37,Male,North America,2022-12-14,Premium,19.28,Credit Card,Yes,Annual,3.6,Action,2,3,5,0,1,31,Churned,Technical issues
CUST_5623,31,Female,Latin America,2025-08-09,Standard,13.73,Credit Card,No,Monthly,5.6,Thriller,2,4,4,0,1,18,Active,Not Churned
CUST_5624,29,Male,Middle East & Africa,2023-06-09,Premium,19.56,Digital Wallet,Yes,Monthly,24.1,Thriller,3,11,11,0,3,11,Active,Not Churned
CUST_5625,44,Female,Europe,2025-01-26,Basic,8.63,Credit Card,Yes,Annual,25.8,Thriller,3,15,19,0,0,0,Active,Not Churned
CUST_5626,21,Male,North America,2022-05-12,Standard,13.99,Carrier Billing,Yes,Monthly,5.9,Action,4,6,6,1,4,14,Churned,Too expensive
CUST_5627,56,Male,Europe,2023-01-27,Premium,20.32,Carrier Billing,Yes,Monthly,13.9,Family,4,9,18,2,0,9,Active,Not Churned
CUST_5628,43,Female,North America,2021-05-15,Basic,7.89,PayPal,No,Monthly,10.3,Action,6,6,7,2,2,18,Active,Not Churned
CUST_5629,39,Female,Middle East & Africa,2025-06-04,Basic,7.93,Credit Card,Yes,Annual,3.6,Comedy,7,8,5,1,2,9,Active,Not Churned
CUST_5630,38,Other,Middle East & Africa,2024-08-15,Basic,7.98,Direct Debit,Yes,Monthly,12.0,Sci-Fi,2,6,10,0,1,19,Active,Not Churned
CUST_5631,27,Female,Europe,2022-12-05,Basic,8.38,Direct Debit,Yes,Annual,6.4,Family,2,6,7,3,0,21,Active,Not Churned
CUST_5632,36,Male,Latin America,2022-09-01,Standard,14.1,Direct Debit,Yes,Annual,9.2,Documentary,1,7,4,1,2,21,Active,Not Churned
CUST_5633,19,Female,Latin America,2024-04-11,Basic,7.62,PayPal,Yes,Annual,13.4,Drama,2,12,9,0,2,6,Active,Not Churned
CUST_5634,23,Female,Latin America,2022-02-24,Basic,8.56,Credit Card,Yes,Annual,6.6,Documentary,3,5,8,1,2,21,Churned,Lack of content
CUST_5635,18,Male,North America,2024-04-13,Standard,13.89,Digital Wallet,Yes,Monthly,7.3,Drama,5,6,5,0,3,21,Active,Not Churned
CUST_5636,35,Male,Latin America,2022-12-19,Basic,7.83,Direct Debit,Yes,Monthly,11.2,Sci-Fi,5,8,11,1,1,23,Active,Not Churned
CUST_5637,30,Female,Europe,2023-07-29,Basic,7.0,Direct Debit,Yes,Annual,15.8,Action,2,7,11,0,1,14,Active,Not Churned
CUST_5638,32,Male,Latin America,2023-01-04,Standard,14.21,PayPal,Yes,Monthly,11.6,Action,5,6,10,3,2,13,Active,Not Churned
CUST_5639,36,Female,Europe,2022-10-18,Basic,8.03,Credit Card,No,Annual,6.8,Family,4,4,9,2,0,22,Active,Not Churned
CUST_5640,46,Female,Middle East & Africa,2022-08-28,Basic,8.02,Direct Debit,Yes,Annual,14.9,Documentary,5,11,10,1,1,10,Active,Not Churned
CUST_5641,19,Female,North America,2022-06-16,Basic,7.85,PayPal,Yes,Annual,10.1,Action,1,7,3,0,0,5,Active,Not Churned
CUST_5642,48,Male,North America,2024-09-30,Basic,7.79,PayPal,Yes,Monthly,17.8,Comedy,2,10,11,1,2,13,Active,Not Churned
CUST_5643,35,Female,North America,2022-02-27,Standard,13.86,PayPal,Yes,Monthly,21.2,Thriller,3,15,11,2,1,1,Active,Not Churned
CUST_5644,29,Male,Europe,2024-07-21,Basic,8.15,Carrier Billing,Yes,Annual,10.7,Drama,4,3,2,5,0,28,Churned,Lack of content
CUST_5645,37,Male,Europe,2024-08-18,Basic,8.21,Carrier Billing,Yes,Monthly,17.1,Thriller,3,8,11,1,1,21,Churned,Lack of content
CUST_5646,38,Male,Latin America,2021-03-07,Premium,19.91,Carrier Billing,Yes,Annual,19.4,Action,4,7,13,2,2,19,Active,Not Churned
CUST_5647,46,Female,North America,2024-05-29,Premium,20.32,PayPal,Yes,Monthly,9.8,Drama,2,9,10,0,0,17,Active,Not Churned
CUST_5648,32,Male,North America,2022-10-04,Basic,7.96,Direct Debit,Yes,Monthly,17.4,Anime,6,10,8,0,0,9,Active,Not Churned
CUST_5649,21,Female,Asia Pacific,2024-05-01,Basic,7.81,Credit Card,No,Monthly,8.7,Comedy,4,8,7,1,3,19,Churned,Low usage
CUST_5650,20,Female,Latin America,2023-11-08,Standard,14.06,Credit Card,No,Annual,13.4,Thriller,3,8,13,2,2,18,Active,Not Churned
CUST_5651,41,Male,Asia Pacific,2022-01-17,Premium,19.51,Direct Debit,Yes,Monthly,10.2,Thriller,2,8,6,0,1,15,Active,Not Churned
CUST_5652,39,Female,Latin America,2025-03-02,Premium,20.07,Digital Wallet,Yes,Monthly,4.9,Action,2,4,6,0,1,14,Active,Not Churned
CUST_5653,52,Female,Latin America,2025-09-01,Basic,7.45,Direct Debit,Yes,Monthly,23.9,Comedy,6,14,20,1,1,0,Active,Not Churned
CUST_5654,20,Male,North America,2022-08-03,Basic,7.63,Digital Wallet,Yes,Monthly,12.4,Family,2,8,3,1,0,24,Active,Not Churned
CUST_5655,39,Male,Europe,2023-01-17,Standard,13.28,PayPal,Yes,Annual,13.7,Anime,6,9,10,2,0,17,Active,Not Churned
CUST_5656,43,Male,Middle East & Africa,2021-02-20,Premium,19.93,PayPal,No,Annual,11.2,Comedy,3,10,12,4,2,16,Active,Not Churned
CUST_5657,37,Male,Latin America,2021-02-16,Premium,20.55,Carrier Billing,Yes,Annual,19.3,Anime,6,8,12,3,2,29,Active,Not Churned
CUST_5658,32,Male,Middle East & Africa,2025-03-26,Basic,7.95,PayPal,Yes,Monthly,7.7,Drama,3,5,10,1,0,41,Churned,Technical issues
CUST_5659,31,Female,Middle East & Africa,2025-06-30,Standard,14.22,Credit Card,Yes,Monthly,8.7,Family,3,6,9,0,0,8,Active,Not Churned
CUST_5660,31,Male,North America,2024-07-31,Basic,8.81,Credit Card,Yes,Monthly,4.0,Thriller,3,4,10,0,0,21,Active,Not Churned
CUST_5661,37,Female,Asia Pacific,2025-04-11,Standard,14.13,Credit Card,Yes,Monthly,10.5,Comedy,5,6,10,0,2,26,Active,Not Churned
CUST_5662,46,Male,Latin America,2023-10-25,Premium,19.72,Credit Card,No,Monthly,18.8,Comedy,3,10,18,1,0,1,Active,Not Churned
CUST_5663,21,Male,Asia Pacific,2022-07-28,Standard,13.77,Digital Wallet,Yes,Monthly,8.4,Thriller,2,8,8,2,0,6,Active,Not Churned
CUST_5664,30,Male,North America,2023-12-08,Basic,7.99,Credit Card,Yes,Annual,3.7,Anime,4,3,0,0,2,34,Active,Not Churned
CUST_5665,49,Male,Asia Pacific,2022-12-11,Standard,13.77,Credit Card,Yes,Monthly,15.5,Sci-Fi,7,14,9,0,1,6,Active,Not Churned
CUST_5666,21,Female,Asia Pacific,2024-10-07,Standard,13.79,Direct Debit,Yes,Monthly,12.0,Drama,3,8,12,1,1,13,Active,Not Churned
CUST_5667,38,Male,Asia Pacific,2022-01-09,Premium,20.33,Digital Wallet,Yes,Monthly,24.3,Anime,4,13,18,0,2,0,Active,Not Churned
CUST_5668,18,Male,Latin America,2023-08-22,Basic,8.35,Credit Card,Yes,Monthly,5.0,Family,6,5,4,0,1,24,Active,Not Churned
CUST_5669,29,Male,North America,2025-04-22,Premium,19.41,Credit Card,Yes,Monthly,14.4,Comedy,3,9,15,0,0,3,Active,Not Churned
CUST_5670,25,Male,Europe,2024-02-05,Basic,7.7,Credit Card,No,Monthly,3.5,Documentary,5,6,3,2,3,19,Active,Not Churned
CUST_5671,45,Female,North America,2021-06-22,Basic,7.83,PayPal,Yes,Monthly,8.3,Action,2,4,8,1,1,18,Active,Not Churned
CUST_5672,22,Male,Asia Pacific,2025-12-23,Basic,8.2,Credit Card,Yes,Monthly,9.3,Thriller,3,3,8,4,1,27,Active,Not Churned
CUST_5673,23,Other,North America,2023-08-27,Basic,8.39,Credit Card,Yes,Monthly,2.6,Documentary,4,3,0,0,1,17,Active,Not Churned
CUST_5674,25,Male,Europe,2022-02-11,Basic,8.94,Credit Card,No,Monthly,16.1,Action,3,11,11,1,0,4,Active,Not Churned
CUST_5675,29,Female,Latin America,2024-10-16,Standard,13.83,Digital Wallet,Yes,Monthly,14.3,Family,2,9,17,1,4,28,Active,Not Churned
CUST_5676,30,Female,North America,2024-02-29,Basic,7.84,Direct Debit,Yes,Monthly,11.3,Family,4,8,5,1,1,19,Active,Not Churned
CUST_5677,28,Female,Europe,2021-09-13,Basic,8.2,Digital Wallet,Yes,Monthly,3.7,Documentary,2,4,6,1,0,23,Churned,Technical issues
CUST_5678,37,Female,Latin America,2024-12-09,Basic,7.75,Direct Debit,Yes,Monthly,5.4,Documentary,3,2,2,0,1,30,Active,Not Churned
CUST_5679,23,Male,Latin America,2023-03-19,Basic,7.94,Digital Wallet,Yes,Monthly,14.5,Sci-Fi,3,9,7,1,2,10,Active,Not Churned
CUST_5680,38,Female,Latin America,2021-09-27,Premium,19.84,PayPal,No,Monthly,10.3,Action,1,9,3,4,0,20,Active,Not Churned
CUST_5681,26,Male,Asia Pacific,2021-09-24,Premium,19.07,Carrier Billing,Yes,Monthly,9.3,Sci-Fi,4,6,10,2,4,31,Active,Not Churned
CUST_5682,18,Male,Asia Pacific,2025-08-09,Basic,8.03,Digital Wallet,No,Annual,17.1,Family,4,8,9,1,2,12,Active,Not Churned
CUST_5683,32,Male,Asia Pacific,2022-07-24,Standard,13.93,PayPal,No,Monthly,9.8,Anime,2,6,11,3,4,33,Active,Not Churned
CUST_5684,38,Male,Asia Pacific,2022-06-18,Standard,14.43,Carrier Billing,Yes,Monthly,4.6,Family,2,5,3,1,1,24,Active,Not Churned
CUST_5685,24,Male,Europe,2024-07-01,Premium,19.99,Digital Wallet,Yes,Monthly,16.4,Family,4,13,11,2,0,10,Active,Not Churned
CUST_5686,35,Female,North America,2024-11-06,Basic,7.55,Direct Debit,No,Monthly,3.6,Drama,5,1,5,0,0,38,Churned,Technical issues
CUST_5687,29,Female,Latin America,2021-06-26,Basic,7.9,Credit Card,No,Annual,8.3,Documentary,3,6,2,0,1,21,Active,Not Churned
CUST_5688,28,Female,Asia Pacific,2024-02-14,Standard,13.26,Carrier Billing,Yes,Monthly,10.6,Documentary,3,5,8,2,1,17,Active,Not Churned
CUST_5689,40,Female,Latin America,2023-10-26,Premium,19.57,Credit Card,Yes,Monthly,14.7,Family,3,10,11,2,0,15,Active,Not Churned
CUST_5690,40,Male,Europe,2023-10-01,Standard,14.21,Digital Wallet,Yes,Annual,3.7,Comedy,2,4,7,3,0,25,Active,Not Churned
CUST_5691,22,Female,Asia Pacific,2021-06-16,Standard,13.9,Carrier Billing,No,Monthly,2.0,Action,4,2,0,1,1,20,Active,Not Churned
CUST_5692,24,Female,Middle East & Africa,2025-08-20,Basic,8.31,Credit Card,Yes,Monthly,1.4,Action,3,3,0,0,2,13,Active,Not Churned
CUST_5693,41,Female,North America,2025-11-11,Standard,13.3,Direct Debit,No,Annual,19.0,Sci-Fi,2,13,14,0,0,6,Active,Not Churned
CUST_5694,23,Female,Europe,2023-02-18,Premium,19.91,Digital Wallet,Yes,Monthly,4.6,Thriller,4,4,9,0,0,28,Churned,Low usage
CUST_5695,25,Male,Europe,2024-04-24,Standard,13.82,Credit Card,No,Monthly,21.7,Sci-Fi,2,10,12,2,2,24,Churned,Too expensive
CUST_5696,31,Male,Middle East & Africa,2023-04-23,Standard,14.32,Direct Debit,Yes,Monthly,16.0,Family,4,12,7,1,0,11,Active,Not Churned
CUST_5697,28,Female,North America,2023-01-04,Standard,14.23,Credit Card,No,Annual,5.1,Thriller,2,6,4,0,1,31,Active,Not Churned
CUST_5698,29,Male,Latin America,2023-08-29,Standard,14.21,PayPal,Yes,Monthly,2.5,Family,6,4,0,0,2,26,Churned,Low usage
CUST_5699,31,Male,North America,2023-07-30,Standard,14.53,Digital Wallet,No,Monthly,9.4,Action,6,5,8,2,2,24,Churned,Technical issues
CUST_5700,32,Female,Middle East & Africa,2025-06-30,Standard,13.86,PayPal,Yes,Monthly,6.6,Action,1,7,2,2,1,22,Churned,Too expensive
CUST_5701,36,Male,North America,2023-08-27,Premium,20.46,Credit Card,Yes,Monthly,19.2,Family,2,15,15,0,2,1,Active,Not Churned
CUST_5702,35,Female,North America,2025-12-01,Standard,13.62,PayPal,Yes,Monthly,10.5,Comedy,3,7,8,1,1,11,Active,Not Churned
CUST_5703,51,Male,Middle East & Africa,2022-06-15,Basic,7.61,Credit Card,Yes,Monthly,8.4,Action,2,6,10,0,2,15,Active,Not Churned
CUST_5704,40,Male,Middle East & Africa,2025-10-01,Standard,14.25,Carrier Billing,Yes,Monthly,8.0,Drama,4,4,0,2,0,20,Active,Not Churned
CUST_5705,33,Female,Europe,2024-05-16,Basic,7.46,Carrier Billing,Yes,Monthly,12.7,Action,2,7,4,0,0,23,Active,Not Churned
CUST_5706,50,Female,Asia Pacific,2025-03-31,Basic,8.19,Direct Debit,Yes,Monthly,7.9,Thriller,3,4,10,0,0,11,Active,Not Churned
CUST_5707,25,Male,North America,2023-08-20,Basic,8.03,Direct Debit,Yes,Monthly,23.4,Family,4,13,13,1,1,2,Active,Not Churned
CUST_5708,53,Male,Middle East & Africa,2023-05-31,Standard,14.37,Digital Wallet,Yes,Annual,3.3,Thriller,5,3,0,2,1,33,Churned,Low usage
CUST_5709,60,Male,Latin America,2021-10-29,Basic,7.97,Credit Card,No,Monthly,6.8,Action,5,6,5,1,1,19,Active,Not Churned
CUST_5710,43,Male,Middle East & Africa,2022-06-01,Basic,8.01,Credit Card,Yes,Monthly,11.6,Documentary,3,6,9,2,2,23,Active,Not Churned
CUST_5711,32,Female,Latin America,2021-05-27,Premium,20.17,Direct Debit,No,Monthly,12.7,Action,2,8,9,0,1,14,Active,Not Churned
CUST_5712,44,Other,Asia Pacific,2025-09-26,Basic,7.76,Direct Debit,Yes,Monthly,23.4,Drama,3,11,16,0,0,23,Active,Not Churned
CUST_5713,46,Female,Europe,2022-07-25,Standard,13.74,PayPal,Yes,Monthly,5.8,Action,1,5,6,1,1,27,Churned,Switched to competitor
CUST_5714,25,Male,Middle East & Africa,2021-09-28,Premium,20.16,Credit Card,No,Monthly,2.8,Thriller,3,1,4,0,0,28,Churned,Technical issues
CUST_5715,42,Male,Europe,2024-10-24,Standard,13.98,PayPal,Yes,Monthly,15.3,Drama,2,9,14,0,0,14,Active,Not Churned
CUST_5716,32,Male,Middle East & Africa,2021-03-10,Basic,7.85,Credit Card,Yes,Monthly,9.6,Family,3,6,7,1,1,24,Active,Not Churned
CUST_5717,26,Female,North America,2024-11-23,Basic,7.96,Credit Card,Yes,Monthly,14.7,Action,4,9,10,1,1,29,Active,Not Churned
CUST_5718,37,Male,Asia Pacific,2023-08-29,Standard,14.55,Digital Wallet,No,Monthly,11.1,Sci-Fi,3,4,11,1,1,22,Active,Not Churned
CUST_5719,35,Female,Asia Pacific,2024-10-07,Standard,13.83,PayPal,Yes,Monthly,1.9,Family,3,4,5,1,2,27,Churned,Too expensive
CUST_5720,21,Female,Europe,2024-01-05,Basic,7.82,PayPal,Yes,Annual,10.8,Drama,3,6,5,0,3,24,Active,Not Churned
CUST_5721,48,Male,Europe,2024-12-19,Standard,13.39,Credit Card,No,Monthly,5.8,Sci-Fi,1,5,5,0,0,26,Churned,Technical issues
CUST_5722,36,Male,Latin America,2024-05-27,Standard,13.98,Digital Wallet,Yes,Monthly,7.5,Drama,3,2,7,2,1,41,Active,Not Churned
CUST_5723,42,Male,Europe,2024-12-02,Basic,8.22,PayPal,Yes,Monthly,7.7,Action,3,3,4,1,2,24,Active,Not Churned
CUST_5724,43,Male,Asia Pacific,2023-01-16,Standard,14.28,Direct Debit,No,Annual,4.3,Thriller,4,3,3,1,0,28,Churned,Switched to competitor
CUST_5725,27,Female,Asia Pacific,2022-09-26,Basic,8.03,Credit Card,Yes,Annual,5.0,Drama,4,6,1,0,0,19,Active,Not Churned
CUST_5726,56,Female,North America,2025-03-03,Basic,8.32,PayPal,Yes,Annual,13.2,Sci-Fi,3,9,1,2,0,6,Active,Not Churned
CUST_5727,55,Female,Europe,2022-07-21,Premium,20.25,Credit Card,Yes,Annual,15.2,Sci-Fi,4,9,9,2,2,26,Active,Not Churned
CUST_5728,24,Male,Europe,2024-05-26,Basic,8.38,PayPal,No,Annual,2.3,Action,3,1,4,1,0,39,Active,Not Churned
CUST_5729,35,Female,Europe,2021-10-27,Standard,14.33,Carrier Billing,No,Annual,10.3,Thriller,2,5,4,0,1,27,Active,Not Churned
CUST_5730,36,Female,North America,2025-03-25,Standard,14.54,Credit Card,No,Monthly,14.7,Action,4,9,14,0,1,10,Churned,Technical issues
CUST_5731,28,Male,North America,2022-07-31,Basic,7.93,PayPal,Yes,Monthly,9.0,Comedy,1,7,4,1,2,12,Active,Not Churned
CUST_5732,30,Female,Latin America,2025-04-20,Premium,19.53,Credit Card,Yes,Monthly,12.0,Drama,7,8,11,1,1,22,Active,Not Churned
CUST_5733,58,Other,Europe,2025-09-16,Basic,8.22,Credit Card,No,Annual,2.5,Action,3,6,5,0,0,11,Active,Not Churned
CUST_5734,29,Female,Middle East & Africa,2025-06-10,Basic,8.26,PayPal,No,Monthly,16.8,Sci-Fi,4,9,18,1,1,9,Active,Not Churned
CUST_5735,54,Female,North America,2024-04-28,Premium,20.54,Digital Wallet,Yes,Annual,5.8,Thriller,5,5,7,1,1,24,Active,Not Churned
CUST_5736,46,Female,Latin America,2023-12-21,Standard,14.44,PayPal,Yes,Monthly,7.3,Family,5,2,2,0,1,32,Active,Not Churned
CUST_5737,39,Male,Europe,2023-05-03,Standard,14.67,Direct Debit,Yes,Monthly,14.8,Action,4,9,13,1,0,12,Active,Not Churned
CUST_5738,48,Male,Asia Pacific,2021-06-30,Basic,8.21,Carrier Billing,Yes,Annual,20.3,Family,6,14,18,0,0,3,Active,Not Churned
CUST_5739,43,Male,Asia Pacific,2024-05-25,Basic,8.07,Credit Card,Yes,Monthly,6.9,Documentary,5,3,0,0,1,24,Churned,Too expensive
CUST_5740,40,Male,North America,2022-01-17,Standard,13.51,Credit Card,Yes,Annual,27.4,Comedy,3,17,19,0,0,0,Active,Not Churned
CUST_5741,45,Female,North America,2023-09-11,Basic,8.1,Credit Card,No,Monthly,9.2,Sci-Fi,3,9,10,0,1,12,Active,Not Churned
CUST_5742,29,Female,Latin America,2021-12-10,Basic,7.8,Credit Card,Yes,Monthly,8.6,Comedy,1,5,6,2,2,14,Active,Not Churned
CUST_5743,32,Female,North America,2022-12-28,Standard,14.06,Credit Card,Yes,Annual,4.9,Drama,1,5,0,0,1,27,Churned,Payment issues
CUST_5744,20,Male,North America,2023-06-09,Basic,8.01,Direct Debit,Yes,Monthly,6.7,Family,3,8,5,0,0,34,Active,Not Churned
CUST_5745,42,Female,Asia Pacific,2023-08-19,Basic,8.16,PayPal,No,Monthly,9.7,Action,6,7,6,0,0,17,Active,Not Churned
CUST_5746,28,Female,North America,2021-10-23,Basic,7.96,Credit Card,Yes,Monthly,11.7,Sci-Fi,5,9,13,1,1,24,Active,Not Churned
CUST_5747,20,Male,Latin America,2025-02-21,Standard,14.32,Credit Card,No,Annual,12.1,Thriller,5,4,8,3,2,27,Active,Not Churned
CUST_5748,40,Male,Europe,2022-07-22,Standard,13.04,PayPal,No,Monthly,6.9,Comedy,4,6,5,0,1,11,Active,Not Churned
CUST_5749,32,Female,Europe,2024-03-23,Premium,20.06,Credit Card,Yes,Monthly,20.2,Drama,4,13,11,2,0,24,Active,Not Churned
CUST_5750,51,Female,North America,2022-02-15,Basic,8.41,Credit Card,Yes,Monthly,8.8,Comedy,7,4,8,0,0,16,Active,Not Churned
CUST_5751,43,Female,Europe,2024-07-16,Basic,8.64,Credit Card,Yes,Monthly,8.4,Family,2,4,7,0,0,28,Active,Not Churned
CUST_5752,48,Male,Europe,2024-12-06,Standard,14.25,PayPal,Yes,Monthly,4.7,Anime,3,5,2,0,0,21,Active,Not Churned
CUST_5753,34,Female,Latin America,2021-05-29,Standard,14.58,Credit Card,Yes,Annual,13.1,Action,4,8,10,0,0,23,Active,Not Churned
CUST_5754,38,Female,Asia Pacific,2024-05-15,Standard,14.05,PayPal,Yes,Monthly,8.8,Thriller,2,8,5,2,0,17,Active,Not Churned
CUST_5755,44,Female,Middle East & Africa,2021-02-13,Premium,19.99,Credit Card,Yes,Annual,9.0,Action,3,7,0,2,3,16,Churned,Too expensive
CUST_5756,18,Female,North America,2025-02-07,Standard,14.18,Digital Wallet,Yes,Annual,3.9,Drama,5,4,6,1,0,18,Active,Not Churned
CUST_5757,19,Male,Asia Pacific,2023-02-15,Standard,13.99,Direct Debit,Yes,Annual,4.0,Anime,4,3,6,0,2,43,Churned,Too expensive
CUST_5758,34,Female,North America,2021-01-26,Premium,19.72,PayPal,Yes,Monthly,12.4,Action,3,8,9,1,2,22,Active,Not Churned
CUST_5759,18,Female,Europe,2024-08-29,Basic,7.81,Carrier Billing,Yes,Annual,19.7,Action,6,13,12,1,1,24,Active,Not Churned
CUST_5760,26,Female,North America,2024-07-04,Premium,19.6,Carrier Billing,Yes,Monthly,9.3,Anime,4,7,7,1,1,17,Active,Not Churned
CUST_5761,40,Female,Europe,2024-09-24,Standard,14.17,Direct Debit,No,Monthly,8.0,Family,6,5,9,0,1,27,Active,Not Churned
CUST_5762,38,Male,Asia Pacific,2021-01-21,Standard,13.99,PayPal,Yes,Monthly,13.2,Action,3,10,7,1,1,5,Active,Not Churned
CUST_5763,41,Male,Latin America,2025-07-18,Premium,19.86,PayPal,Yes,Monthly,18.5,Family,4,12,15,2,1,12,Active,Not Churned
CUST_5764,23,Other,Asia Pacific,2022-11-12,Standard,13.79,Carrier Billing,Yes,Monthly,6.5,Sci-Fi,2,5,1,1,1,38,Churned,Switched to competitor
CUST_5765,43,Female,Europe,2024-12-28,Standard,14.17,Credit Card,No,Monthly,4.8,Thriller,4,4,5,0,3,22,Churned,Payment issues
CUST_5766,26,Male,Europe,2021-01-03,Basic,8.26,PayPal,No,Annual,8.0,Anime,1,6,6,0,3,19,Active,Not Churned
CUST_5767,40,Female,Asia Pacific,2023-12-15,Standard,13.59,Digital Wallet,Yes,Annual,12.0,Comedy,4,4,12,3,3,36,Active,Not Churned
CUST_5768,42,Male,Asia Pacific,2024-11-15,Standard,13.54,Carrier Billing,Yes,Annual,2.1,Action,4,3,0,0,0,24,Active,Not Churned
CUST_5769,56,Male,Latin America,2024-07-18,Basic,8.32,PayPal,No,Monthly,6.4,Anime,3,8,3,1,0,29,Active,Not Churned
CUST_5770,52,Male,Middle East & Africa,2022-03-10,Standard,13.51,Direct Debit,Yes,Monthly,8.2,Family,4,6,2,0,0,17,Active,Not Churned
CUST_5771,42,Female,North America,2021-08-11,Standard,14.18,Credit Card,No,Monthly,7.6,Comedy,1,5,4,2,2,26,Active,Not Churned
CUST_5772,31,Other,Middle East & Africa,2023-12-15,Standard,14.56,Digital Wallet,Yes,Monthly,3.6,Sci-Fi,3,2,5,1,1,30,Active,Not Churned
CUST_5773,36,Male,Asia Pacific,2025-12-28,Basic,8.56,PayPal,No,Monthly,6.4,Sci-Fi,2,6,0,0,0,11,Active,Not Churned
CUST_5774,38,Female,Europe,2021-04-27,Standard,14.25,Carrier Billing,Yes,Annual,8.3,Action,3,5,5,0,0,11,Active,Not Churned
CUST_5775,28,Male,North America,2025-12-06,Basic,8.24,PayPal,Yes,Monthly,4.5,Action,1,6,6,2,1,12,Active,Not Churned
CUST_5776,41,Female,Asia Pacific,2021-01-27,Basic,8.78,Direct Debit,Yes,Monthly,9.8,Family,6,5,7,0,3,2,Active,Not Churned
CUST_5777,42,Female,Asia Pacific,2022-08-23,Standard,13.17,PayPal,Yes,Monthly,14.3,Documentary,2,8,10,0,1,16,Active,Not Churned
CUST_5778,42,Female,Middle East & Africa,2025-09-14,Basic,7.83,Credit Card,Yes,Monthly,13.9,Family,5,7,5,1,4,16,Active,Not Churned
CUST_5779,23,Male,Europe,2023-05-28,Basic,8.29,PayPal,Yes,Monthly,5.3,Family,5,7,5,1,2,17,Active,Not Churned
CUST_5780,34,Male,Asia Pacific,2025-08-05,Standard,13.87,Digital Wallet,Yes,Annual,11.8,Family,2,7,9,1,1,27,Active,Not Churned
CUST_5781,44,Female,Asia Pacific,2023-05-17,Basic,8.42,Credit Card,Yes,Annual,10.6,Drama,2,6,7,0,2,15,Active,Not Churned
CUST_5782,42,Male,Latin America,2022-03-21,Premium,19.98,Credit Card,Yes,Annual,24.3,Sci-Fi,4,10,16,2,2,22,Active,Not Churned
CUST_5783,33,Male,Latin America,2024-12-12,Premium,20.04,Credit Card,Yes,Annual,13.2,Comedy,3,6,8,2,3,15,Active,Not Churned
CUST_5784,34,Female,Latin America,2025-10-10,Standard,13.89,Direct Debit,Yes,Annual,12.3,Anime,4,9,7,1,2,13,Active,Not Churned
CUST_5785,30,Male,Europe,2023-01-25,Premium,19.81,Credit Card,Yes,Monthly,17.2,Thriller,3,11,8,0,1,24,Active,Not Churned
CUST_5786,40,Female,Asia Pacific,2021-07-10,Premium,19.8,Digital Wallet,Yes,Monthly,5.5,Family,5,3,8,2,2,26,Churned,Payment issues
CUST_5787,18,Male,Asia Pacific,2021-05-13,Basic,8.08,Credit Card,Yes,Monthly,8.6,Action,2,5,3,0,2,33,Active,Not Churned
CUST_5788,25,Male,Middle East & Africa,2021-12-02,Standard,13.72,PayPal,Yes,Annual,21.2,Documentary,2,15,14,0,0,19,Active,Not Churned
CUST_5789,29,Female,Asia Pacific,2021-02-09,Basic,8.32,Digital Wallet,No,Monthly,20.7,Thriller,3,17,19,1,0,0,Active,Not Churned
CUST_5790,40,Female,North America,2023-04-05,Standard,14.22,Credit Card,Yes,Monthly,7.1,Thriller,3,7,9,0,0,12,Active,Not Churned
CUST_5791,49,Male,Latin America,2024-07-30,Standard,14.37,Credit Card,Yes,Monthly,20.8,Drama,3,15,15,2,1,0,Active,Not Churned
CUST_5792,38,Male,Europe,2024-03-08,Basic,7.59,Direct Debit,Yes,Annual,7.0,Action,3,8,7,2,1,21,Active,Not Churned
CUST_5793,22,Female,Asia Pacific,2024-11-05,Basic,7.4,Credit Card,Yes,Monthly,10.0,Comedy,4,10,7,0,1,16,Active,Not Churned
CUST_5794,32,Female,Latin America,2022-10-11,Premium,19.99,PayPal,Yes,Monthly,4.6,Comedy,3,3,2,1,3,35,Active,Not Churned
CUST_5795,25,Male,Middle East & Africa,2022-11-03,Basic,9.0,Credit Card,Yes,Annual,17.7,Thriller,2,9,11,0,4,30,Active,Not Churned
CUST_5796,32,Female,Latin America,2023-03-23,Basic,8.43,PayPal,Yes,Annual,6.8,Family,3,8,7,0,1,9,Active,Not Churned
CUST_5797,25,Male,Europe,2025-01-28,Basic,7.8,Credit Card,Yes,Monthly,3.0,Thriller,5,1,5,1,1,43,Churned,Switched to competitor
CUST_5798,30,Male,North America,2021-08-03,Standard,14.14,Digital Wallet,Yes,Monthly,8.4,Drama,3,4,9,1,2,24,Active,Not Churned
CUST_5799,26,Female,Middle East & Africa,2021-02-06,Premium,20.24,Credit Card,Yes,Monthly,3.1,Comedy,3,1,7,2,1,33,Active,Not Churned
CUST_5800,55,Female,North America,2025-10-17,Standard,13.51,Digital Wallet,Yes,Monthly,12.9,Thriller,5,8,9,1,0,15,Active,Not Churned
CUST_5801,38,Male,North America,2023-05-22,Standard,14.47,Carrier Billing,Yes,Monthly,16.6,Comedy,4,6,12,0,1,15,Active,Not Churned
CUST_5802,25,Female,Middle East & Africa,2021-08-26,Basic,7.93,Carrier Billing,Yes,Monthly,4.2,Action,4,1,0,0,0,18,Active,Not Churned
CUST_5803,34,Male,Europe,2024-09-27,Basic,7.96,Direct Debit,Yes,Annual,4.1,Sci-Fi,5,2,11,1,1,29,Active,Not Churned
CUST_5804,52,Female,North America,2021-04-28,Standard,14.0,Digital Wallet,Yes,Monthly,12.4,Documentary,3,6,8,1,0,13,Active,Not Churned
CUST_5805,43,Female,Asia Pacific,2022-08-03,Premium,20.39,Carrier Billing,Yes,Monthly,14.5,Thriller,4,11,12,1,2,13,Active,Not Churned
CUST_5806,32,Female,Europe,2021-09-29,Standard,13.73,PayPal,No,Monthly,6.2,Thriller,3,5,4,1,1,20,Active,Not Churned
CUST_5807,28,Male,Europe,2024-03-11,Standard,13.39,Carrier Billing,Yes,Monthly,5.3,Drama,7,5,4,0,2,21,Churned,Too expensive
CUST_5808,37,Male,Asia Pacific,2022-02-02,Standard,14.1,Digital Wallet,No,Monthly,15.0,Sci-Fi,3,10,10,1,1,2,Active,Not Churned
CUST_5809,29,Male,Middle East & Africa,2024-04-02,Standard,13.27,Carrier Billing,Yes,Monthly,3.5,Action,5,3,0,0,1,3,Active,Not Churned
CUST_5810,46,Male,North America,2021-06-26,Standard,13.88,Direct Debit,Yes,Monthly,6.9,Action,4,7,0,0,2,26,Churned,Technical issues
CUST_5811,60,Male,North America,2021-12-04,Standard,14.41,Digital Wallet,Yes,Monthly,5.2,Thriller,2,5,8,0,1,30,Active,Not Churned
CUST_5812,36,Male,Latin America,2022-06-07,Standard,14.19,PayPal,Yes,Monthly,12.3,Drama,6,7,10,1,0,0,Active,Not Churned
CUST_5813,35,Female,North America,2024-12-13,Standard,14.35,Credit Card,No,Monthly,5.4,Documentary,3,1,2,2,1,34,Churned,Switched to competitor
CUST_5814,22,Female,Middle East & Africa,2021-04-10,Premium,20.21,Credit Card,Yes,Monthly,17.4,Documentary,5,11,13,1,1,14,Active,Not Churned
CUST_5815,50,Male,Europe,2021-05-26,Standard,14.83,Direct Debit,Yes,Monthly,6.7,Drama,2,3,8,1,1,17,Active,Not Churned
CUST_5816,40,Female,Asia Pacific,2022-01-08,Basic,7.78,Credit Card,Yes,Annual,10.4,Action,1,7,6,1,1,26,Churned,Too expensive
CUST_5817,18,Male,North America,2025-05-16,Basic,8.13,Credit Card,Yes,Annual,4.8,Comedy,2,4,6,1,1,32,Churned,Technical issues
CUST_5818,38,Female,Europe,2022-01-25,Standard,13.84,Credit Card,No,Monthly,9.9,Sci-Fi,5,4,10,2,0,31,Active,Not Churned
CUST_5819,34,Male,Asia Pacific,2024-04-24,Standard,14.32,Credit Card,Yes,Annual,5.9,Comedy,4,5,1,3,2,39,Active,Not Churned
CUST_5820,36,Male,Middle East & Africa,2021-01-20,Standard,13.97,Direct Debit,Yes,Monthly,4.6,Comedy,4,4,6,2,0,31,Active,Not Churned
CUST_5821,30,Male,Europe,2025-03-28,Standard,14.59,Credit Card,Yes,Annual,13.2,Action,6,8,10,5,2,18,Active,Not Churned
CUST_5822,35,Male,Middle East & Africa,2021-06-13,Basic,7.8,Direct Debit,Yes,Monthly,4.7,Anime,5,4,10,2,1,26,Active,Not Churned
CUST_5823,24,Male,North America,2022-07-05,Standard,14.48,Credit Card,Yes,Monthly,5.5,Sci-Fi,4,3,7,0,1,28,Active,Not Churned
CUST_5824,35,Male,North America,2024-05-28,Standard,14.2,Credit Card,Yes,Monthly,9.4,Family,1,7,6,0,2,31,Churned,Low usage
CUST_5825,42,Other,Latin America,2024-12-27,Standard,13.98,Carrier Billing,Yes,Monthly,10.4,Action,4,5,7,3,1,23,Active,Not Churned
CUST_5826,32,Male,Asia Pacific,2024-11-14,Standard,14.18,Carrier Billing,Yes,Monthly,4.5,Sci-Fi,4,2,11,0,1,22,Active,Not Churned
CUST_5827,27,Male,North America,2021-03-21,Basic,8.08,Direct Debit,Yes,Monthly,11.0,Sci-Fi,4,8,7,0,2,7,Active,Not Churned
CUST_5828,49,Female,North America,2022-02-28,Standard,14.11,Credit Card,No,Annual,5.7,Sci-Fi,3,6,7,3,0,28,Active,Not Churned
CUST_5829,46,Male,Latin America,2021-05-27,Premium,19.92,Credit Card,Yes,Monthly,5.1,Action,3,5,4,3,0,25,Active,Not Churned
CUST_5830,24,Female,North America,2024-07-14,Premium,19.74,PayPal,Yes,Monthly,8.7,Drama,2,5,10,2,1,18,Active,Not Churned
CUST_5831,30,Female,Asia Pacific,2022-04-24,Standard,13.87,Carrier Billing,Yes,Monthly,7.4,Action,2,2,9,3,3,39,Churned,Technical issues
CUST_5832,35,Other,Latin America,2023-01-14,Basic,7.4,PayPal,Yes,Annual,10.5,Drama,3,9,8,1,2,15,Active,Not Churned
CUST_5833,37,Female,Asia Pacific,2023-07-03,Standard,14.28,Carrier Billing,Yes,Monthly,23.4,Sci-Fi,2,10,14,2,3,10,Active,Not Churned
CUST_5834,41,Female,Middle East & Africa,2022-09-12,Standard,13.56,Direct Debit,No,Monthly,9.3,Thriller,4,7,6,2,1,30,Churned,Lack of content
CUST_5835,31,Female,North America,2023-05-28,Basic,7.91,Digital Wallet,Yes,Monthly,11.3,Comedy,3,11,3,0,2,0,Active,Not Churned
CUST_5836,25,Male,Europe,2024-06-29,Premium,20.22,Direct Debit,Yes,Monthly,4.5,Comedy,1,4,5,3,0,26,Active,Not Churned
CUST_5837,37,Male,North America,2024-12-19,Basic,8.28,Credit Card,Yes,Monthly,15.8,Sci-Fi,2,10,11,1,1,14,Active,Not Churned
CUST_5838,27,Female,Europe,2025-02-09,Basic,7.37,Credit Card,Yes,Monthly,7.4,Anime,2,6,4,1,1,10,Active,Not Churned
CUST_5839,40,Female,Latin America,2021-09-02,Basic,7.96,Credit Card,Yes,Annual,3.3,Documentary,4,4,0,0,1,26,Active,Not Churned
CUST_5840,40,Male,Middle East & Africa,2023-12-15,Basic,8.15,Credit Card,No,Annual,15.4,Comedy,2,13,11,0,0,1,Active,Not Churned
CUST_5841,52,Female,North America,2025-12-08,Premium,20.01,Credit Card,Yes,Monthly,9.6,Drama,3,5,8,2,1,36,Active,Not Churned
CUST_5842,48,Male,Europe,2023-07-29,Standard,14.46,Carrier Billing,Yes,Annual,14.7,Sci-Fi,1,7,11,0,3,29,Active,Not Churned
CUST_5843,41,Female,Europe,2024-03-15,Basic,7.7,Credit Card,No,Monthly,24.2,Anime,2,13,12,1,1,11,Active,Not Churned
CUST_5844,31,Male,North America,2023-04-27,Standard,13.27,PayPal,Yes,Annual,3.4,Drama,2,6,5,1,1,4,Churned,Payment issues
CUST_5845,26,Female,North America,2022-08-16,Standard,14.27,Digital Wallet,Yes,Monthly,5.5,Action,5,3,4,1,0,21,Active,Not Churned
CUST_5846,45,Female,Latin America,2022-07-22,Basic,7.8,Credit Card,Yes,Monthly,12.6,Thriller,6,9,12,2,1,13,Active,Not Churned
CUST_5847,38,Male,Middle East & Africa,2024-10-17,Basic,7.37,Direct Debit,Yes,Annual,8.0,Family,4,7,3,0,1,27,Active,Not Churned
CUST_5848,26,Male,North America,2024-12-19,Standard,13.93,PayPal,Yes,Monthly,1.9,Documentary,2,4,6,0,0,23,Active,Not Churned
CUST_5849,36,Male,Middle East & Africa,2022-04-22,Basic,8.42,Digital Wallet,No,Annual,6.3,Thriller,3,6,10,0,0,20,Active,Not Churned
CUST_5850,33,Female,Latin America,2024-10-08,Standard,13.55,Digital Wallet,Yes,Monthly,7.6,Family,2,8,7,2,1,26,Active,Not Churned
CUST_5851,31,Female,Europe,2022-03-22,Basic,8.81,Digital Wallet,Yes,Monthly,7.6,Drama,3,6,7,1,3,36,Active,Not Churned
CUST_5852,36,Female,Asia Pacific,2024-11-11,Standard,13.7,Credit Card,No,Monthly,5.4,Drama,2,3,7,1,0,35,Active,Not Churned
CUST_5853,28,Female,Europe,2022-01-19,Premium,20.02,Digital Wallet,No,Monthly,20.1,Anime,4,12,10,1,2,17,Active,Not Churned
CUST_5854,22,Female,North America,2025-05-21,Basic,7.56,Carrier Billing,Yes,Monthly,2.5,Family,2,2,2,0,0,23,Active,Not Churned
CUST_5855,53,Male,North America,2024-07-02,Basic,8.0,PayPal,No,Monthly,10.0,Anime,7,11,8,0,1,15,Active,Not Churned
CUST_5856,32,Male,Asia Pacific,2025-08-06,Premium,19.94,Direct Debit,Yes,Monthly,7.5,Family,3,4,12,3,0,25,Active,Not Churned
CUST_5857,40,Female,North America,2025-06-10,Standard,13.47,Credit Card,No,Monthly,6.0,Family,2,5,2,0,4,33,Churned,Low usage
CUST_5858,19,Male,Latin America,2025-07-21,Standard,14.98,Carrier Billing,Yes,Monthly,17.4,Thriller,2,7,16,2,3,20,Active,Not Churned
CUST_5859,21,Male,Asia Pacific,2021-11-10,Basic,7.82,Credit Card,Yes,Annual,6.7,Anime,5,5,5,0,2,30,Active,Not Churned
CUST_5860,25,Female,Asia Pacific,2024-08-14,Basic,7.82,PayPal,Yes,Monthly,10.1,Documentary,3,6,7,2,2,24,Active,Not Churned
CUST_5861,25,Male,Asia Pacific,2022-10-08,Standard,14.33,Direct Debit,Yes,Annual,13.8,Documentary,3,10,13,1,0,15,Active,Not Churned
CUST_5862,24,Male,Asia Pacific,2022-10-22,Premium,20.62,Carrier Billing,No,Monthly,10.2,Sci-Fi,6,8,14,1,1,9,Active,Not Churned
CUST_5863,25,Other,Middle East & Africa,2024-11-11,Basic,8.38,Carrier Billing,Yes,Monthly,16.9,Action,3,13,13,0,1,6,Active,Not Churned
CUST_5864,42,Female,Asia Pacific,2024-07-07,Standard,13.57,Direct Debit,Yes,Annual,3.8,Action,2,6,8,0,2,25,Active,Not Churned
CUST_5865,27,Male,Europe,2025-12-18,Standard,14.06,Credit Card,Yes,Annual,11.1,Action,3,7,5,1,0,16,Active,Not Churned
CUST_5866,18,Male,Latin America,2025-07-23,Basic,7.33,Carrier Billing,Yes,Annual,22.9,Sci-Fi,4,11,13,5,1,1,Active,Not Churned
CUST_5867,35,Male,Europe,2024-08-28,Basic,8.31,Credit Card,Yes,Monthly,9.9,Comedy,5,5,3,1,3,18,Active,Not Churned
CUST_5868,29,Female,Middle East & Africa,2021-10-13,Basic,7.42,Carrier Billing,Yes,Monthly,2.1,Action,5,3,2,1,0,27,Churned,Too expensive
CUST_5869,49,Other,Europe,2025-04-25,Standard,13.71,Credit Card,No,Monthly,11.4,Documentary,2,7,10,0,1,29,Active,Not Churned
CUST_5870,33,Male,Europe,2021-06-11,Standard,13.99,PayPal,Yes,Annual,19.2,Anime,2,12,13,1,2,11,Active,Not Churned
CUST_5871,47,Female,North America,2025-02-21,Standard,14.15,PayPal,Yes,Annual,7.0,Sci-Fi,2,4,11,0,1,20,Churned,Switched to competitor
CUST_5872,32,Male,Europe,2024-03-01,Basic,7.9,Direct Debit,No,Monthly,6.3,Family,3,7,12,1,1,27,Churned,Lack of content
CUST_5873,28,Female,Asia Pacific,2021-10-24,Standard,14.52,Direct Debit,Yes,Monthly,13.0,Comedy,1,5,9,3,1,25,Active,Not Churned
CUST_5874,40,Female,North America,2023-09-15,Standard,14.24,Credit Card,Yes,Annual,11.7,Sci-Fi,2,6,6,1,2,28,Active,Not Churned
CUST_5875,22,Male,Middle East & Africa,2021-12-05,Standard,14.22,Credit Card,No,Monthly,9.1,Thriller,2,4,10,1,0,21,Active,Not Churned
CUST_5876,45,Female,Asia Pacific,2022-05-20,Standard,13.56,Direct Debit,Yes,Monthly,5.6,Family,4,4,9,1,1,22,Active,Not Churned
CUST_5877,30,Other,Latin America,2022-04-19,Basic,8.58,Credit Card,Yes,Monthly,5.9,Anime,4,7,7,1,0,23,Churned,Too expensive
CUST_5878,18,Female,North America,2022-10-09,Standard,13.71,Digital Wallet,No,Monthly,4.7,Sci-Fi,5,3,7,1,2,33,Active,Not Churned
CUST_5879,39,Female,Europe,2025-09-12,Standard,14.6,Digital Wallet,Yes,Monthly,2.6,Drama,1,3,5,2,1,25,Churned,Lack of content
CUST_5880,32,Male,Europe,2022-02-20,Standard,14.7,Credit Card,Yes,Monthly,16.5,Action,2,11,8,0,2,5,Active,Not Churned
CUST_5881,22,Male,Asia Pacific,2025-12-18,Basic,8.17,Direct Debit,Yes,Monthly,12.7,Thriller,3,7,5,0,0,5,Churned,Too expensive
CUST_5882,38,Male,Asia Pacific,2024-05-29,Standard,14.35,Credit Card,Yes,Monthly,12.6,Comedy,2,8,9,1,0,5,Active,Not Churned
CUST_5883,29,Male,Europe,2022-12-18,Standard,12.91,Credit Card,No,Monthly,12.5,Family,3,8,8,2,0,13,Active,Not Churned
CUST_5884,41,Male,Latin America,2024-11-02,Basic,7.92,Credit Card,No,Annual,7.1,Sci-Fi,6,3,7,3,1,31,Active,Not Churned
CUST_5885,33,Female,Asia Pacific,2025-05-29,Premium,20.38,Carrier Billing,No,Monthly,8.5,Drama,3,5,6,2,0,10,Active,Not Churned
CUST_5886,39,Male,Europe,2022-01-06,Premium,20.31,Credit Card,No,Monthly,5.3,Action,3,5,0,0,0,9,Active,Not Churned
CUST_5887,31,Female,Middle East & Africa,2022-04-05,Basic,7.56,Credit Card,No,Monthly,13.3,Sci-Fi,1,10,3,1,1,17,Active,Not Churned
CUST_5888,19,Female,North America,2023-02-24,Standard,13.89,Direct Debit,Yes,Monthly,31.3,Family,5,19,21,0,4,14,Active,Not Churned
CUST_5889,43,Male,Asia Pacific,2022-12-02,Standard,13.1,Credit Card,Yes,Monthly,11.1,Documentary,3,11,6,1,1,20,Active,Not Churned
CUST_5890,27,Male,Latin America,2021-09-04,Premium,20.13,Credit Card,Yes,Annual,16.4,Sci-Fi,4,11,10,0,0,0,Active,Not Churned
CUST_5891,18,Female,Asia Pacific,2024-10-26,Basic,7.33,Digital Wallet,No,Annual,14.5,Action,2,8,8,1,0,19,Active,Not Churned
CUST_5892,30,Other,Asia Pacific,2021-04-12,Basic,8.39,Carrier Billing,Yes,Monthly,19.2,Sci-Fi,4,11,10,0,1,18,Active,Not Churned
CUST_5893,27,Male,North America,2021-10-31,Standard,14.4,Direct Debit,No,Monthly,5.2,Drama,1,4,2,1,1,21,Active,Not Churned
CUST_5894,43,Male,North America,2021-04-20,Basic,7.82,PayPal,No,Monthly,2.6,Sci-Fi,5,2,6,0,1,25,Active,Not Churned
CUST_5895,27,Female,Asia Pacific,2023-09-28,Standard,14.17,Direct Debit,Yes,Monthly,9.8,Drama,3,7,7,0,0,19,Active,Not Churned
CUST_5896,33,Male,Europe,2023-01-06,Standard,13.91,PayPal,Yes,Monthly,8.2,Action,2,6,8,1,0,23,Active,Not Churned
CUST_5897,39,Male,Europe,2025-11-25,Basic,8.07,Credit Card,Yes,Monthly,29.1,Family,4,14,20,0,1,9,Churned,Low usage
CUST_5898,35,Male,Europe,2025-01-09,Standard,13.59,PayPal,Yes,Monthly,4.7,Documentary,1,6,6,1,0,24,Active,Not Churned
CUST_5899,44,Female,North America,2022-07-25,Premium,20.21,Direct Debit,Yes,Monthly,24.7,Family,3,11,18,2,0,13,Active,Not Churned
CUST_5900,45,Male,Asia Pacific,2022-09-12,Premium,19.42,PayPal,Yes,Monthly,9.5,Drama,2,6,7,1,3,20,Active,Not Churned
CUST_5901,25,Female,Europe,2021-01-06,Standard,13.35,PayPal,Yes,Annual,4.4,Sci-Fi,2,6,9,1,2,20,Active,Not Churned
CUST_5902,38,Female,North America,2024-06-12,Basic,7.95,Digital Wallet,Yes,Monthly,20.3,Comedy,3,13,16,3,2,8,Active,Not Churned
CUST_5903,50,Female,Middle East & Africa,2021-08-09,Basic,7.92,Credit Card,No,Monthly,4.6,Drama,4,3,7,1,2,25,Active,Not Churned
CUST_5904,25,Male,Asia Pacific,2023-10-21,Premium,20.09,PayPal,Yes,Annual,16.5,Sci-Fi,5,13,8,0,0,10,Churned,Switched to competitor
CUST_5905,22,Female,North America,2023-12-11,Standard,13.76,Credit Card,Yes,Annual,10.0,Family,4,6,8,2,0,15,Active,Not Churned
CUST_5906,41,Female,Asia Pacific,2023-01-09,Standard,14.65,PayPal,Yes,Annual,23.3,Comedy,3,10,9,1,0,20,Active,Not Churned
CUST_5907,26,Female,Latin America,2025-06-22,Premium,20.05,Credit Card,Yes,Monthly,18.3,Drama,4,11,16,2,0,5,Active,Not Churned
CUST_5908,54,Other,Europe,2021-11-05,Basic,8.07,Credit Card,Yes,Monthly,7.4,Action,3,2,4,0,1,28,Active,Not Churned
CUST_5909,31,Male,Middle East & Africa,2022-06-01,Standard,14.06,Credit Card,No,Monthly,21.1,Action,5,11,12,1,0,17,Active,Not Churned
CUST_5910,25,Male,Asia Pacific,2021-11-28,Basic,8.34,Direct Debit,Yes,Monthly,11.2,Sci-Fi,2,8,4,0,4,25,Active,Not Churned
CUST_5911,29,Female,Europe,2023-05-01,Basic,8.19,PayPal,No,Monthly,8.5,Anime,5,5,7,1,0,8,Active,Not Churned
CUST_5912,48,Male,Asia Pacific,2024-03-25,Standard,14.14,Digital Wallet,Yes,Monthly,9.9,Thriller,3,7,7,4,0,22,Active,Not Churned
CUST_5913,21,Male,Asia Pacific,2021-05-01,Standard,14.25,Digital Wallet,Yes,Monthly,15.5,Comedy,4,7,16,1,2,16,Active,Not Churned
CUST_5914,31,Male,Middle East & Africa,2022-08-20,Premium,19.35,Digital Wallet,Yes,Monthly,9.2,Documentary,5,8,10,0,4,13,Active,Not Churned
CUST_5915,31,Female,Middle East & Africa,2021-03-26,Basic,7.36,Direct Debit,Yes,Monthly,5.9,Action,4,1,4,2,0,30,Active,Not Churned
CUST_5916,18,Male,Asia Pacific,2024-06-14,Premium,19.96,PayPal,Yes,Annual,7.0,Action,5,7,1,1,0,9,Active,Not Churned
CUST_5917,29,Male,Asia Pacific,2024-10-03,Standard,13.92,Direct Debit,Yes,Annual,11.0,Thriller,6,6,1,0,0,20,Active,Not Churned
CUST_5918,32,Male,North America,2024-01-14,Standard,14.19,Credit Card,Yes,Monthly,6.0,Drama,2,7,2,1,3,33,Churned,Low usage
CUST_5919,25,Female,Latin America,2022-09-21,Premium,20.0,Credit Card,Yes,Annual,17.0,Documentary,2,8,7,1,1,20,Active,Not Churned
CUST_5920,41,Female,Latin America,2024-05-10,Standard,14.19,Credit Card,Yes,Monthly,7.7,Thriller,4,9,7,1,2,16,Active,Not Churned
CUST_5921,42,Male,Middle East & Africa,2021-08-11,Standard,13.55,Carrier Billing,No,Annual,12.4,Family,6,6,8,1,2,22,Active,Not Churned
CUST_5922,35,Female,North America,2024-06-05,Basic,7.99,Credit Card,Yes,Annual,16.9,Drama,3,7,11,0,0,23,Active,Not Churned
CUST_5923,22,Male,Asia Pacific,2025-04-09,Basic,7.52,Digital Wallet,Yes,Monthly,19.6,Thriller,3,11,10,1,1,10,Active,Not Churned
CUST_5924,25,Male,Middle East & Africa,2023-03-26,Premium,20.13,Direct Debit,No,Annual,11.7,Drama,4,10,9,0,0,8,Active,Not Churned
CUST_5925,45,Male,Asia Pacific,2024-08-10,Standard,13.33,Digital Wallet,Yes,Monthly,2.4,Drama,3,4,0,1,0,16,Churned,Too expensive
CUST_5926,57,Female,Europe,2023-01-15,Basic,8.11,Direct Debit,Yes,Annual,1.8,Anime,4,4,3,0,2,19,Active,Not Churned
CUST_5927,43,Female,North America,2023-07-02,Basic,7.48,Credit Card,Yes,Monthly,14.7,Action,2,10,13,0,1,19,Active,Not Churned
CUST_5928,39,Female,Middle East & Africa,2024-03-22,Standard,13.86,PayPal,No,Annual,5.0,Documentary,4,3,4,1,0,21,Churned,Low usage
CUST_5929,24,Female,Asia Pacific,2022-07-04,Standard,14.3,Credit Card,No,Annual,7.5,Thriller,1,7,7,2,1,24,Churned,Lack of content
CUST_5930,35,Female,Latin America,2025-09-21,Basic,8.07,Credit Card,Yes,Monthly,16.0,Thriller,4,10,5,1,1,19,Active,Not Churned
CUST_5931,21,Male,North America,2023-04-28,Standard,13.41,Direct Debit,No,Monthly,6.7,Action,1,4,0,1,2,20,Active,Not Churned
CUST_5932,40,Female,Asia Pacific,2023-12-22,Standard,13.75,Credit Card,Yes,Monthly,4.1,Action,6,4,5,1,1,19,Active,Not Churned
CUST_5933,30,Female,Middle East & Africa,2021-07-17,Premium,19.46,PayPal,Yes,Monthly,9.0,Sci-Fi,4,6,10,1,0,23,Active,Not Churned
CUST_5934,22,Female,Asia Pacific,2025-04-17,Basic,7.4,PayPal,Yes,Annual,13.1,Documentary,4,11,8,2,0,13,Active,Not Churned
CUST_5935,29,Female,Europe,2023-04-28,Standard,14.03,Credit Card,No,Monthly,6.6,Documentary,5,4,12,1,2,25,Active,Not Churned
CUST_5936,38,Male,Europe,2022-02-13,Basic,8.19,Credit Card,Yes,Annual,12.0,Action,4,6,4,0,2,25,Churned,Technical issues
CUST_5937,36,Female,North America,2022-08-29,Standard,14.14,Digital Wallet,Yes,Annual,4.1,Documentary,3,2,2,0,2,36,Churned,Technical issues
CUST_5938,34,Male,North America,2021-06-02,Standard,14.2,Credit Card,Yes,Annual,5.6,Anime,2,8,6,2,0,17,Active,Not Churned
CUST_5939,37,Female,Europe,2021-12-11,Standard,13.99,Credit Card,Yes,Annual,7.7,Drama,2,4,8,1,1,21,Churned,Switched to competitor
CUST_5940,23,Female,Asia Pacific,2024-02-16,Basic,7.89,PayPal,Yes,Monthly,17.3,Drama,2,12,10,1,2,14,Active,Not Churned
CUST_5941,24,Male,Middle East & Africa,2025-04-30,Premium,19.61,Direct Debit,Yes,Monthly,8.4,Family,2,4,3,2,3,24,Active,Not Churned
CUST_5942,25,Male,Middle East & Africa,2022-11-13,Basic,7.84,PayPal,Yes,Monthly,5.8,Thriller,6,5,7,2,2,27,Active,Not Churned
CUST_5943,21,Female,North America,2021-05-07,Standard,13.53,Credit Card,Yes,Monthly,6.5,Drama,5,5,6,0,1,22,Active,Not Churned
CUST_5944,34,Female,Europe,2024-03-18,Premium,19.69,Credit Card,Yes,Monthly,14.0,Action,4,11,9,0,2,8,Active,Not Churned
CUST_5945,19,Male,North America,2025-10-24,Standard,14.02,Direct Debit,Yes,Monthly,14.5,Thriller,2,11,11,0,2,10,Active,Not Churned
CUST_5946,36,Male,Europe,2021-09-15,Premium,19.95,PayPal,Yes,Annual,18.8,Comedy,5,11,12,2,1,11,Active,Not Churned
CUST_5947,18,Male,Asia Pacific,2025-10-20,Standard,15.06,Direct Debit,Yes,Annual,25.4,Action,2,13,16,0,0,11,Active,Not Churned
CUST_5948,41,Female,Europe,2022-12-31,Premium,19.52,Credit Card,Yes,Monthly,12.3,Anime,4,11,8,1,0,5,Active,Not Churned
CUST_5949,36,Female,Latin America,2023-07-03,Standard,13.95,Credit Card,No,Monthly,6.0,Sci-Fi,4,3,3,2,1,22,Churned,Too expensive
CUST_5950,19,Female,North America,2025-05-28,Standard,13.49,Carrier Billing,Yes,Monthly,8.4,Drama,1,2,4,1,0,23,Active,Not Churned
CUST_5951,39,Other,Asia Pacific,2025-08-10,Basic,7.85,PayPal,Yes,Monthly,4.5,Family,3,1,3,1,1,34,Churned,Payment issues
CUST_5952,33,Male,Middle East & Africa,2022-06-03,Standard,13.87,PayPal,No,Monthly,9.9,Documentary,1,4,8,1,0,28,Churned,Payment issues
CUST_5953,45,Female,North America,2024-01-11,Basic,8.29,Credit Card,Yes,Annual,5.0,Drama,5,5,0,0,2,25,Active,Not Churned
CUST_5954,33,Male,Middle East & Africa,2025-11-06,Premium,19.83,Direct Debit,Yes,Annual,18.8,Family,5,15,15,0,0,8,Active,Not Churned
CUST_5955,18,Male,Latin America,2023-04-14,Basic,7.92,PayPal,Yes,Annual,9.9,Comedy,2,3,8,2,0,34,Active,Not Churned
CUST_5956,30,Male,Europe,2023-11-22,Basic,7.84,Credit Card,Yes,Annual,19.9,Drama,4,10,10,0,1,14,Active,Not Churned
CUST_5957,32,Male,Europe,2024-02-03,Premium,19.5,Direct Debit,No,Monthly,15.5,Action,5,9,15,0,0,7,Active,Not Churned
CUST_5958,29,Male,North America,2024-11-26,Basic,7.76,Direct Debit,Yes,Monthly,12.8,Anime,4,11,9,2,4,19,Active,Not Churned
CUST_5959,39,Female,Asia Pacific,2023-05-26,Standard,13.86,Credit Card,No,Monthly,4.0,Anime,2,2,0,2,1,19,Churned,Lack of content
CUST_5960,44,Female,Asia Pacific,2022-10-03,Standard,14.02,Direct Debit,Yes,Monthly,12.7,Sci-Fi,4,9,14,1,0,17,Active,Not Churned
CUST_5961,39,Other,North America,2021-12-25,Basic,8.19,Direct Debit,Yes,Monthly,24.4,Sci-Fi,4,13,19,2,0,5,Active,Not Churned
CUST_5962,24,Female,Asia Pacific,2023-04-22,Basic,7.91,Direct Debit,Yes,Monthly,6.5,Sci-Fi,5,9,3,1,2,19,Active,Not Churned
CUST_5963,37,Male,Middle East & Africa,2021-01-26,Standard,13.9,Direct Debit,No,Monthly,16.0,Action,5,10,10,2,0,13,Active,Not Churned
CUST_5964,33,Male,Middle East & Africa,2023-02-13,Basic,7.39,Credit Card,Yes,Annual,2.7,Sci-Fi,4,3,2,1,1,24,Active,Not Churned
CUST_5965,26,Female,Latin America,2022-08-22,Basic,8.18,PayPal,Yes,Monthly,4.0,Family,2,4,0,3,3,32,Churned,Too expensive
CUST_5966,48,Female,North America,2024-10-03,Basic,7.75,Carrier Billing,Yes,Annual,8.0,Thriller,1,5,7,2,2,25,Active,Not Churned
CUST_5967,35,Other,Europe,2021-11-25,Standard,14.25,Carrier Billing,No,Monthly,6.5,Anime,3,6,8,2,0,16,Active,Not Churned
CUST_5968,26,Male,Asia Pacific,2021-10-10,Basic,8.45,Carrier Billing,Yes,Annual,5.0,Family,4,2,7,1,2,22,Active,Not Churned
CUST_5969,33,Female,North America,2023-08-01,Basic,7.92,Carrier Billing,Yes,Monthly,5.9,Family,5,1,5,1,0,30,Active,Not Churned
CUST_5970,36,Female,Middle East & Africa,2023-05-27,Standard,13.63,Carrier Billing,Yes,Monthly,11.9,Documentary,2,7,11,1,0,9,Active,Not Churned
CUST_5971,51,Male,Asia Pacific,2023-02-04,Standard,13.98,PayPal,Yes,Monthly,16.1,Action,5,11,7,3,1,27,Active,Not Churned
CUST_5972,39,Male,Europe,2021-03-21,Basic,8.11,Credit Card,Yes,Monthly,11.8,Action,2,6,14,1,1,30,Churned,Technical issues
CUST_5973,27,Female,Middle East & Africa,2024-07-17,Basic,7.88,Digital Wallet,No,Monthly,12.2,Thriller,2,8,6,0,0,4,Active,Not Churned
CUST_5974,41,Female,Asia Pacific,2024-10-20,Premium,19.79,Direct Debit,Yes,Monthly,10.2,Anime,4,4,6,0,1,28,Churned,Too expensive
CUST_5975,35,Male,Latin America,2022-10-23,Standard,14.19,Credit Card,Yes,Monthly,4.7,Anime,2,6,3,1,1,29,Active,Not Churned
CUST_5976,18,Female,Asia Pacific,2021-03-26,Standard,14.16,Credit Card,No,Annual,8.5,Sci-Fi,4,7,5,0,1,14,Active,Not Churned
CUST_5977,21,Female,Middle East & Africa,2021-08-20,Standard,13.87,Direct Debit,Yes,Monthly,10.1,Action,2,7,7,2,1,23,Active,Not Churned
CUST_5978,26,Female,Latin America,2023-02-24,Basic,7.41,Direct Debit,Yes,Monthly,15.8,Action,3,10,10,0,1,12,Active,Not Churned
CUST_5979,24,Female,Middle East & Africa,2023-12-13,Premium,20.15,Credit Card,Yes,Monthly,23.7,Drama,6,11,15,1,0,16,Active,Not Churned
CUST_5980,23,Female,Middle East & Africa,2022-08-11,Premium,19.72,PayPal,Yes,Monthly,12.7,Anime,3,5,7,0,2,20,Active,Not Churned
CUST_5981,39,Male,Asia Pacific,2024-06-27,Premium,20.07,PayPal,Yes,Monthly,16.9,Sci-Fi,3,10,12,2,0,21,Active,Not Churned
CUST_5982,43,Female,Latin America,2022-08-30,Basic,8.04,PayPal,No,Annual,1.4,Action,2,3,0,0,2,26,Churned,Too expensive
CUST_5983,21,Male,Europe,2022-05-02,Basic,7.33,PayPal,Yes,Monthly,7.0,Comedy,3,6,8,4,3,26,Active,Not Churned
CUST_5984,33,Male,North America,2021-08-01,Basic,8.02,Credit Card,Yes,Monthly,8.2,Action,1,5,9,1,3,31,Active,Not Churned
CUST_5985,46,Female,Asia Pacific,2022-04-15,Basic,8.17,PayPal,Yes,Annual,11.6,Comedy,5,9,8,0,0,19,Active,Not Churned
CUST_5986,43,Male,North America,2024-09-19,Basic,8.21,Credit Card,No,Monthly,22.0,Sci-Fi,1,15,12,2,2,0,Active,Not Churned
CUST_5987,31,Female,North America,2022-11-20,Standard,14.03,Direct Debit,Yes,Monthly,11.0,Sci-Fi,5,7,9,2,0,0,Active,Not Churned
CUST_5988,29,Male,Asia Pacific,2022-02-20,Basic,7.3,PayPal,Yes,Monthly,2.4,Thriller,3,3,1,0,3,31,Churned,Too expensive
CUST_5989,49,Female,Europe,2021-10-08,Premium,20.44,Credit Card,No,Annual,14.3,Action,4,8,10,2,0,12,Active,Not Churned
CUST_5990,48,Female,North America,2023-07-05,Basic,8.13,Digital Wallet,Yes,Annual,6.6,Drama,2,5,5,1,1,14,Churned,Technical issues
CUST_5991,49,Male,Europe,2023-04-08,Basic,7.57,PayPal,No,Monthly,11.6,Sci-Fi,3,8,16,4,0,17,Active,Not Churned
CUST_5992,32,Male,Asia Pacific,2025-07-21,Premium,19.71,Credit Card,Yes,Monthly,14.9,Documentary,3,12,7,1,3,35,Active,Not Churned
CUST_5993,32,Female,Asia Pacific,2024-06-26,Standard,14.07,PayPal,Yes,Annual,3.0,Thriller,1,5,0,1,2,15,Active,Not Churned
CUST_5994,23,Female,Europe,2023-09-25,Standard,14.23,Direct Debit,No,Monthly,8.7,Sci-Fi,3,7,5,2,1,27,Churned,Too expensive
CUST_5995,37,Female,Asia Pacific,2023-10-06,Standard,13.82,Digital Wallet,No,Monthly,8.8,Family,1,5,2,1,0,16,Churned,Too expensive
CUST_5996,30,Male,Europe,2023-09-06,Basic,8.28,Digital Wallet,Yes,Monthly,10.2,Anime,5,5,5,1,1,13,Active,Not Churned
CUST_5997,34,Female,Asia Pacific,2023-04-21,Basic,7.36,Direct Debit,No,Monthly,5.2,Thriller,3,5,1,2,2,21,Active,Not Churned
CUST_5998,18,Female,North America,2021-09-18,Standard,13.63,Direct Debit,Yes,Monthly,5.0,Comedy,3,6,2,1,4,17,Churned,Lack of content
CUST_5999,30,Female,North America,2021-02-24,Standard,13.27,Credit Card,No,Monthly,22.5,Comedy,1,16,11,2,1,0,Active,Not Churned
CUST_6000,47,Female,Europe,2024-05-30,Standard,13.68,Credit Card,Yes,Annual,10.3,Thriller,1,2,11,3,3,29,Active,Not Churned
